Date,Open,High,Low,Close,Volume
2000-01-03,5209.54,5384.66,5209.54,5375.11,0
2000-01-04,5533.98,5533.98,5376.43,5491.01,0
2000-01-05,5265.09,5464.35,5184.48,5357.0,0
2000-01-06,5424.21,5489.86,5391.33,5421.53,0
2000-01-07,5358.28,5463.25,5330.58,5414.48,0
2000-01-10,5617.59,5668.28,5459.97,5518.39,0
2000-01-11,5513.04,5537.69,5221.28,5296.3,0
2000-01-12,5267.85,5494.3,5267.85,5491.2,0
2000-01-13,5568.64,5652.22,5430.81,5444.82,0
2000-01-14,5460.31,5476.38,5344.59,5471.27,0
2000-01-17,5617.7,5664.5,5404.07,5404.07,0
2000-01-18,5414.26,5465.54,5347.92,5464.51,0
2000-01-19,5496.68,5528.12,5460.68,5478.24,0
2000-01-20,5508.04,5516.16,5348.56,5355.8,0
2000-01-21,5352.63,5441.83,5330.08,5423.05,0
2000-01-24,5529.38,5583.22,5439.48,5458.06,0
2000-01-25,5412.49,5430.29,5351.22,5367.79,0
2000-01-26,5412.49,5430.29,5351.22,5367.79,0
2000-01-27,5424.14,5457.3,5362.25,5369.1,0
2000-01-28,5417.53,5417.53,5331.54,5335.8,0
2000-01-31,5338.67,5345.3,5186.32,5205.29,0
2000-02-01,5217.65,5232.84,5127.79,5215.54,0
2000-02-02,5264.62,5342.98,5264.62,5304.92,0
2000-02-03,5366.62,5381.74,5323.32,5340.19,0
2000-02-04,5394.0,5402.7,5313.59,5313.59,0
2000-02-07,5431.55,5518.29,5431.55,5474.0,0
2000-02-08,5585.38,5647.64,5585.38,5610.56,0
2000-02-09,5704.01,5756.87,5635.69,5649.1,0
2000-02-10,5765.28,5789.04,5715.05,5789.04,0
2000-02-11,5985.05,6005.85,5917.04,5933.56,0
2000-02-14,6130.23,6150.69,5923.17,5924.31,0
2000-02-15,5797.31,5941.88,5774.32,5803.19,0
2000-02-16,5782.2,5864.97,5711.75,5725.5,0
2000-02-17,5810.24,5877.04,5799.79,5835.15,0
2000-02-18,5894.19,5894.19,5681.98,5721.65,0
2000-02-21,5874.25,5941.9,5834.51,5874.89,0
2000-02-22,6000.3,6009.02,5864.79,5883.33,0
2000-02-23,6002.49,6033.98,5612.55,5642.46,0
2000-02-24,5764.16,5816.16,5620.83,5810.17,0
2000-02-25,5840.25,5840.25,5623.08,5623.08,0
2000-02-28,5737.53,5740.69,5580.05,5740.69,0
2000-02-29,5827.81,5903.49,5383.61,5447.47,0
2000-03-01,5464.65,5681.11,5341.61,5642.12,0
2000-03-02,5803.33,5828.79,5528.31,5528.31,0
2000-03-03,5602.94,5602.94,5362.8,5378.27,0
2000-03-06,5662.29,5692.97,5459.61,5520.69,0
2000-03-07,5674.99,5674.99,5525.89,5589.85,0
2000-03-08,5711.88,5783.51,5439.14,5511.42,0
2000-03-09,5579.87,5607.94,5278.68,5328.79,0
2000-03-10,5384.42,5478.97,5196.72,5301.78,0
2000-03-13,5372.82,5430.87,5100.62,5129.22,0
2000-03-14,5020.55,5177.55,4943.3,5175.71,0
2000-03-15,5067.42,5339.94,5045.99,5249.76,0
2000-03-16,5249.98,5301.44,5077.33,5102.41,0
2000-03-21,5177.59,5230.36,5085.53,5133.24,0
2000-03-22,5204.07,5247.28,5159.36,5201.87,0
2000-03-23,5314.32,5314.32,5088.1,5115.02,0
2000-03-24,5083.17,5203.93,5052.74,5141.42,0
2000-03-27,5203.16,5286.81,5126.35,5146.3,0
2000-03-28,5094.17,5156.23,5044.17,5156.12,0
2000-03-29,5233.76,5233.76,5080.45,5102.46,0
2000-03-30,4984.1,5058.44,4891.4,5041.08,0
2000-03-31,4892.43,5022.24,4867.23,5001.28,0
2000-04-03,5070.5,5085.0,4977.21,5052.94,0
2000-04-04,4907.41,4907.41,4666.95,4691.46,0
2000-04-05,4616.36,4852.45,4601.58,4757.06,0
2000-04-06,4899.45,4899.45,4608.11,4866.73,0
2000-04-07,4987.1,5222.8,4987.1,5219.2,0
2000-04-10,5481.49,5532.54,5435.35,5442.86,0
2000-04-11,5428.7,5541.82,5368.2,5541.54,0
2000-04-12,5502.42,5542.81,5416.19,5426.82,0
2000-04-13,5130.18,5205.69,5106.23,5172.13,0
2000-04-17,4797.95,4899.54,4797.95,4880.71,0
2000-04-18,4973.25,4981.42,4723.19,4745.47,0
2000-04-19,4884.81,4901.5,4571.12,4665.81,0
2000-04-20,4561.07,4698.34,4431.74,4657.42,0
2000-04-24,4723.27,4723.27,4509.09,4511.05,0
2000-04-25,4336.64,4552.48,4284.17,4533.99,0
2000-04-26,4692.78,4803.27,4626.39,4626.39,0
2000-04-27,4761.9,4799.26,4637.03,4679.63,0
2000-04-28,4767.89,4767.89,4625.0,4657.55,0
2000-05-02,4736.02,4737.68,4344.51,4372.22,0
2000-05-03,4200.74,4394.58,4109.66,4335.29,0
2000-05-04,4384.53,4568.54,4335.04,4553.92,0
2000-05-05,4600.64,4731.94,4590.13,4693.88,0
2000-05-08,4744.83,4757.89,4463.4,4463.4,0
2000-05-09,4365.26,4578.49,4351.14,4578.49,0
2000-05-10,4593.38,4593.38,4449.89,4458.4,0
2000-05-11,4324.19,4352.56,4198.17,4251.36,0
2000-05-12,4243.54,4267.87,4102.77,4107.14,0
2000-05-15,4024.66,4249.45,3912.95,4212.53,0
2000-05-16,4239.44,4247.19,4154.07,4230.13,0
2000-05-17,4306.01,4367.22,4195.19,4234.23,0
2000-05-18,4205.48,4254.35,4159.9,4192.44,0
2000-05-19,4149.39,4150.77,4026.64,4068.65,0
2000-05-22,3978.54,4015.38,3920.18,3920.18,0
2000-05-23,3878.82,3943.54,3831.86,3943.54,0
2000-05-24,3872.7,3981.46,3840.11,3933.65,0
2000-05-25,3962.98,4060.76,3961.02,3999.03,0
2000-05-26,3994.4,4097.6,3947.33,4084.71,0
2000-05-29,4082.91,4222.65,4064.46,4189.85,0
2000-05-30,4207.01,4318.65,4185.36,4311.77,0
2000-05-31,4434.99,4536.1,4416.88,4433.61,0
2000-06-01,4406.52,4412.2,4321.26,4325.47,0
2000-06-02,4381.7,4486.99,4381.7,4453.47,0
2000-06-05,4609.78,4705.49,4485.29,4531.53,0
2000-06-06,4555.18,4605.46,4488.23,4591.68,0
2000-06-07,4580.89,4650.88,4556.52,4604.84,0
2000-06-08,4656.0,4746.88,4656.0,4728.81,0
2000-06-09,4772.0,4797.59,4712.21,4729.63,0
2000-06-12,4794.67,4800.13,4638.81,4639.46,0
2000-06-13,4583.34,4640.59,4555.09,4615.13,0
2000-06-14,4648.78,4693.67,4604.5,4625.04,0
2000-06-15,4609.98,4685.63,4575.03,4653.22,0
2000-06-16,4666.06,4768.59,4654.12,4764.67,0
2000-06-19,4808.25,4884.89,4788.94,4837.24,0
2000-06-20,4891.23,4919.63,4834.79,4863.9,0
2000-06-21,4888.43,4888.43,4723.57,4731.57,0
2000-06-22,4749.4,4795.1,4693.46,4794.16,0
2000-06-23,4771.07,4822.63,4687.31,4721.7,0
2000-06-26,4674.21,4697.63,4607.58,4670.09,0
2000-06-27,4682.59,4732.7,4677.57,4686.91,0
2000-06-28,4660.28,4660.28,4642.56,4642.56,0
2000-06-29,4820.58,4820.58,4785.63,4785.63,0
2000-06-30,4760.6,4792.69,4694.88,4748.77,0
2000-07-03,4846.69,4853.83,4778.74,4844.98,0
2000-07-04,4870.86,4902.71,4840.39,4887.06,0
2000-07-05,4898.15,4940.38,4898.15,4940.38,0
2000-07-06,4862.99,4908.34,4846.64,4885.6,0
2000-07-07,4920.14,4924.22,4900.31,4905.94,0
2000-07-10,4908.74,4920.38,4847.45,4867.43,0
2000-07-11,4887.76,4919.31,4863.96,4898.07,0
2000-07-12,4883.65,4967.14,4862.49,4964.28,0
2000-07-13,4994.92,5058.9,4878.45,4880.8,0
2000-07-14,4891.43,4951.95,4847.51,4856.82,0
2000-07-17,4874.41,4883.3,4747.32,4747.32,0
2000-07-18,4741.15,4777.5,4704.4,4734.8,0
2000-07-19,4672.19,4721.85,4604.54,4616.01,0
2000-07-20,4592.28,4634.46,4538.95,4575.67,0
2000-07-21,4601.08,4606.21,4460.42,4463.66,0
2000-07-24,4347.52,4353.44,4188.34,4188.34,0
2000-07-25,4097.22,4369.14,4052.61,4336.2,0
2000-07-26,4361.88,4374.38,4191.27,4191.27,0
2000-07-27,4149.84,4287.86,4113.42,4281.13,0
2000-07-28,4275.34,4348.88,4244.73,4276.7,0
2000-07-31,4232.54,4301.71,4225.57,4279.86,0
2000-08-01,4295.35,4302.86,4239.82,4253.69,0
2000-08-02,4224.01,4264.17,4193.58,4260.88,0
2000-08-03,4232.21,4279.51,4204.41,4207.63,0
2000-08-04,4241.23,4266.21,4155.45,4186.16,0
2000-08-07,4203.77,4232.8,4159.35,4201.25,0
2000-08-08,4217.68,4327.0,4200.99,4317.22,0
2000-08-09,4347.59,4374.68,4296.57,4317.04,0
2000-08-10,4312.24,4360.91,4244.19,4253.23,0
2000-08-11,4236.55,4250.6,4176.47,4192.0,0
2000-08-14,4204.33,4233.49,4142.81,4232.51,0
2000-08-16,4263.76,4337.06,4263.76,4325.67,0
2000-08-17,4346.03,4365.43,4267.91,4294.18,0
2000-08-18,4297.9,4364.39,4290.12,4347.04,0
2000-08-21,4383.81,4426.48,4377.92,4409.57,0
2000-08-22,4481.22,4483.87,4438.72,4461.23,0
2000-08-23,4447.7,4500.3,4426.62,4444.79,0
2000-08-24,4445.56,4471.86,4417.14,4459.07,0
2000-08-25,4482.2,4485.63,4414.72,4416.86,0
2000-08-28,4443.71,4452.76,4393.61,4395.81,0
2000-08-29,4382.56,4412.84,4370.5,4401.82,0
2000-08-30,4416.14,4436.57,4387.39,4411.85,0
2000-08-31,4409.84,4485.2,4404.62,4477.31,0
2000-09-04,4571.89,4620.32,4557.11,4602.43,0
2000-09-05,4623.83,4623.83,4574.89,4598.65,0
2000-09-06,4577.5,4640.1,4571.92,4606.35,0
2000-09-07,4579.68,4660.68,4578.37,4628.93,0
2000-09-08,4649.97,4677.67,4640.25,4668.27,0
2000-09-11,4715.3,4748.81,4694.4,4696.6,0
2000-09-12,4705.82,4766.36,4681.03,4763.63,0
2000-09-13,4776.52,4790.63,4690.5,4702.52,0
2000-09-14,4721.98,4741.42,4640.87,4671.92,0
2000-09-15,4666.47,4685.66,4539.35,4562.38,0
2000-09-18,4511.42,4513.09,4362.47,4366.41,0
2000-09-19,4295.63,4390.21,4171.89,4264.34,0
2000-09-20,4322.8,4339.37,4211.87,4325.55,0
2000-09-21,4304.25,4331.38,4257.04,4257.2,0
2000-09-22,4188.47,4208.66,4028.49,4032.37,0
2000-09-25,4144.81,4210.0,4105.75,4173.48,0
2000-09-26,4159.87,4160.13,4056.03,4089.58,0
2000-09-27,4025.68,4172.65,4004.73,4164.1,0
2000-09-28,4155.71,4184.61,4043.67,4067.38,0
2000-09-29,4122.28,4122.28,4056.72,4090.38,0
2000-10-03,4035.64,4139.53,4028.51,4135.55,0
2000-10-04,4135.55,4173.65,4101.63,4160.41,0
2000-10-05,4177.09,4197.39,4115.62,4116.25,0
2000-10-06,4085.02,4131.25,4042.95,4092.42,0
2000-10-09,4106.15,4135.16,4055.42,4056.07,0
2000-10-10,4079.61,4079.61,3931.21,3945.28,0
2000-10-11,3892.78,3895.81,3803.72,3836.51,0
2000-10-12,3793.61,3879.47,3777.49,3847.58,0
2000-10-13,3749.77,3793.08,3714.46,3738.93,0
2000-10-16,3908.73,3930.1,3726.58,3728.67,0
2000-10-17,3702.4,3718.74,3613.74,3664.79,0
2000-10-18,3625.32,3640.73,3545.01,3593.63,0
2000-10-19,3576.44,3702.83,3491.55,3702.83,0
2000-10-20,3799.78,3801.86,3691.89,3692.75,0
2000-10-23,3709.54,3716.6,3608.36,3619.53,0
2000-10-24,3603.66,3656.31,3584.38,3651.99,0
2000-10-25,3664.12,3748.96,3662.23,3743.61,0
2000-10-27,3770.66,3773.54,3704.54,3729.12,0
2000-10-30,3744.1,3751.28,3680.18,3689.43,0
2000-10-31,3672.48,3713.91,3646.73,3711.02,0
2000-11-01,3749.35,3807.7,3734.98,3788.53,0
2000-11-02,3799.66,3882.54,3795.45,3875.79,0
2000-11-03,3907.23,3960.14,3894.59,3935.7,0
2000-11-06,3971.98,4005.19,3919.34,3931.54,0
2000-11-07,3917.1,3959.93,3910.81,3954.83,0
2000-11-08,3958.69,4045.05,3958.69,4028.71,0
2000-11-09,3981.31,4046.01,3980.2,4022.5,0
2000-11-10,4011.06,4032.94,3930.35,3941.13,0
2000-11-13,3842.63,3863.35,3797.5,3820.08,0
2000-11-14,3816.13,3952.39,3816.13,3943.54,0
2000-11-15,3994.88,4016.09,3931.84,3946.53,0
2000-11-16,3946.83,3971.32,3884.88,3901.9,0
2000-11-17,3869.17,3917.59,3848.86,3905.84,0
2000-11-20,3928.62,3942.55,3908.28,3926.52,0
2000-11-21,3889.18,3928.58,3882.65,3924.7,0
2000-11-22,3938.46,3947.98,3861.01,3862.39,0
2000-11-23,3837.11,3871.34,3826.42,3852.4,0
2000-11-24,3860.52,3889.56,3856.58,3868.34,0
2000-11-27,3930.96,3972.48,3902.1,3969.2,0
2000-11-28,3962.21,4038.64,3962.2,4023.92,0
2000-11-29,3997.33,4046.19,3957.19,3996.18,0
2000-11-30,4003.41,4019.52,3972.85,3997.99,0
2000-12-01,3968.89,4054.86,3966.55,4031.96,0
2000-12-04,4078.56,4088.28,4034.62,4036.49,0
2000-12-05,4061.9,4082.44,4048.85,4071.98,0
2000-12-06,4155.22,4156.66,4097.55,4108.43,0
2000-12-07,4099.49,4136.74,4095.99,4124.91,0
2000-12-08,4134.1,4167.32,4134.1,4156.08,0
2000-12-11,4198.72,4233.26,4178.51,4228.29,0
2000-12-12,4254.16,4255.69,4210.15,4219.48,0
2000-12-13,4235.56,4298.63,4235.56,4284.98,0
2000-12-14,4297.44,4332.65,4256.34,4270.45,0
2000-12-15,4241.46,4264.83,4130.6,4137.16,0
2000-12-18,4121.86,4186.77,4108.68,4169.39,0
2000-12-19,4188.02,4200.34,4143.56,4152.94,0
2000-12-20,4106.34,4121.82,4057.95,4086.41,0
2000-12-21,4013.1,4064.71,3968.34,4034.23,0
2000-12-22,4057.72,4080.3,3895.37,3905.9,0
2000-12-26,3927.51,3939.08,3810.99,3826.82,0
2000-12-27,3830.37,3902.85,3803.69,3877.55,0
2000-12-28,3918.17,3940.45,3895.21,3932.78,0
2000-12-29,3933.95,3978.25,3904.32,3972.12,0
2001-01-02,3953.22,4028.57,3929.37,4018.88,0
2001-01-03,3977.58,4067.66,3977.58,4060.02,0
2001-01-04,4180.97,4180.97,4109.55,4115.37,0
2001-01-05,4116.34,4195.01,4115.35,4183.73,0
2001-01-08,4164.76,4206.72,4101.53,4120.43,0
2001-01-09,4114.74,4166.84,4101.01,4125.31,0
2001-01-10,4151.58,4155.86,4035.44,4047.64,0
2001-01-11,4066.13,4077.54,4006.54,4027.13,0
2001-01-12,4059.41,4082.77,4018.28,4036.58,0
2001-01-15,4074.32,4080.14,4018.24,4046.76,0
2001-01-16,4052.18,4097.07,4023.9,4070.73,0
2001-01-17,4101.18,4125.1,4072.09,4083.41,0
2001-01-18,4106.15,4122.66,4085.81,4113.21,0
2001-01-19,4149.25,4201.94,4137.31,4194.46,0
2001-01-22,4247.45,4278.55,4223.56,4267.11,0
2001-01-23,4277.83,4321.75,4272.87,4296.69,0
2001-01-24,4320.51,4339.41,4295.71,4326.42,0
2001-01-25,4327.84,4341.33,4273.7,4330.22,0
2001-01-29,4158.86,4262.76,4158.86,4234.57,0
2001-01-30,4269.41,4373.22,4256.76,4372.04,0
2001-01-31,4367.58,4409.33,4322.68,4326.72,0
2001-02-01,4303.13,4355.39,4230.17,4286.11,0
2001-02-02,4280.96,4373.4,4280.96,4352.26,0
2001-02-05,4337.52,4397.19,4337.52,4370.47,0
2001-02-06,4392.24,4404.67,4369.93,4375.29,0
2001-02-07,4376.92,4379.22,4303.28,4312.93,0
2001-02-08,4293.87,4387.85,4290.88,4381.19,0
2001-02-09,4395.44,4436.48,4387.99,4397.33,0
2001-02-12,4429.91,4446.08,4389.02,4406.3,0
2001-02-13,4437.32,4440.76,4354.1,4363.05,0
2001-02-14,4350.33,4375.51,4320.89,4363.11,0
2001-02-15,4372.6,4459.19,4371.95,4437.99,0
2001-02-16,4458.73,4462.11,4315.95,4330.32,0
2001-02-19,4363.79,4378.06,4302.1,4350.65,0
2001-02-20,4360.16,4382.36,4342.61,4359.22,0
2001-02-21,4338.31,4362.5,4285.19,4302.23,0
2001-02-22,4252.27,4286.63,4190.96,4262.55,0
2001-02-23,4261.81,4277.36,4118.09,4122.16,0
2001-02-26,4168.71,4174.85,4074.12,4112.69,0
2001-02-27,4140.63,4156.03,4020.68,4069.68,0
2001-02-28,4070.37,4264.02,4056.4,4247.04,0
2001-03-01,4288.23,4386.98,4215.27,4271.65,0
2001-03-02,4323.18,4341.67,4077.42,4095.16,0
2001-03-05,4073.73,4127.12,3947.71,3998.12,0
2001-03-07,4062.41,4114.11,3913.67,4046.89,0
2001-03-08,4089.83,4108.03,4016.71,4056.94,0
2001-03-09,3986.82,3986.82,3821.59,3881.96,0
2001-03-12,3862.63,3930.68,3748.39,3767.89,0
2001-03-13,3605.53,3777.48,3436.75,3540.65,0
2001-03-14,3508.13,3757.12,3493.94,3725.03,0
2001-03-15,3666.2,3823.78,3661.84,3819.86,0
2001-03-16,3752.36,3867.47,3696.52,3745.74,0
2001-03-19,3728.51,3774.69,3680.26,3722.49,0
2001-03-20,3736.09,3740.07,3644.51,3672.4,0
2001-03-21,3633.22,3801.78,3618.14,3791.07,0
2001-03-22,3785.96,3818.03,3708.8,3713.97,0
2001-03-23,3735.51,3743.83,3561.01,3635.28,0
2001-03-26,3640.47,3654.04,3600.39,3636.32,0
2001-03-27,3634.48,3712.27,3631.29,3694.82,0
2001-03-28,3736.54,3792.76,3736.54,3788.21,0
2001-03-29,3739.63,3799.68,3721.45,3751.56,0
2001-03-30,3714.11,3723.73,3589.93,3604.38,0
2001-04-02,3491.41,3578.95,3436.33,3566.26,0
2001-04-03,3543.82,3619.62,3543.82,3605.01,0
2001-04-04,3558.48,3577.25,3511.12,3565.65,0
2001-04-06,3663.74,3676.82,3558.13,3576.0,0
2001-04-09,3570.53,3579.24,3502.44,3544.08,0
2001-04-10,3542.44,3542.44,3342.11,3458.39,0
2001-04-11,3476.41,3481.15,3298.12,3325.46,0
2001-04-12,3254.52,3264.57,3120.13,3183.77,0
2001-04-16,3172.15,3258.44,3096.51,3251.62,0
2001-04-17,3231.94,3331.78,3220.65,3312.29,0
2001-04-18,3311.2,3442.65,3311.2,3438.75,0
2001-04-19,3552.17,3621.03,3471.03,3574.08,0
2001-04-20,3620.9,3620.9,3523.74,3583.04,0
2001-04-23,3583.42,3637.36,3561.96,3587.01,0
2001-04-24,3547.23,3593.84,3526.36,3589.99,0
2001-04-25,3586.94,3639.11,3569.71,3600.83,0
2001-04-26,3649.36,3651.79,3547.46,3557.19,0
2001-04-27,3389.22,3458.77,3357.83,3422.76,0
2001-04-30,3459.51,3522.7,3440.71,3519.16,0
2001-05-02,3565.53,3586.64,3530.25,3538.42,0
2001-05-03,3528.7,3551.8,3479.81,3494.48,0
2001-05-04,3471.95,3521.92,3465.5,3514.59,0
2001-05-07,3562.97,3573.19,3539.46,3544.81,0
2001-05-08,3544.86,3587.07,3544.86,3580.37,0
2001-05-09,3580.37,3629.65,3569.14,3586.58,0
2001-05-10,3586.58,3588.95,3550.05,3568.27,0
2001-05-11,3564.65,3577.79,3545.19,3559.77,0
2001-05-14,3552.55,3577.28,3536.57,3568.93,0
2001-05-15,3480.42,3579.35,3420.14,3576.96,0
2001-05-16,3585.79,3630.26,3585.79,3592.06,0
2001-05-17,3607.46,3675.45,3607.46,3669.76,0
2001-05-18,3674.42,3700.88,3648.36,3655.03,0
2001-05-21,3656.09,3681.19,3630.6,3640.1,0
2001-05-22,3643.29,3663.16,3630.03,3640.6,0
2001-05-23,3640.8,3683.52,3640.8,3674.54,0
2001-05-24,3670.91,3709.18,3670.91,3683.2,0
2001-05-25,3686.16,3700.66,3647.35,3659.81,0
2001-05-28,3663.06,3728.05,3663.06,3720.15,0
2001-05-29,3732.03,3751.7,3725.83,3742.07,0
2001-05-30,3745.57,3759.96,3653.31,3662.04,0
2001-05-31,3623.62,3638.46,3592.22,3631.91,0
2001-06-01,3637.03,3651.32,3555.74,3557.64,0
2001-06-04,3565.88,3590.56,3490.83,3498.38,0
2001-06-05,3495.99,3510.68,3434.88,3460.04,0
2001-06-06,3473.32,3507.24,3448.44,3457.31,0
2001-06-07,3455.86,3459.51,3395.52,3457.24,0
2001-06-08,3466.66,3502.78,3452.94,3495.84,0
2001-06-11,3507.34,3525.04,3482.8,3509.32,0
2001-06-12,3504.24,3517.36,3484.08,3498.39,0
2001-06-13,3499.32,3519.13,3492.95,3501.61,0
2001-06-14,3491.36,3501.5,3446.96,3453.77,0
2001-06-15,3434.33,3434.33,3360.11,3372.94,0
2001-06-18,3368.68,3368.68,3295.34,3353.11,0
2001-06-19,3357.11,3418.99,3339.84,3410.95,0
2001-06-20,3410.1,3420.33,3369.31,3406.05,0
2001-06-21,3408.28,3427.75,3385.87,3405.64,0
2001-06-22,3402.14,3409.76,3361.79,3381.76,0
2001-06-25,3378.17,3378.17,3306.83,3318.67,0
2001-06-26,3313.13,3417.94,3287.94,3407.32,0
2001-06-27,3407.68,3434.13,3378.53,3411.64,0
2001-06-28,3411.68,3427.37,3391.72,3404.86,0
2001-06-29,3406.79,3474.71,3394.91,3456.78,0
2001-07-02,3459.15,3487.0,3418.28,3426.03,0
2001-07-03,3452.11,3452.11,3300.15,3312.29,0
2001-07-04,3295.85,3337.52,3286.77,3311.88,0
2001-07-05,3321.14,3364.8,3306.74,3317.63,0
2001-07-06,3317.63,3317.63,3286.74,3305.78,0
2001-07-09,3290.85,3299.57,3260.68,3290.81,0
2001-07-10,3300.98,3340.88,3296.41,3328.27,0
2001-07-11,3328.37,3388.75,3316.85,3376.21,0
2001-07-12,3390.34,3459.37,3384.74,3452.75,0
2001-07-13,3470.94,3513.79,3438.03,3453.99,0
2001-07-16,3453.63,3478.11,3427.82,3434.83,0
2001-07-17,3414.06,3440.29,3397.65,3431.93,0
2001-07-18,3434.94,3446.18,3377.58,3383.41,0
2001-07-19,3372.92,3380.27,3352.12,3370.93,0
2001-07-20,3375.82,3389.49,3331.42,3340.75,0
2001-07-23,3340.89,3340.89,3310.95,3330.98,0
2001-07-24,3326.84,3340.91,3306.17,3335.08,0
2001-07-25,3307.16,3338.22,3296.43,3301.97,0
2001-07-26,3298.64,3318.6,3254.28,3259.03,0
2001-07-27,3260.04,3278.85,3241.66,3251.53,0
2001-07-30,3255.92,3289.46,3249.46,3285.89,0
2001-07-31,3288.86,3335.67,3255.98,3329.28,0
2001-08-01,3335.0,3346.21,3276.72,3284.17,0
2001-08-02,3293.83,3310.86,3278.54,3298.78,0
2001-08-03,3300.02,3337.79,3300.02,3325.38,0
2001-08-06,3323.36,3356.34,3322.44,3329.95,0
2001-08-07,3322.81,3345.98,3317.44,3319.67,0
2001-08-08,3317.51,3321.18,3294.19,3302.32,0
2001-08-09,3290.86,3324.96,3279.62,3319.61,0
2001-08-10,3312.5,3335.71,3308.76,3316.21,0
2001-08-13,3321.19,3332.28,3283.44,3287.62,0
2001-08-14,3290.58,3336.47,3290.58,3331.89,0
2001-08-16,3326.24,3357.07,3321.74,3337.91,0
2001-08-17,3341.95,3359.07,3293.83,3296.71,0
2001-08-20,3287.69,3290.24,3271.54,3278.92,0
2001-08-21,3286.13,3310.53,3286.13,3297.43,0
2001-08-23,3307.29,3316.33,3292.66,3308.79,0
2001-08-24,3302.22,3308.9,3287.58,3305.51,0
2001-08-27,3318.44,3337.94,3310.29,3318.32,0
2001-08-28,3318.65,3333.17,3308.35,3313.07,0
2001-08-29,3282.3,3327.67,3282.3,3300.62,0
2001-08-30,3296.78,3305.98,3281.17,3286.87,0
2001-08-31,3282.39,3282.39,3241.12,3244.95,0
2001-09-03,3245.71,3267.93,3222.75,3227.12,0
2001-09-04,3227.86,3246.76,3209.84,3231.6,0
2001-09-05,3232.88,3245.99,3218.04,3228.6,0
2001-09-06,3219.84,3233.49,3187.66,3202.55,0
2001-09-07,3196.41,3203.54,3166.97,3198.4,0
2001-09-10,3224.9,3224.9,3180.85,3183.63,0
2001-09-11,3189.09,3198.81,3141.57,3150.4,0
2001-09-12,3030.29,3046.22,2954.35,3032.71,0
2001-09-13,3038.88,3068.49,2982.16,2987.5,0
2001-09-14,2986.86,2986.86,2770.24,2830.12,0
2001-09-17,2758.16,2758.16,2640.58,2680.98,0
2001-09-18,2680.04,2814.07,2680.04,2782.47,0
2001-09-19,2785.37,2817.48,2785.37,2804.16,0
2001-09-20,2781.46,2781.46,2674.82,2761.66,0
2001-09-21,2753.96,2753.96,2594.87,2600.12,0
2001-09-24,2627.25,2688.95,2627.25,2651.78,0
2001-09-25,2668.37,2727.32,2613.53,2617.35,0
2001-09-26,2621.89,2682.59,2615.04,2667.34,0
2001-09-27,2674.29,2726.97,2669.05,2715.5,0
2001-09-28,2727.34,2830.35,2727.34,2811.6,0
2001-10-01,2817.74,2822.77,2773.03,2795.3,0
2001-10-03,2802.24,2808.45,2742.85,2754.95,0
2001-10-04,2763.17,2798.69,2763.17,2788.97,0
2001-10-05,2789.1,2826.16,2765.21,2812.9,0
2001-10-08,2767.93,2784.09,2718.41,2765.37,0
2001-10-09,2772.21,2802.34,2772.21,2794.42,0
2001-10-10,2836.74,2904.59,2836.74,2896.6,0
2001-10-11,2899.8,2956.86,2899.8,2943.69,0
2001-10-12,2960.5,2989.63,2947.34,2959.39,0
2001-10-15,2951.69,2983.33,2940.08,2976.3,0
2001-10-16,2978.11,3002.0,2971.57,2992.46,0
2001-10-17,2998.86,3050.07,2998.86,3043.85,0
2001-10-18,3023.29,3034.97,2967.68,2981.33,0
2001-10-19,3003.02,3025.89,3003.02,3016.84,0
2001-10-22,3025.03,3061.77,2993.89,3001.86,0
2001-10-23,3010.94,3065.48,3010.94,3061.91,0
2001-10-24,3057.0,3083.65,3026.63,3040.16,0
2001-10-25,3047.39,3066.04,3013.83,3022.16,0
2001-10-29,3028.71,3063.9,3004.03,3009.33,0
2001-10-30,2995.37,2995.37,2953.38,2957.45,0
2001-10-31,2958.39,2998.7,2942.49,2989.35,0
2001-11-01,3003.95,3062.77,3003.95,3049.8,0
2001-11-02,3059.52,3100.29,3040.84,3052.6,0
2001-11-05,3058.11,3070.66,3030.57,3037.01,0
2001-11-06,3038.02,3087.59,3038.02,3068.89,0
2001-11-07,3071.78,3109.26,3006.97,3013.94,0
2001-11-08,3020.39,3067.55,3017.41,3059.97,0
2001-11-09,3070.58,3092.01,3069.62,3079.67,0
2001-11-12,3084.42,3106.43,3081.15,3094.14,0
2001-11-13,3093.78,3101.58,3059.42,3077.19,0
2001-11-14,3079.88,3124.33,3079.88,3113.04,0
2001-11-15,3116.72,3195.52,3107.8,3180.23,0
2001-11-19,3211.26,3293.28,3205.46,3280.48,0
2001-11-20,3296.17,3326.76,3223.99,3231.66,0
2001-11-21,3233.61,3273.3,3223.32,3244.09,0
2001-11-22,3246.48,3305.84,3246.48,3258.13,0
2001-11-23,3263.06,3301.34,3245.58,3252.2,0
2001-11-26,3262.93,3335.95,3262.93,3322.77,0
2001-11-27,3360.93,3377.81,3278.69,3287.57,0
2001-11-28,3289.7,3322.52,3283.08,3294.12,0
2001-11-29,3284.32,3296.98,3270.27,3287.56,0
2001-12-03,3301.05,3311.83,3271.55,3275.47,0
2001-12-04,3276.65,3335.36,3276.65,3320.28,0
2001-12-05,3334.64,3416.03,3334.64,3409.64,0
2001-12-06,3440.56,3500.2,3414.43,3431.57,0
2001-12-07,3433.82,3468.28,3426.06,3436.37,0
2001-12-10,3445.22,3468.19,3434.04,3442.89,0
2001-12-11,3440.38,3467.08,3416.56,3419.13,0
2001-12-12,3436.34,3462.97,3404.37,3412.15,0
2001-12-13,3412.59,3440.52,3308.86,3388.59,0
2001-12-14,3388.87,3388.87,3336.18,3353.6,0
2001-12-18,3362.67,3384.66,3301.36,3335.88,0
2001-12-19,3340.65,3350.73,3257.45,3262.67,0
2001-12-20,3257.24,3281.12,3231.3,3271.64,0
2001-12-21,3268.99,3268.99,3218.93,3235.49,0
2001-12-24,3227.3,3244.24,3181.57,3232.97,0
2001-12-26,3227.8,3262.92,3170.23,3175.86,0
2001-12-27,3172.27,3193.39,3126.65,3131.78,0
2001-12-28,3132.27,3186.33,3100.57,3184.44,0
2001-12-31,3186.82,3270.68,3186.82,3262.33,0
2002-01-02,3243.84,3280.43,3243.32,3269.16,0
2002-01-03,3282.68,3309.38,3272.21,3308.02,0
2002-01-04,3323.55,3393.66,3323.55,3375.74,0
2002-01-07,3377.13,3438.86,3377.13,3401.8,0
2002-01-08,3407.57,3454.5,3397.16,3437.78,0
2002-01-09,3440.44,3466.73,3392.61,3400.89,0
2002-01-10,3396.09,3413.25,3371.91,3381.96,0
2002-01-11,3381.41,3401.8,3298.85,3362.88,0
2002-01-14,3373.69,3446.92,3373.69,3407.84,0
2002-01-15,3405.9,3413.02,3340.01,3352.52,0
2002-01-16,3357.17,3393.34,3331.4,3348.8,0
2002-01-17,3348.8,3420.24,3309.97,3401.15,0
2002-01-18,3408.28,3439.83,3366.14,3377.05,0
2002-01-21,3370.5,3396.92,3369.73,3382.29,0
2002-01-22,3383.0,3402.92,3365.01,3368.28,0
2002-01-23,3368.91,3397.76,3365.53,3373.07,0
2002-01-24,3380.75,3399.09,3352.84,3357.79,0
2002-01-25,3358.2,3366.0,3326.02,3332.3,0
2002-01-28,3338.37,3363.17,3312.74,3317.64,0
2002-01-29,3317.61,3332.56,3304.12,3313.28,0
2002-01-30,3302.73,3309.98,3275.58,3298.79,0
2002-01-31,3305.91,3339.98,3303.01,3311.03,0
2002-02-01,3334.69,3356.05,3325.98,3333.92,0
2002-02-04,3336.17,3353.29,3312.55,3317.01,0
2002-02-05,3316.42,3322.43,3290.0,3311.73,0
2002-02-06,3329.23,3433.02,3329.23,3427.39,0
2002-02-07,3439.62,3495.83,3423.31,3436.94,0
2002-02-08,3444.89,3514.75,3444.87,3493.92,0
2002-02-11,3500.41,3551.95,3500.41,3515.45,0
2002-02-12,3523.3,3554.73,3480.1,3497.68,0
2002-02-13,3504.89,3535.57,3504.89,3519.87,0
2002-02-14,3544.32,3564.35,3536.35,3557.06,0
2002-02-15,3560.98,3612.83,3560.98,3602.02,0
2002-02-18,3611.32,3651.02,3586.78,3633.93,0
2002-02-19,3641.78,3652.76,3588.93,3597.61,0
2002-02-20,3572.96,3583.17,3542.06,3558.21,0
2002-02-21,3569.95,3590.99,3558.82,3570.46,0
2002-02-22,3565.64,3605.59,3558.09,3604.08,0
2002-02-25,3610.21,3618.3,3580.89,3613.51,0
2002-02-26,3631.55,3726.76,3631.55,3712.74,0
2002-02-27,3721.44,3758.11,3677.62,3705.66,0
2002-02-28,3711.1,3731.28,3537.19,3562.31,0
2002-03-01,3551.56,3693.92,3551.56,3678.75,0
2002-03-04,3734.04,3758.27,3635.38,3642.58,0
2002-03-05,3655.08,3692.53,3634.26,3641.1,0
2002-03-06,3647.09,3656.87,3585.83,3614.44,0
2002-03-07,3621.07,3691.93,3621.07,3690.27,0
2002-03-08,3692.61,3703.79,3645.9,3656.77,0
2002-03-11,3675.26,3675.26,3594.6,3603.97,0
2002-03-12,3603.16,3603.16,3522.91,3535.8,0
2002-03-13,3531.48,3601.82,3531.02,3569.62,0
2002-03-14,3573.98,3590.43,3562.17,3580.83,0
2002-03-15,3593.56,3626.33,3590.34,3617.68,0
2002-03-18,3633.37,3663.4,3603.98,3613.28,0
2002-03-19,3618.39,3629.48,3554.65,3560.32,0
2002-03-20,3576.23,3587.2,3556.74,3581.32,0
2002-03-21,3580.23,3582.55,3530.01,3536.26,0
2002-03-22,3555.38,3555.38,3506.55,3516.11,0
2002-03-26,3517.36,3566.08,3461.09,3466.29,0
2002-03-27,3472.96,3503.8,3454.27,3459.08,0
2002-03-28,3464.32,3499.53,3462.12,3469.35,0
2002-04-01,3482.94,3519.32,3482.94,3500.18,0
2002-04-02,3505.4,3537.29,3490.87,3505.79,0
2002-04-03,3500.76,3500.76,3458.85,3462.99,0
2002-04-04,3463.29,3529.02,3463.29,3512.55,0
2002-04-05,3516.43,3538.49,3499.06,3500.57,0
2002-04-08,3502.09,3521.41,3478.93,3480.17,0
2002-04-09,3482.51,3491.6,3447.78,3463.33,0
2002-04-10,3465.39,3494.19,3460.03,3479.59,0
2002-04-11,3482.44,3512.28,3482.44,3497.67,0
2002-04-12,3496.39,3521.42,3488.62,3510.9,0
2002-04-15,3514.01,3533.02,3454.98,3461.51,0
2002-04-16,3459.08,3459.08,3411.73,3413.72,0
2002-04-17,3444.09,3458.79,3412.71,3421.82,0
2002-04-18,3425.71,3439.47,3408.04,3420.94,0
2002-04-19,3420.04,3430.37,3359.24,3364.4,0
2002-04-22,3364.18,3396.52,3332.74,3390.25,0
2002-04-23,3387.7,3412.16,3383.11,3403.82,0
2002-04-24,3408.84,3420.97,3401.55,3411.92,0
2002-04-25,3420.62,3421.88,3350.94,3359.64,0
2002-04-26,3364.18,3383.71,3362.83,3371.7,0
2002-04-29,3372.94,3372.94,3296.88,3301.21,0
2002-04-30,3303.1,3340.36,3303.1,3338.16,0
2002-05-02,3361.33,3383.93,3357.76,3372.56,0
2002-05-03,3372.75,3385.22,3364.85,3380.61,0
2002-05-06,3386.01,3394.89,3375.7,3384.35,0
2002-05-07,3378.22,3425.5,3372.24,3423.75,0
2002-05-08,3434.24,3453.75,3432.54,3435.06,0
2002-05-09,3458.31,3478.02,3448.37,3462.01,0
2002-05-10,3454.85,3456.78,3414.37,3431.32,0
2002-05-13,3436.87,3446.51,3429.88,3442.49,0
2002-05-14,3450.58,3458.58,3412.0,3420.33,0
2002-05-15,3422.07,3435.68,3382.11,3395.59,0
2002-05-16,3399.14,3405.29,3342.34,3355.61,0
2002-05-17,3357.29,3373.4,3310.86,3333.76,0
2002-05-20,3343.66,3361.77,3274.62,3282.81,0
2002-05-21,3266.16,3266.16,3127.87,3186.53,0
2002-05-22,3187.54,3198.81,3144.18,3175.49,0
2002-05-23,3193.64,3193.64,3106.56,3114.05,0
2002-05-24,3153.03,3261.9,3153.03,3255.62,0
2002-05-27,3264.19,3264.19,3200.94,3243.41,0
2002-05-28,3231.82,3231.82,3140.38,3146.83,0
2002-05-29,3155.67,3179.85,3108.0,3160.24,0
2002-05-30,3161.91,3192.5,3131.63,3135.89,0
2002-05-31,3136.41,3140.03,3097.73,3125.73,0
2002-06-03,3162.27,3185.57,3148.57,3161.09,0
2002-06-04,3161.43,3195.56,3161.43,3191.6,0
2002-06-05,3200.71,3269.24,3200.71,3255.52,0
2002-06-06,3277.35,3282.35,3229.38,3259.31,0
2002-06-07,3246.97,3246.97,3205.51,3217.76,0
2002-06-10,3231.09,3283.25,3231.09,3279.49,0
2002-06-11,3339.96,3368.56,3323.37,3362.42,0
2002-06-12,3359.27,3377.88,3337.39,3344.41,0
2002-06-13,3358.97,3369.63,3307.16,3311.16,0
2002-06-14,3312.05,3321.92,3295.64,3312.07,0
2002-06-17,3350.03,3350.44,3318.7,3323.5,0
2002-06-18,3337.32,3361.73,3282.32,3284.54,0
2002-06-19,3284.32,3306.11,3222.23,3242.26,0
2002-06-20,3223.47,3276.06,3223.47,3264.02,0
2002-06-21,3268.1,3268.1,3232.66,3242.75,0
2002-06-24,3238.37,3238.37,3210.95,3231.62,0
2002-06-25,3226.21,3244.33,3193.68,3214.34,0
2002-06-26,3214.34,3214.34,3180.89,3180.89,0
2002-06-27,3199.03,3221.6,3189.96,3217.15,0
2002-06-28,3231.24,3252.65,3222.09,3244.7,0
2002-07-01,3246.44,3293.21,3246.44,3288.71,0
2002-07-02,3276.21,3296.87,3274.03,3285.04,0
2002-07-03,3283.03,3314.23,3279.83,3310.19,0
2002-07-04,3322.31,3337.69,3313.74,3316.77,0
2002-07-05,3322.14,3334.87,3309.61,3330.61,0
2002-07-08,3336.14,3366.72,3332.12,3357.66,0
2002-07-09,3356.85,3361.92,3343.1,3358.58,0
2002-07-10,3359.47,3366.74,3328.2,3332.36,0
2002-07-11,3332.15,3332.15,3287.91,3290.56,0
2002-07-12,3296.3,3318.33,3293.66,3305.83,0
2002-07-15,3302.64,3305.85,3258.72,3278.71,0
2002-07-16,3279.5,3286.94,3224.35,3229.18,0
2002-07-17,3232.39,3236.68,3192.67,3216.07,0
2002-07-18,3224.23,3253.4,3215.33,3245.74,0
2002-07-19,3239.66,3250.59,3227.27,3230.27,0
2002-07-22,3212.83,3212.83,3147.37,3153.34,0
2002-07-23,3142.48,3179.08,3135.39,3176.93,0
2002-07-24,3163.45,3167.6,3105.2,3107.48,0
2002-07-25,3149.18,3169.96,3091.33,3094.96,0
2002-07-26,3079.33,3084.34,3011.89,3024.35,0
2002-07-29,3039.56,3039.56,2955.1,3030.06,0
2002-07-30,3043.23,3080.7,2983.1,2990.91,0
2002-07-31,2981.05,2998.34,2932.35,2987.65,0
2002-08-01,2998.46,3018.52,2965.97,2975.81,0
2002-08-02,2960.48,2992.19,2933.39,2985.01,0
2002-08-05,2996.89,3018.71,2980.49,3011.35,0
2002-08-06,2997.96,3026.98,2981.51,3023.26,0
2002-08-07,3042.28,3055.22,3004.12,3009.48,0
2002-08-08,3014.68,3019.49,2945.5,2950.09,0
2002-08-09,2974.68,2982.51,2931.78,2976.34,0
2002-08-12,2972.59,3014.3,2972.59,3007.85,0
2002-08-13,3009.48,3066.7,3009.48,3036.4,0
2002-08-14,3032.99,3037.37,3013.16,3020.7,0
2002-08-16,3031.24,3070.86,3031.24,3065.9,0
2002-08-19,3073.13,3079.99,3061.39,3064.04,0
2002-08-20,3071.13,3094.8,3067.92,3089.58,0
2002-08-21,3083.82,3109.91,3082.02,3084.38,0
2002-08-22,3094.18,3109.72,3077.89,3080.7,0
2002-08-23,3083.0,3120.69,3083.0,3119.18,0
2002-08-26,3119.0,3130.78,3110.93,3123.6,0
2002-08-27,3128.41,3142.52,3093.9,3097.85,0
2002-08-28,3093.66,3103.38,3078.13,3099.38,0
2002-08-29,3099.12,3117.53,3091.56,3114.16,0
2002-08-30,3110.98,3185.08,3109.97,3181.23,0
2002-09-02,3206.81,3227.62,3179.33,3187.26,0
2002-09-03,3190.2,3193.44,3150.1,3159.77,0
2002-09-04,3145.34,3180.6,3126.75,3173.35,0
2002-09-05,3185.32,3197.29,3166.22,3181.47,0
2002-09-06,3176.15,3177.49,3131.15,3141.11,0
2002-09-09,3121.9,3126.3,3081.63,3089.47,0
2002-09-11,3096.93,3130.41,3096.93,3125.66,0
2002-09-12,3125.55,3136.88,3120.45,3131.34,0
2002-09-13,3115.98,3127.29,3093.71,3098.94,0
2002-09-16,3107.89,3109.91,3072.43,3076.01,0
2002-09-17,3078.16,3107.89,3078.16,3103.9,0
2002-09-18,3084.02,3094.61,3062.43,3069.78,0
2002-09-19,3071.1,3071.1,3027.5,3040.3,0
2002-09-20,3010.14,3030.8,2993.78,3024.35,0
2002-09-23,3030.65,3035.93,3008.5,3021.28,0
2002-09-24,3005.92,3032.22,2993.01,3022.25,0
2002-09-25,2973.97,3023.65,2973.97,3021.08,0
2002-09-26,3011.42,3038.06,3011.42,3014.69,0
2002-09-27,3020.23,3039.43,3012.82,3037.26,0
2002-09-30,3029.56,3029.56,2988.43,2991.36,0
2002-10-01,2976.04,2987.48,2948.75,2959.66,0
2002-10-03,2963.61,2970.29,2921.69,2938.06,0
2002-10-04,2934.67,2942.16,2916.38,2930.51,0
2002-10-07,2939.18,2957.99,2927.47,2952.78,0
2002-10-08,2954.29,2978.91,2953.95,2973.35,0
2002-10-09,2982.01,2992.91,2953.13,2956.89,0
2002-10-10,2954.13,2972.62,2934.76,2969.49,0
2002-10-11,2990.99,3005.78,2989.06,2995.77,0
2002-10-14,2996.16,3013.39,2993.25,3003.39,0
2002-10-16,3024.99,3031.01,2991.92,2994.99,0
2002-10-17,2995.7,3010.7,2980.14,3006.14,0
2002-10-18,3027.9,3038.92,3002.12,3009.76,0
2002-10-21,3012.18,3018.99,2992.54,2998.01,0
2002-10-22,2996.44,2996.86,2963.02,2965.97,0
2002-10-23,2963.38,2969.46,2941.29,2948.96,0
2002-10-24,2944.28,2958.01,2906.2,2908.05,0
2002-10-25,2903.96,2906.84,2855.9,2875.53,0
2002-10-28,2876.32,2876.32,2828.48,2834.41,0
2002-10-29,2846.8,2891.03,2846.8,2885.23,0
2002-10-30,2898.02,2908.21,2884.21,2888.59,0
2002-10-31,2909.46,2955.49,2900.87,2949.32,0
2002-11-01,2956.94,2962.32,2928.63,2950.58,0
2002-11-04,2986.54,2994.8,2974.93,2987.58,0
2002-11-05,2993.58,2993.58,2967.19,2982.39,0
2002-11-07,2983.74,2993.61,2958.32,2975.26,0
2002-11-08,2965.19,2966.59,2950.71,2956.84,0
2002-11-11,2954.99,2959.12,2942.46,2948.04,0
2002-11-12,2941.54,2963.83,2935.97,2961.24,0
2002-11-13,2972.35,2977.67,2957.19,2960.66,0
2002-11-14,2963.82,2991.61,2963.82,2986.56,0
2002-11-15,2997.47,3037.61,2997.47,3033.91,0
2002-11-18,3046.9,3071.28,3041.34,3057.16,0
2002-11-20,3066.17,3084.03,3061.09,3075.48,0
2002-11-21,3089.51,3110.38,3089.51,3101.36,0
2002-11-22,3131.75,3162.66,3130.75,3141.61,0
2002-11-25,3146.93,3183.29,3140.31,3175.56,0
2002-11-26,3190.67,3210.68,3181.25,3187.76,0
2002-11-27,3193.13,3206.63,3158.0,3174.11,0
2002-11-28,3192.12,3229.75,3192.12,3220.75,0
2002-11-29,3224.98,3245.38,3195.6,3228.82,0
2002-12-02,3247.6,3277.37,3238.89,3270.36,0
2002-12-03,3276.7,3292.26,3223.03,3230.14,0
2002-12-04,3243.86,3243.86,3189.14,3207.36,0
2002-12-05,3186.62,3250.25,3186.62,3229.73,0
2002-12-06,3235.68,3309.8,3235.68,3306.29,0
2002-12-09,3320.87,3349.36,3264.76,3269.31,0
2002-12-10,3256.63,3294.69,3241.4,3289.68,0
2002-12-11,3298.94,3324.23,3287.28,3303.27,0
2002-12-12,3309.2,3331.27,3299.48,3324.48,0
2002-12-13,3335.28,3349.49,3329.21,3342.97,0
2002-12-16,3360.2,3371.16,3324.4,3328.39,0
2002-12-17,3338.88,3347.92,3301.78,3311.06,0
2002-12-18,3321.12,3348.57,3319.25,3333.31,0
2002-12-19,3332.72,3345.67,3313.45,3333.86,0
2002-12-20,3339.46,3356.0,3329.1,3337.22,0
2002-12-23,3346.56,3351.01,3321.5,3329.61,0
2002-12-24,3328.66,3359.39,3318.02,3352.77,0
2002-12-26,3360.86,3399.37,3360.41,3382.64,0
2002-12-27,3393.58,3413.83,3393.58,3398.0,0
2002-12-30,3389.12,3389.12,3359.76,3374.97,0
2002-12-31,3376.48,3398.11,3374.73,3377.28,0
2003-01-02,3399.72,3407.24,3363.11,3365.06,0
2003-01-03,3380.44,3386.97,3351.89,3357.54,0
2003-01-06,3364.72,3364.72,3330.03,3334.89,0
2003-01-07,3350.18,3352.43,3320.42,3330.5,0
2003-01-08,3339.89,3362.12,3338.94,3357.87,0
2003-01-09,3367.34,3388.19,3366.28,3384.2,0
2003-01-10,3416.92,3416.92,3342.12,3358.99,0
2003-01-13,3355.07,3356.93,3324.25,3327.16,0
2003-01-14,3334.94,3341.55,3321.49,3335.35,0
2003-01-15,3333.2,3359.98,3333.2,3357.69,0
2003-01-16,3358.47,3377.27,3352.55,3373.52,0
2003-01-17,3377.94,3382.53,3366.24,3370.39,0
2003-01-20,3364.53,3368.08,3338.09,3341.89,0
2003-01-21,3348.32,3356.82,3336.95,3354.14,0
2003-01-22,3364.11,3367.23,3345.62,3357.04,0
2003-01-23,3351.75,3360.37,3324.49,3328.18,0
2003-01-24,3332.02,3340.68,3281.93,3287.86,0
2003-01-27,3283.93,3286.46,3221.69,3247.71,0
2003-01-28,3247.09,3269.13,3209.51,3267.84,0
2003-01-29,3273.78,3275.74,3225.74,3238.02,0
2003-01-30,3246.54,3256.48,3217.37,3219.88,0
2003-01-31,3216.16,3257.48,3199.18,3250.38,0
2003-02-03,3265.08,3283.48,3250.55,3279.83,0
2003-02-04,3283.59,3295.25,3271.75,3278.13,0
2003-02-05,3268.61,3277.09,3239.02,3256.08,0
2003-02-06,3256.92,3311.18,3256.63,3305.44,0
2003-02-07,3309.46,3309.96,3277.33,3279.77,0
2003-02-10,3281.37,3281.42,3252.49,3256.86,0
2003-02-11,3269.85,3278.79,3249.63,3261.47,0
2003-02-12,3263.56,3263.75,3236.33,3247.51,0
2003-02-14,3250.65,3254.04,3218.37,3223.41,0
2003-02-17,3248.9,3287.01,3248.9,3282.45,0
2003-02-18,3284.04,3301.92,3284.04,3289.09,0
2003-02-19,3303.09,3317.8,3300.85,3302.04,0
2003-02-20,3301.81,3307.87,3284.58,3303.22,0
2003-02-21,3303.33,3313.6,3294.68,3307.2,0
2003-02-24,3318.25,3341.61,3318.25,3322.17,0
2003-02-25,3316.91,3316.91,3279.0,3281.92,0
2003-02-26,3291.07,3292.69,3259.0,3260.48,0
2003-02-27,3254.84,3283.29,3251.4,3277.34,0
2003-02-28,3294.6,3316.74,3269.8,3283.66,0
2003-03-03,3301.67,3311.57,3274.64,3277.27,0
2003-03-04,3271.06,3272.19,3240.16,3244.8,0
2003-03-05,3233.43,3235.85,3190.06,3226.1,0
2003-03-06,3244.96,3244.96,3186.43,3190.35,0
2003-03-07,3182.16,3182.16,3142.89,3153.06,0
2003-03-10,3152.9,3161.97,3116.01,3125.88,0
2003-03-11,3117.49,3159.48,3100.14,3154.91,0
2003-03-12,3151.6,3158.98,3106.85,3110.08,0
2003-03-13,3113.35,3127.3,3086.43,3108.24,0
2003-03-17,3115.14,3115.14,3049.05,3084.91,0
2003-03-19,3103.87,3128.83,3103.87,3121.18,0
2003-03-20,3118.8,3197.66,3118.32,3192.93,0
2003-03-21,3195.66,3209.46,3179.79,3200.15,0
2003-03-24,3216.07,3216.07,3137.56,3140.36,0
2003-03-25,3122.7,3143.02,3102.65,3140.42,0
2003-03-26,3148.07,3165.37,3140.0,3143.58,0
2003-03-27,3138.89,3146.29,3115.06,3116.79,0
2003-03-28,3115.37,3130.33,3099.0,3115.44,0
2003-03-31,3106.93,3106.93,3039.83,3048.72,0
2003-04-01,3037.54,3089.6,3037.54,3080.95,0
2003-04-02,3083.94,3120.31,3079.62,3116.99,0
2003-04-03,3130.84,3155.12,3119.8,3151.16,0
2003-04-04,3151.16,3169.2,3130.8,3167.7,0
2003-04-07,3181.94,3221.9,3180.87,3215.24,0
2003-04-08,3205.92,3209.42,3172.68,3174.86,0
2003-04-09,3160.74,3164.6,3126.83,3141.25,0
2003-04-10,3137.24,3137.24,3021.74,3035.33,0
2003-04-11,3030.46,3048.07,2962.97,2997.87,0
2003-04-15,3010.96,3018.66,2948.67,2997.38,0
2003-04-16,3005.35,3037.12,3000.72,3032.32,0
2003-04-17,3002.68,3011.92,2971.94,2984.5,0
2003-04-21,2992.9,3002.11,2985.6,2996.97,0
2003-04-22,2994.5,2998.13,2971.69,2985.54,0
2003-04-23,2997.34,3009.01,2943.45,2947.33,0
2003-04-24,2960.56,2973.03,2932.34,2937.23,0
2003-04-25,2935.08,2937.59,2908.29,2924.03,0
2003-04-28,2904.44,2942.45,2904.44,2936.71,0
2003-04-29,2949.04,2961.47,2944.13,2950.14,0
2003-04-30,2942.42,2962.4,2942.42,2959.79,0
2003-05-02,2949.04,2968.96,2939.16,2966.63,0
2003-05-05,2977.47,2988.69,2967.88,2975.47,0
2003-05-06,2981.87,3001.21,2972.33,2993.0,0
2003-05-07,2988.18,3003.0,2978.54,2980.74,0
2003-05-08,2980.25,2989.23,2953.42,2961.6,0
2003-05-09,2953.12,2960.92,2945.65,2950.0,0
2003-05-12,2955.19,2965.37,2934.78,2942.78,0
2003-05-13,2947.03,2964.96,2947.03,2960.62,0
2003-05-14,2959.51,2997.64,2959.51,2993.94,0
2003-05-15,2996.67,3016.94,2993.39,3012.97,0
2003-05-16,3019.48,3059.42,3019.48,3056.58,0
2003-05-19,3063.14,3082.21,3039.93,3043.89,0
2003-05-20,3032.85,3066.29,3025.2,3062.92,0
2003-05-21,3068.12,3092.38,3054.47,3057.09,0
2003-05-22,3055.2,3067.12,3032.91,3040.79,0
2003-05-23,3041.63,3060.48,3036.42,3049.84,0
2003-05-26,3051.3,3101.75,3050.16,3096.69,0
2003-05-27,3103.56,3118.58,3076.99,3081.94,0
2003-05-28,3093.72,3133.17,3086.15,3130.46,0
2003-05-29,3116.85,3171.8,3116.85,3164.25,0
2003-05-30,3172.05,3200.48,3158.74,3180.75,0
2003-06-02,3176.56,3220.14,3170.38,3206.38,0
2003-06-03,3212.99,3214.33,3176.77,3181.97,0
2003-06-04,3187.41,3220.19,3187.41,3216.49,0
2003-06-05,3233.05,3274.45,3233.05,3262.2,0
2003-06-06,3270.06,3313.54,3270.06,3303.24,0
2003-06-09,3304.65,3351.36,3295.14,3337.31,0
2003-06-10,3332.66,3350.02,3281.21,3289.55,0
2003-06-11,3289.36,3327.61,3287.72,3314.6,0
2003-06-12,3318.9,3340.98,3318.9,3337.3,0
2003-06-13,3342.65,3364.02,3338.9,3354.14,0
2003-06-16,3358.38,3361.98,3325.44,3336.64,0
2003-06-17,3362.34,3435.68,3362.34,3431.03,0
2003-06-18,3440.69,3452.73,3417.74,3430.96,0
2003-06-19,3429.0,3467.26,3429.0,3454.6,0
2003-06-20,3450.57,3503.01,3427.36,3499.5,0
2003-06-23,3500.19,3510.11,3457.44,3461.38,0
2003-06-24,3441.07,3473.23,3438.27,3447.45,0
2003-06-25,3456.85,3526.86,3456.85,3517.27,0
2003-06-26,3528.28,3564.68,3522.05,3552.4,0
2003-06-27,3577.96,3589.54,3532.52,3583.06,0
2003-06-30,3585.57,3632.84,3585.57,3607.13,0
2003-07-01,3617.74,3622.89,3584.73,3604.43,0
2003-07-02,3613.42,3640.97,3596.47,3601.39,0
2003-07-03,3616.98,3661.99,3592.18,3639.89,0
2003-07-04,3642.3,3661.87,3610.11,3622.34,0
2003-07-07,3631.46,3645.42,3607.1,3612.53,0
2003-07-08,3628.02,3645.64,3623.02,3629.68,0
2003-07-09,3635.86,3644.88,3604.96,3620.79,0
2003-07-10,3639.42,3684.18,3639.42,3679.63,0
2003-07-11,3682.09,3714.84,3659.21,3676.26,0
2003-07-14,3704.63,3726.56,3704.63,3720.75,21200
2003-07-15,3719.17,3733.88,3657.18,3686.34,22800
2003-07-16,3702.14,3729.02,3662.7,3721.65,18400
2003-07-17,3728.84,3750.0,3660.34,3668.91,22000
2003-07-18,3651.39,3684.23,3625.73,3647.58,22000
2003-07-21,3655.26,3664.64,3564.41,3569.58,19400
2003-07-22,3557.13,3582.08,3534.06,3554.13,22400
2003-07-23,3571.75,3596.59,3551.98,3577.89,31800
2003-07-24,3595.6,3677.24,3572.64,3668.07,44400
2003-07-25,3685.31,3737.76,3661.69,3726.46,25800
2003-07-28,3745.99,3775.65,3730.07,3739.76,24600
2003-07-29,3731.85,3771.35,3694.94,3764.44,21800
2003-07-30,3761.76,3799.89,3759.98,3780.42,22600
2003-07-31,3796.53,3835.75,3785.12,3792.61,37000
2003-08-01,3800.73,3831.46,3779.73,3815.31,26000
2003-08-04,3798.81,3840.72,3785.85,3832.5,19800
2003-08-05,3845.93,3878.72,3761.84,3765.82,26000
2003-08-06,3754.65,3798.87,3722.08,3741.66,29000
2003-08-07,3749.18,3816.16,3733.63,3806.83,24200
2003-08-08,3824.26,3890.78,3823.39,3883.76,29200
2003-08-11,3842.14,3915.9,3842.14,3893.41,21800
2003-08-12,3907.03,3938.91,3879.35,3889.41,27400
2003-08-13,3910.46,3935.8,3874.34,3926.07,25200
2003-08-14,3932.59,3959.1,3908.7,3921.2,22600
2003-08-18,3932.37,3985.46,3928.17,3977.73,19400
2003-08-19,3985.77,4026.27,3981.92,4006.91,24400
2003-08-20,4027.6,4066.03,4027.6,4056.6,21200
2003-08-21,4075.17,4106.71,4073.06,4095.39,27000
2003-08-22,4146.56,4149.54,4084.19,4125.12,28000
2003-08-25,4149.82,4170.58,3943.66,4004.63,34200
2003-08-26,4021.91,4160.02,4021.91,4152.29,28800
2003-08-27,4173.36,4222.39,4173.36,4205.56,25600
2003-08-28,4256.07,4256.07,4179.33,4212.29,28600
2003-08-29,4235.26,4277.64,4228.85,4244.73,35200
2003-09-01,4248.07,4329.57,4248.07,4324.76,24800
2003-09-02,4341.73,4358.3,4291.96,4339.2,31200
2003-09-03,4361.87,4367.87,4248.86,4257.94,28800
2003-09-04,4276.4,4328.37,4257.41,4310.51,33000
2003-09-05,4314.68,4371.98,4314.68,4369.17,30800
2003-09-08,4399.61,4444.62,4399.61,4434.25,25200
2003-09-09,4458.64,4473.57,4398.09,4425.2,30400
2003-09-10,4410.12,4438.23,4378.65,4434.26,26600
2003-09-11,4423.71,4463.38,4381.09,4393.13,25800
2003-09-12,4407.72,4437.0,4297.71,4305.91,26600
2003-09-15,4310.17,4310.17,4184.11,4193.83,33800
2003-09-16,4195.1,4290.07,4134.69,4274.75,40400
2003-09-17,4299.37,4330.85,4222.6,4235.35,32200
2003-09-18,4243.01,4251.54,4126.22,4134.15,33600
2003-09-19,4159.72,4224.73,4097.55,4217.12,35400
2003-09-22,4230.91,4237.42,4141.8,4151.72,24600
2003-09-23,4138.01,4240.02,4111.54,4231.69,25200
2003-09-24,4249.93,4366.83,4229.87,4356.39,30400
2003-09-25,4347.23,4360.72,4285.01,4297.15,31000
2003-09-26,4299.66,4388.83,4299.66,4382.57,24800
2003-09-29,4392.87,4426.3,4385.54,4402.05,31600
2003-09-30,4428.16,4456.41,4413.72,4453.24,30400
2003-10-01,4452.07,4487.05,4432.93,4455.08,26400
2003-10-03,4465.44,4556.89,4465.44,4552.92,33000
2003-10-06,4567.68,4637.27,4552.39,4631.39,26400
2003-10-07,4644.86,4688.33,4601.16,4632.94,33400
2003-10-08,4646.63,4667.49,4586.96,4634.86,28800
2003-10-09,4643.32,4710.28,4643.32,4698.68,25400
2003-10-10,4735.09,4780.77,4730.31,4768.9,33200
2003-10-13,4787.75,4859.93,4786.69,4849.27,29600
2003-10-14,4866.12,4900.92,4765.35,4782.03,37600
2003-10-15,4790.54,4867.91,4738.72,4855.26,31800
2003-10-16,4887.04,4921.65,4865.26,4887.32,39200
2003-10-17,4912.27,4949.23,4901.59,4930.53,35400
2003-10-20,4951.11,4951.11,4838.7,4851.67,31000
2003-10-21,4868.0,4880.66,4727.43,4755.72,39400
2003-10-22,4772.84,4801.7,4705.41,4741.2,34000
2003-10-23,4744.48,4755.94,4634.9,4648.41,31000
2003-10-24,4654.27,4772.07,4599.61,4757.37,38400
2003-10-27,4802.07,4814.32,4689.09,4698.28,31400
2003-10-28,4710.22,4748.19,4666.19,4707.8,34600
2003-10-29,4732.79,4747.59,4684.42,4744.1,34200
2003-10-30,4751.83,4805.72,4735.77,4780.52,42200
2003-10-31,4787.05,4913.18,4779.09,4906.87,32200
2003-11-03,4946.93,5068.66,4946.93,5063.03,40800
2003-11-04,5096.16,5135.0,5055.57,5097.84,44200
2003-11-05,5116.86,5127.79,5021.97,5064.91,36400
2003-11-06,5080.05,5118.08,5030.04,5047.54,34000
2003-11-07,5071.2,5092.7,4965.5,4971.57,25200
2003-11-10,4962.22,5017.9,4909.66,4998.57,34200
2003-11-11,4998.79,5039.2,4988.88,5030.64,29000
2003-11-12,5040.55,5059.98,4998.26,5005.77,27200
2003-11-13,5051.71,5053.06,4941.49,4949.16,33400
2003-11-14,4948.77,4961.37,4854.16,4865.83,32600
2003-11-17,4907.02,4959.96,4882.97,4940.23,23400
2003-11-18,4956.42,4981.48,4875.46,4891.13,26800
2003-11-19,4868.43,4868.43,4800.67,4823.73,31400
2003-11-20,4840.8,4878.81,4763.53,4771.23,28800
2003-11-21,4770.75,4851.67,4736.7,4838.54,29600
2003-11-24,4852.12,4858.43,4803.8,4822.15,20600
2003-11-25,4845.1,4900.21,4843.46,4894.59,22200
2003-11-27,4907.38,5000.41,4907.38,4989.04,38800
2003-11-28,4995.15,5050.56,4991.24,5044.82,30800
2003-12-01,5086.86,5166.56,5082.82,5160.85,51200
2003-12-02,5187.73,5204.57,5123.8,5186.08,33400
2003-12-03,5194.16,5246.74,5178.22,5221.9,25400
2003-12-04,5229.18,5252.21,5174.86,5225.9,32200
2003-12-05,5245.75,5263.11,5125.07,5131.72,31400
2003-12-08,5144.95,5163.01,5089.57,5131.54,29400
2003-12-09,5143.19,5232.49,5143.19,5229.34,21600
2003-12-10,5234.72,5300.79,5220.6,5285.54,29000
2003-12-11,5306.62,5317.41,5253.81,5299.96,25600
2003-12-12,5321.49,5343.91,5283.75,5315.81,26400
2003-12-15,5366.93,5399.08,5351.03,5390.88,24400
2003-12-16,5374.15,5445.0,5351.21,5437.05,30800
2003-12-17,5437.26,5457.88,5401.09,5418.23,23600
2003-12-18,5432.46,5466.3,5407.46,5455.0,30800
2003-12-19,5486.63,5555.68,5486.63,5541.35,33000
2003-12-22,5547.68,5590.45,5543.98,5577.96,29200
2003-12-23,5590.01,5616.25,5550.52,5564.33,29000
2003-12-24,5566.05,5648.24,5560.23,5641.92,30800
2003-12-26,5650.74,5705.3,5650.74,5699.24,24400
2003-12-29,5725.44,5814.26,5725.44,5797.33,18800
2003-12-30,5852.7,5920.76,5762.6,5791.85,34200
2003-12-31,5812.38,5876.55,5801.52,5838.96,28200
2004-01-02,5944.23,6034.38,5944.23,6026.59,31400
2004-01-05,6050.48,6078.11,5964.65,6039.0,33600
2004-01-06,6068.68,6121.2,5916.33,5943.64,37600
2004-01-07,5970.35,5985.3,5870.55,5957.02,36200
2004-01-08,5992.1,6118.62,5992.1,6108.54,31600
2004-01-09,6241.59,6249.6,6096.68,6119.59,45200
2004-01-12,6152.22,6152.22,6037.3,6067.76,31600
2004-01-13,6084.65,6147.74,6011.57,6132.97,33200
2004-01-14,6162.18,6215.02,6162.18,6194.11,35600
2004-01-15,6219.81,6248.81,6045.3,6063.91,38000
2004-01-16,6068.66,6072.03,5914.02,5946.19,47800
2004-01-19,5967.39,6076.97,5870.99,6064.1,36200
2004-01-20,6099.94,6130.09,5899.71,5922.11,41000
2004-01-21,5927.42,5962.36,5728.32,5758.19,43200
2004-01-22,5793.83,5852.96,5567.68,5593.74,51000
2004-01-23,5646.33,5832.74,5596.57,5816.64,37600
2004-01-27,5854.35,6005.54,5791.74,5993.06,45200
2004-01-28,5980.88,6030.55,5815.2,5876.05,47800
2004-01-29,5865.21,5921.72,5774.31,5802.75,45000
2004-01-30,5841.21,5854.29,5685.64,5695.67,38800
2004-02-03,5715.46,5715.46,5550.17,5620.98,39600
2004-02-04,5633.15,5769.79,5574.68,5756.76,41800
2004-02-05,5756.3,5820.45,5648.14,5720.63,44600
2004-02-06,5710.13,5800.94,5683.61,5786.35,37800
2004-02-09,5810.21,5935.68,5807.73,5926.22,30400
2004-02-10,5937.46,5972.94,5866.62,5932.52,44400
2004-02-11,5936.41,5958.91,5905.23,5949.78,37200
2004-02-12,5973.71,5986.41,5886.98,5936.96,37600
2004-02-13,5936.65,6017.01,5922.38,6011.66,32800
2004-02-16,6025.85,6063.91,6001.57,6012.35,30800
2004-02-17,6018.95,6058.99,5999.13,6035.8,30800
2004-02-18,6060.14,6082.8,6018.81,6027.02,31200
2004-02-19,6041.36,6041.36,5845.07,5855.1,40400
2004-02-20,5847.97,5893.62,5770.87,5850.72,41000
2004-02-23,5869.61,5875.23,5680.36,5698.04,28600
2004-02-24,5686.81,5748.15,5606.84,5734.44,42400
2004-02-25,5746.79,5746.79,5606.86,5618.15,33800
2004-02-26,5639.83,5723.31,5556.31,5567.12,34400
2004-02-27,5595.83,5683.29,5551.64,5667.51,41600
2004-03-01,5649.3,5831.55,5649.3,5823.17,32200
2004-03-03,5830.77,5870.63,5792.97,5842.2,39400
2004-03-04,5842.41,5872.75,5769.34,5815.87,36200
2004-03-05,5834.37,5892.78,5818.77,5880.35,37600
2004-03-08,5899.26,5951.03,5898.57,5935.19,36400
2004-03-09,5923.35,5923.35,5794.82,5850.61,37600
2004-03-10,5833.19,5833.19,5745.56,5759.29,35000
2004-03-11,5737.69,5763.71,5634.4,5649.86,36200
2004-03-12,5632.13,5735.94,5570.81,5700.4,38400
2004-03-15,5745.06,5764.2,5505.98,5520.66,38400
2004-03-16,5471.17,5551.92,5434.97,5525.09,40800
2004-03-17,5545.83,5560.15,5482.63,5535.69,33400
2004-03-18,5539.72,5540.68,5399.05,5414.94,36000
2004-03-19,5410.48,5496.68,5386.62,5443.44,30600
2004-03-22,5446.88,5446.88,5347.05,5365.4,25400
2004-03-23,5356.97,5450.38,5324.78,5400.99,31800
2004-03-24,5412.13,5435.4,5345.15,5395.28,26600
2004-03-25,5403.38,5438.86,5368.88,5414.44,27000
2004-03-26,5448.29,5552.34,5448.29,5528.94,32400
2004-03-29,5538.52,5578.74,5495.31,5571.37,27800
2004-03-30,5595.93,5608.31,5509.58,5520.44,26600
2004-03-31,5513.12,5599.6,5493.12,5590.6,26200
2004-04-01,5599.12,5750.29,5599.12,5740.85,28400
2004-04-02,5762.81,5799.16,5700.6,5788.08,33000
2004-04-05,5809.74,5905.35,5798.37,5838.02,24000
2004-04-06,5886.02,5897.56,5780.94,5822.42,27400
2004-04-07,5827.07,5860.67,5774.88,5815.13,22800
2004-04-08,5824.37,5864.55,5783.74,5838.45,28600
2004-04-12,5856.44,5867.07,5760.25,5783.79,19800
2004-04-13,5823.53,5920.18,5743.58,5904.52,23400
2004-04-15,5923.84,5927.04,5824.21,5843.97,32400
2004-04-16,5870.41,5903.13,5843.77,5862.82,23000
2004-04-19,5875.53,5895.17,5782.37,5800.54,22000
2004-04-20,5814.88,5819.92,5765.38,5804.81,20800
2004-04-21,5803.7,5890.02,5783.92,5876.42,21400
2004-04-22,5888.17,5947.57,5863.6,5924.18,23800
2004-04-23,5941.1,5979.25,5905.58,5925.58,31200
2004-04-27,5841.3,5841.3,5704.28,5712.28,30600
2004-04-28,5709.43,5757.52,5659.83,5713.09,26000
2004-04-29,5710.56,5710.56,5626.41,5668.43,32600
2004-04-30,5674.76,5710.45,5632.99,5655.09,25000
2004-05-03,5645.86,5645.86,5506.0,5584.99,26800
2004-05-04,5616.41,5677.11,5616.41,5647.15,22800
2004-05-05,5665.67,5695.18,5648.64,5686.19,31400
2004-05-06,5749.98,5772.64,5739.26,5757.3,25000
2004-05-07,5748.34,5748.34,5645.79,5669.58,22800
2004-05-10,5628.61,5628.61,5501.17,5555.84,24800
2004-05-11,5472.03,5472.03,5309.42,5325.9,33200
2004-05-12,5296.25,5387.87,5296.25,5358.35,28800
2004-05-13,5234.51,5487.34,5131.03,5399.47,45200
2004-05-14,5409.34,5416.04,5043.99,5069.87,49400
2004-05-17,5020.89,5020.89,4227.5,4505.16,34000
2004-05-18,4547.7,4949.27,4547.7,4877.02,37200
2004-05-19,4941.72,5059.89,4892.46,5006.1,39600
2004-05-20,5048.17,5073.7,4912.17,4932.11,37000
2004-05-21,4922.48,4978.56,4804.9,4961.57,32200
2004-05-24,4993.45,5132.9,4993.45,5123.23,26600
2004-05-25,5117.52,5143.93,4976.01,5102.22,29000
2004-05-26,5116.58,5163.61,5049.21,5081.95,31400
2004-05-27,5054.45,5107.6,5019.39,5058.55,25000
2004-05-28,5026.92,5026.92,4821.59,4835.39,37000
2004-05-31,4760.28,4830.08,4665.21,4759.62,35000
2004-06-01,4792.01,4899.53,4792.01,4835.12,30800
2004-06-02,4846.09,4946.15,4846.09,4923.69,26400
2004-06-03,4972.27,5012.52,4789.63,4817.99,34000
2004-06-04,4803.31,4902.27,4759.35,4889.0,38400
2004-06-07,4927.5,4991.48,4905.53,4938.15,31800
2004-06-08,4960.87,4970.39,4891.86,4962.63,31000
2004-06-09,4972.34,5000.59,4945.24,4963.75,33000
2004-06-10,4954.06,4975.75,4919.94,4944.64,27000
2004-06-11,4931.49,4945.86,4823.1,4832.71,27600
2004-06-14,4810.42,4810.42,4725.39,4746.01,29600
2004-06-15,4696.51,4824.03,4696.51,4814.85,30000
2004-06-16,4837.36,4863.63,4772.1,4788.8,27400
2004-06-17,4791.3,4859.81,4746.51,4839.88,28600
2004-06-18,4822.08,4828.19,4750.73,4769.99,28600
2004-06-21,4770.65,4790.93,4731.72,4738.62,23800
2004-06-22,4732.95,4767.35,4717.78,4735.86,29200
2004-06-23,4742.8,4752.47,4635.17,4644.0,31400
2004-06-24,4656.81,4717.74,4613.94,4708.55,40400
2004-06-25,4717.83,4775.66,4680.42,4756.39,39400
2004-06-28,4784.58,4844.72,4772.87,4837.6,28600
2004-06-29,4838.74,4873.71,4802.04,4841.38,34200
2004-06-30,4859.94,4877.9,4788.85,4795.46,35600
2004-07-01,4813.76,4879.81,4785.94,4874.05,33200
2004-07-02,4842.46,4895.48,4813.16,4870.58,32000
2004-07-05,4861.15,4894.39,4831.85,4843.77,24200
2004-07-06,4846.42,4939.4,4839.18,4928.59,29600
2004-07-07,4919.54,4987.05,4912.22,4955.97,35000
2004-07-08,4972.06,5004.17,4808.63,4843.84,47800
2004-07-09,4766.49,4954.86,4723.04,4945.48,23600
2004-07-12,4949.42,4967.92,4917.38,4944.54,17000
2004-07-13,4961.87,4978.49,4878.06,4898.99,16000
2004-07-14,4911.22,4933.34,4835.34,4848.3,24600
2004-07-15,4849.38,4900.18,4844.66,4888.19,26600
2004-07-16,4894.4,4961.32,4874.46,4951.17,25800
2004-07-19,4957.08,5009.63,4942.43,4975.4,21600
2004-07-20,4974.52,4982.04,4936.6,4957.88,21800
2004-07-21,4973.88,5041.19,4951.55,4993.76,20200
2004-07-22,5041.14,5082.81,5020.69,5054.29,37400
2004-07-23,5073.1,5086.03,5034.2,5073.34,35000
2004-07-26,5046.99,5126.45,5034.23,5118.17,28600
2004-07-27,5130.86,5155.63,5068.62,5075.88,40800
2004-07-28,5087.66,5104.66,5045.46,5070.29,28000
2004-07-29,5082.61,5133.8,5051.49,5120.45,28800
2004-07-30,5134.92,5200.85,5134.92,5170.32,28800
2004-08-02,5193.25,5210.92,5167.29,5202.53,22000
2004-08-03,5213.55,5242.15,5181.99,5194.63,29400
2004-08-04,5189.88,5201.56,5145.22,5169.07,27200
2004-08-05,5178.61,5257.32,5178.61,5252.78,24000
2004-08-06,5249.73,5262.89,5166.19,5196.99,30200
2004-08-09,5176.39,5240.29,5154.32,5233.21,26200
2004-08-10,5248.46,5266.99,5214.99,5252.05,26000
2004-08-11,5263.27,5269.22,5159.53,5175.16,28600
2004-08-12,5167.52,5194.04,5117.8,5139.77,27000
2004-08-13,5126.91,5144.7,5084.51,5102.92,93800
2004-08-16,5105.26,5114.79,5056.07,5102.37,24600
2004-08-17,5124.29,5148.53,5083.03,5102.94,23400
2004-08-18,5103.97,5103.97,5025.49,5038.28,24200
2004-08-19,5056.17,5132.83,5056.17,5123.65,23200
2004-08-20,5128.1,5128.1,5047.75,5064.66,24000
2004-08-23,5064.42,5080.22,5022.29,5033.69,27400
2004-08-24,5048.63,5084.74,5040.71,5067.39,21000
2004-08-25,5073.23,5093.37,5054.56,5088.56,19000
2004-08-26,5105.38,5145.6,5105.38,5135.45,22400
2004-08-27,5147.86,5148.75,5094.56,5117.01,18800
2004-08-30,5130.54,5192.8,5130.54,5186.45,14800
2004-08-31,5192.18,5202.51,5155.96,5192.08,16200
2004-09-01,5202.16,5222.81,5202.02,5210.85,16200
2004-09-02,5218.95,5233.32,5189.29,5198.72,19200
2004-09-03,5190.69,5223.94,5178.57,5218.46,17600
2004-09-06,5226.09,5264.87,5226.09,5246.23,17000
2004-09-07,5245.16,5270.89,5240.15,5264.67,19200
2004-09-08,5281.11,5305.67,5270.66,5298.16,20200
2004-09-09,5307.83,5328.33,5269.51,5298.23,21600
2004-09-10,5305.42,5376.12,5281.06,5370.05,21200
2004-09-13,5380.71,5421.52,5379.6,5397.46,21400
2004-09-14,5409.52,5434.33,5376.04,5428.77,26400
2004-09-15,5441.96,5456.85,5399.34,5420.09,27600
2004-09-16,5415.46,5483.59,5401.0,5477.68,23400
2004-09-17,5493.72,5569.47,5493.37,5561.15,26400
2004-09-20,5562.68,5585.57,5535.57,5545.82,25600
2004-09-21,5547.49,5611.6,5536.0,5605.93,27600
2004-09-22,5609.96,5638.79,5571.84,5616.87,28000
2004-09-23,5597.32,5609.04,5530.86,5539.48,27400
2004-09-24,5527.22,5575.4,5513.68,5527.75,22600
2004-09-27,5530.0,5545.73,5486.41,5511.81,15800
2004-09-28,5506.83,5518.21,5454.85,5462.61,20400
2004-09-29,5477.61,5533.33,5428.2,5527.56,23400
2004-09-30,5545.26,5598.55,5545.26,5583.61,24400
2004-10-01,5587.46,5685.68,5573.56,5675.54,24400
2004-10-04,5706.32,5785.04,5706.32,5766.3,20600
2004-10-05,5761.66,5786.54,5741.7,5758.67,22800
2004-10-06,5761.44,5799.92,5699.32,5713.75,26800
2004-10-07,5718.64,5793.08,5718.64,5773.66,24600
2004-10-08,5782.63,5803.82,5755.42,5776.85,19600
2004-10-11,5764.86,5792.08,5706.97,5717.54,13000
2004-10-12,5750.36,5762.6,5663.79,5676.73,18200
2004-10-14,5677.87,5738.61,5645.66,5713.1,17600
2004-10-15,5735.49,5758.11,5673.75,5686.73,16200
2004-10-18,5706.83,5727.96,5670.37,5679.83,12400
2004-10-19,5691.47,5751.6,5686.97,5738.11,14800
2004-10-20,5738.44,5750.14,5662.76,5673.02,18400
2004-10-21,5680.44,5685.18,5617.37,5641.06,19000
2004-10-25,5633.48,5645.88,5573.19,5581.49,18200
2004-10-26,5591.01,5654.82,5558.14,5651.09,22000
2004-10-27,5656.71,5699.18,5623.04,5662.87,19800
2004-10-28,5700.99,5733.75,5700.99,5715.62,23400
2004-10-29,5724.46,5731.35,5664.04,5672.27,22600
2004-11-01,5678.65,5714.36,5649.03,5704.1,15600
2004-11-02,5713.24,5765.14,5713.24,5754.76,14400
2004-11-03,5772.32,5845.5,5771.73,5842.54,17000
2004-11-04,5871.62,5883.39,5814.37,5832.88,15000
2004-11-05,5833.33,5900.51,5823.44,5891.36,14000
2004-11-08,5912.52,5955.94,5912.52,5930.47,14400
2004-11-09,5937.34,5957.94,5910.41,5929.6,14800
2004-11-10,5918.95,5979.78,5918.95,5973.75,14400
2004-11-11,5980.03,5995.33,5943.33,5954.31,13800
2004-11-12,5985.05,6001.99,5945.98,5964.01,3800
2004-11-16,5970.04,6002.03,5949.24,5996.7,13800
2004-11-17,6000.11,6036.7,5997.74,6016.58,14800
2004-11-18,6019.85,6035.22,5985.57,6025.47,14800
2004-11-19,6030.81,6044.55,5953.42,5961.71,15000
2004-11-22,5921.01,5979.1,5877.97,5963.8,14000
2004-11-23,5988.28,6031.59,5977.76,6009.86,14600
2004-11-24,6001.46,6053.19,6001.46,6035.95,12800
2004-11-25,6033.8,6081.74,6014.98,6035.03,20000
2004-11-29,6033.42,6166.72,6029.82,6157.77,23000
2004-11-30,6195.02,6248.43,6194.61,6234.29,18800
2004-12-01,6259.28,6272.68,6176.09,6227.83,26600
2004-12-02,6275.41,6335.14,6275.41,6328.43,26200
2004-12-03,6348.32,6361.53,6304.22,6322.76,20600
2004-12-06,6351.04,6386.29,6312.13,6322.5,18800
2004-12-07,6324.07,6354.26,6287.46,6316.28,17800
2004-12-08,6333.04,6359.2,6250.24,6261.52,26000
2004-12-09,6259.5,6319.01,6241.27,6304.27,19400
2004-12-10,6328.1,6336.9,6221.4,6233.54,17600
2004-12-13,6231.47,6274.24,6220.58,6268.72,14600
2004-12-14,6280.56,6331.57,6280.49,6325.53,14000
2004-12-15,6334.27,6423.27,6334.27,6402.29,22400
2004-12-16,6401.19,6437.0,6373.55,6420.38,18600
2004-12-17,6420.9,6436.08,6329.71,6346.48,16800
2004-12-20,6360.11,6409.52,6345.87,6403.0,16800
2004-12-21,6429.25,6461.64,6400.56,6451.3,14600
2004-12-22,6465.51,6480.2,6396.43,6413.66,16200
2004-12-23,6410.3,6455.69,6409.29,6441.85,12000
2004-12-24,6485.26,6507.94,6463.85,6498.06,14600
2004-12-27,6484.84,6566.64,6469.96,6513.03,16200
2004-12-28,6517.9,6568.57,6517.9,6563.48,14600
2004-12-29,6594.39,6617.15,6552.06,6567.94,12400
2004-12-30,6583.74,6608.3,6507.3,6522.54,13200
2004-12-31,6541.38,6609.78,6541.38,6602.69,12200
2005-01-03,6626.49,6684.22,6626.49,6679.2,12000
2005-01-04,6683.56,6696.31,6640.9,6651.01,16600
2005-01-05,6628.89,6629.98,6337.61,6458.84,24000
2005-01-06,6447.27,6481.23,6325.36,6367.39,22200
2005-01-07,6374.19,6440.17,6348.75,6420.46,17800
2005-01-10,6440.33,6469.09,6286.85,6308.54,13200
2005-01-11,6317.39,6329.89,6208.82,6222.87,16200
2005-01-12,6250.35,6263.71,6070.33,6102.74,20800
2005-01-13,6138.05,6242.95,6138.05,6221.06,20200
2005-01-14,6232.42,6249.39,6144.08,6173.82,18200
2005-01-17,6202.74,6232.97,6087.55,6194.07,19000
2005-01-18,6221.28,6267.61,6173.09,6192.35,21800
2005-01-19,6211.28,6230.62,6160.66,6173.32,16600
2005-01-20,6170.33,6197.21,6091.08,6183.24,26600
2005-01-24,6201.6,6215.78,6089.52,6106.43,18000
2005-01-25,6093.66,6174.0,6069.33,6162.98,21400
2005-01-27,6188.38,6252.24,6188.38,6239.43,22200
2005-01-28,6245.26,6430.72,6245.26,6419.09,23600
2005-01-31,6463.52,6565.0,6455.55,6555.94,22000
2005-02-01,6565.21,6586.25,6508.99,6552.47,28400
2005-02-02,6560.62,6600.02,6510.42,6530.06,88400
2005-02-03,6550.75,6630.68,6550.75,6619.97,14400
2005-02-04,6635.85,6684.16,6571.51,6618.23,16800
2005-02-07,6652.33,6658.33,6514.86,6535.17,12400
2005-02-08,6528.81,6573.93,6508.33,6544.77,12600
2005-02-09,6556.53,6613.54,6553.4,6593.53,13000
2005-02-10,6600.85,6608.96,6533.97,6577.83,12600
2005-02-11,6594.32,6640.11,6594.32,6633.76,15200
2005-02-14,6673.39,6719.17,6659.64,6679.33,13600
2005-02-15,6694.79,6694.79,6640.43,6670.06,20800
2005-02-16,6673.71,6714.13,6581.53,6607.78,14800
2005-02-17,6598.77,6599.48,6533.13,6589.29,14400
2005-02-18,6595.19,6642.77,6564.55,6584.32,14400
2005-02-21,6585.88,6602.53,6521.07,6534.68,11800
2005-02-22,6531.58,6603.14,6515.73,6589.41,11000
2005-02-23,6593.85,6607.78,6565.42,6582.5,12200
2005-02-24,6616.37,6621.68,6565.81,6574.21,26800
2005-02-25,6588.29,6622.62,6543.91,6569.72,14400
2005-02-28,6584.34,6720.94,6545.94,6713.86,23200
2005-03-01,6725.92,6725.92,6628.22,6651.08,16800
2005-03-02,6658.94,6708.78,6647.11,6686.89,26000
2005-03-03,6700.79,6793.24,6691.18,6784.72,18200
2005-03-04,6798.62,6864.62,6798.62,6849.48,18200
2005-03-07,6863.58,6902.49,6854.96,6878.98,14600
2005-03-08,6885.73,6929.59,6872.72,6915.09,15200
2005-03-09,6895.62,6954.86,6843.44,6892.82,17400
2005-03-10,6888.73,6917.6,6849.98,6907.65,27200
2005-03-11,6921.02,6948.54,6839.35,6853.73,14200
2005-03-14,6854.92,6882.23,6794.92,6810.04,124800
2005-03-15,6815.59,6823.46,6730.23,6752.45,12800
2005-03-16,6757.49,6806.72,6732.33,6746.88,13000
2005-03-17,6719.11,6737.29,6642.6,6669.52,13000
2005-03-18,6664.65,6710.98,6595.53,6700.34,15600
2005-03-21,6716.41,6734.72,6633.52,6656.69,10000
2005-03-22,6655.78,6656.31,6520.15,6535.45,13600
2005-03-23,6533.65,6568.2,6435.82,6454.46,23400
2005-03-24,6456.02,6514.73,6412.89,6442.87,17200
2005-03-28,6471.47,6555.1,6471.47,6510.74,11600
2005-03-29,6512.98,6512.98,6326.73,6367.86,14400
2005-03-30,6371.4,6400.07,6321.31,6381.4,14600
2005-03-31,6404.78,6509.02,6404.78,6492.82,13400
2005-04-01,6506.6,6618.08,6468.52,6605.04,11400
2005-04-04,6616.83,6649.42,6586.25,6604.42,11200
2005-04-05,6611.53,6621.91,6532.94,6550.29,12200
2005-04-06,6555.92,6617.07,6551.68,6606.41,12200
2005-04-07,6629.12,6644.69,6530.97,6545.64,11000
2005-04-08,6544.81,6560.88,6456.84,6479.54,11400
2005-04-11,6426.21,6444.33,6382.13,6397.52,9000
2005-04-12,6407.39,6472.04,6404.35,6464.61,8800
2005-04-13,6466.92,6515.82,6449.33,6467.92,13600
2005-04-15,6339.73,6339.73,6232.37,6248.34,14000
2005-04-18,6220.98,6220.98,6118.42,6156.78,12800
2005-04-19,6181.39,6269.75,6121.42,6134.86,13800
2005-04-20,6169.83,6259.28,6151.26,6243.74,16200
2005-04-21,6249.29,6305.88,6174.3,6299.2,14600
2005-04-22,6329.85,6374.03,6302.86,6346.57,12800
2005-04-25,6338.67,6391.73,6308.48,6377.85,11000
2005-04-26,6374.28,6377.54,6323.53,6339.98,8800
2005-04-27,6323.9,6357.56,6258.07,6278.5,14000
2005-04-28,6271.61,6292.91,6233.29,6284.2,14800
2005-04-29,6283.07,6288.44,6138.47,6154.44,14000
2005-05-02,6183.07,6223.78,6141.37,6195.15,12200
2005-05-03,6200.39,6246.24,6189.16,6216.77,12600
2005-05-04,6218.95,6294.85,6218.95,6289.55,9600
2005-05-05,6322.02,6391.32,6322.02,6359.65,9800
2005-05-06,6367.25,6402.35,6334.01,6388.48,13800
2005-05-09,6391.8,6486.07,6391.8,6481.35,11600
2005-05-10,6486.08,6494.91,6439.69,6454.71,12600
2005-05-11,6420.25,6454.41,6380.76,6445.13,10600
2005-05-12,6442.86,6482.39,6432.17,6456.82,10000
2005-05-13,6447.72,6462.85,6418.78,6451.54,29000
2005-05-16,6456.97,6532.15,6456.97,6528.03,8400
2005-05-17,6545.22,6568.61,6450.86,6466.0,11800
2005-05-18,6457.37,6457.37,6380.53,6447.0,14800
2005-05-19,6461.07,6537.74,6460.24,6478.94,11400
2005-05-20,6462.16,6512.96,6438.6,6499.5,11400
2005-05-23,6504.49,6549.57,6499.21,6539.83,8200
2005-05-24,6563.02,6579.05,6522.8,6565.37,10400
2005-05-25,6566.84,6612.25,6537.61,6597.6,10800
2005-05-26,6599.27,6685.33,6587.57,6670.78,13800
2005-05-27,6689.56,6772.74,6689.14,6707.72,15400
2005-05-30,6697.15,6724.99,6642.61,6663.55,9600
2005-05-31,6666.17,6721.61,6647.7,6715.11,8600
2005-06-01,6729.39,6763.28,6710.37,6729.9,9800
2005-06-02,6733.46,6756.62,6647.36,6655.56,9400
2005-06-03,6664.98,6761.13,6647.69,6748.85,12200
2005-06-06,6747.2,6813.91,6740.63,6758.19,9800
2005-06-07,6756.6,6795.03,6737.09,6781.25,8400
2005-06-08,6768.2,6862.83,6768.2,6858.24,10000
2005-06-09,6858.7,6862.79,6813.2,6832.53,14600
2005-06-10,6833.58,6883.67,6774.14,6781.99,10200
2005-06-13,6790.33,6843.62,6757.04,6832.68,8400
2005-06-14,6847.62,6865.18,6819.31,6860.18,9200
2005-06-15,6876.79,6916.33,6858.08,6906.98,9800
2005-06-16,6906.12,6933.26,6869.47,6900.41,12600
2005-06-17,6913.07,6921.6,6855.55,6906.52,11000
2005-06-20,6940.06,7001.55,6940.06,6984.55,24400
2005-06-21,6985.91,7083.58,6967.95,7076.52,19000
2005-06-22,7079.87,7167.32,7079.87,7145.34,37200
2005-06-23,7142.91,7156.55,7090.48,7119.76,20800
2005-06-24,7104.43,7178.04,7058.01,7148.62,15400
2005-06-27,7136.39,7228.21,7133.94,7151.08,18400
2005-06-28,7158.66,7175.15,7036.06,7049.0,17400
2005-06-29,7059.37,7125.21,7034.48,7119.88,14200
2005-06-30,7154.27,7218.28,7154.27,7193.85,28600
2005-07-01,7165.45,7228.57,7154.93,7210.77,12600
2005-07-04,7186.74,7284.41,7186.74,7277.31,9600
2005-07-05,7275.0,7308.72,7209.86,7220.25,12600
2005-07-06,7227.22,7296.18,7227.22,7287.6,13400
2005-07-07,7281.07,7306.54,7123.11,7145.13,16800
2005-07-08,7171.52,7240.39,7158.14,7212.08,14600
2005-07-11,7227.51,7320.25,7227.51,7306.74,13400
2005-07-12,7297.95,7352.46,7217.6,7303.95,17000
2005-07-13,7303.19,7338.01,7236.78,7247.91,11600
2005-07-14,7262.86,7263.03,7163.85,7187.7,13600
2005-07-15,7192.45,7283.04,7178.09,7271.54,10400
2005-07-18,7325.65,7359.81,7308.87,7347.1,17400
2005-07-19,7348.6,7385.69,7317.85,7346.63,11000
2005-07-20,7373.94,7392.67,7334.48,7342.89,9800
2005-07-21,7345.98,7380.69,7275.59,7304.32,12600
2005-07-22,7306.64,7429.95,7273.19,7423.25,12200
2005-07-25,7427.65,7526.88,7427.65,7505.6,17200
2005-07-26,7524.1,7564.79,7473.24,7552.77,20200
2005-07-27,7559.76,7620.37,7504.96,7605.03,13200
2005-07-29,7556.17,7708.59,7545.79,7635.42,21800
2005-08-01,7632.01,7681.11,7596.74,7669.45,13800
2005-08-02,7683.13,7762.8,7683.13,7756.04,19400
2005-08-03,7774.29,7843.77,7740.83,7756.47,28600
2005-08-04,7810.05,7826.36,7756.97,7797.08,23400
2005-08-05,7806.11,7817.61,7738.64,7754.0,17400
2005-08-08,7760.67,7781.04,7594.94,7606.17,16800
2005-08-09,7617.46,7686.85,7559.8,7595.57,23200
2005-08-10,7615.9,7741.35,7615.9,7729.82,14000
2005-08-11,7749.01,7842.55,7727.5,7816.51,27000
2005-08-12,7835.7,7861.26,7755.58,7767.49,16800
2005-08-16,7774.27,7828.01,7737.76,7768.24,11000
2005-08-17,7771.78,7870.62,7735.37,7859.53,11200
2005-08-18,7902.84,7921.39,7791.91,7811.33,13200
2005-08-19,7817.74,7867.89,7760.69,7780.76,10600
2005-08-22,7814.93,7845.96,7711.18,7750.6,16000
2005-08-23,7764.86,7770.83,7601.34,7615.99,11000
2005-08-24,7615.68,7639.68,7537.5,7612.0,15000
2005-08-25,7651.11,7672.18,7595.84,7660.42,10600
2005-08-26,7701.07,7732.31,7644.41,7680.22,11800
2005-08-29,7693.0,7699.56,7566.21,7634.43,7600
2005-08-30,7681.67,7758.36,7679.44,7745.0,9800
2005-08-31,7746.8,7807.67,7726.98,7805.43,9600
2005-09-01,7818.9,7902.19,7818.9,7876.15,11200
2005-09-02,7888.11,7928.07,7836.34,7899.77,12600
2005-09-05,7901.35,7983.33,7901.35,7925.24,10200
2005-09-06,7931.42,7976.4,7914.41,7946.78,10000
2005-09-08,7957.35,8060.26,7957.35,8052.56,10400
2005-09-09,8060.89,8077.74,8015.75,8060.01,8800
2005-09-12,8072.99,8142.81,8072.99,8138.42,8200
2005-09-13,8137.39,8202.04,8121.08,8193.96,9400
2005-09-14,8207.53,8260.01,8144.32,8189.48,17400
2005-09-15,8208.21,8294.24,8203.77,8283.76,11800
2005-09-16,8296.88,8388.8,8268.6,8380.96,12800
2005-09-19,8399.51,8461.1,8382.96,8444.84,10600
2005-09-20,8412.71,8515.5,8376.12,8500.28,15600
2005-09-21,8499.33,8521.75,8261.58,8487.14,26800
2005-09-22,8480.62,8519.6,8186.13,8221.64,27200
2005-09-23,8255.05,8327.35,8121.81,8222.59,20000
2005-09-26,8280.06,8487.36,8280.06,8478.91,18600
2005-09-27,8497.25,8585.76,8444.98,8525.52,20000
2005-09-28,8535.81,8613.83,8475.68,8606.03,18000
2005-09-29,8588.47,8722.17,8588.47,8650.17,19800
2005-09-30,8672.66,8683.57,8527.38,8634.48,23400
2005-10-03,8662.99,8725.75,8662.99,8697.65,16600
2005-10-04,8706.7,8808.83,8706.7,8799.96,27400
2005-10-05,8815.67,8821.84,8695.69,8724.47,23600
2005-10-06,8693.2,8693.2,8508.43,8528.7,29400
2005-10-07,8528.7,8586.43,8410.69,8491.56,25000
2005-10-10,8516.44,8564.85,8465.9,8483.86,16200
2005-10-11,8547.95,8563.85,8381.96,8540.56,21200
2005-10-13,8520.48,8547.8,8346.32,8376.9,24200
2005-10-14,8389.45,8396.42,8180.1,8201.73,25200
2005-10-17,8230.47,8254.8,8131.77,8202.62,21800
2005-10-18,8232.26,8317.38,8067.91,8122.25,19200
2005-10-19,8066.06,8084.79,7922.89,7971.06,26400
2005-10-20,8075.82,8134.83,7838.02,7935.12,27200
2005-10-21,7930.5,8080.77,7901.14,8068.95,25600
2005-10-24,8096.49,8126.27,7898.41,7920.8,21400
2005-10-25,7974.17,8074.08,7921.44,7991.74,22200
2005-10-26,7996.92,8047.86,7951.05,7974.69,15800
2005-10-27,7989.35,7994.82,7766.99,7798.49,26800
2005-10-28,7795.03,7795.03,7656.15,7685.64,21800
2005-10-31,7717.07,7905.7,7717.07,7892.32,15600
2005-11-02,7953.28,8086.84,7891.23,8072.75,16600
2005-11-07,8083.59,8216.42,8049.65,8206.83,27200
2005-11-08,8218.82,8353.1,8213.75,8317.8,24000
2005-11-09,8332.01,8405.46,8269.09,8308.78,19400
2005-11-10,8314.39,8342.53,8190.99,8308.93,1200
2005-11-11,8332.94,8483.68,8332.94,8471.04,20200
2005-11-14,8503.7,8569.91,8416.89,8494.29,16200
2005-11-16,8511.1,8606.95,8503.0,8595.92,15000
2005-11-17,8611.79,8662.57,8547.34,8649.52,17000
2005-11-18,8669.84,8739.57,8661.6,8686.65,22400
2005-11-21,8699.27,8713.1,8586.92,8610.74,21400
2005-11-22,8602.82,8664.46,8518.18,8534.97,19600
2005-11-23,8542.61,8649.68,8537.48,8638.34,19600
2005-11-24,8655.14,8765.71,8655.14,8744.04,19800
2005-11-25,8760.7,8863.93,8760.7,8853.21,19000
2005-11-28,8905.68,9005.63,8905.68,8994.94,18800
2005-11-29,9000.65,9000.65,8875.82,8931.16,19400
2005-11-30,8962.92,9033.99,8768.8,8788.81,18200
2005-12-01,8813.82,8960.11,8769.56,8944.78,18200
2005-12-02,9010.58,9057.97,8943.7,8961.61,18400
2005-12-05,8965.83,9010.73,8803.37,8823.31,14400
2005-12-06,8827.0,8915.12,8783.93,8815.53,14000
2005-12-07,8825.93,8915.88,8825.93,8895.81,13600
2005-12-08,8918.63,8931.58,8826.39,8906.31,15400
2005-12-09,8907.72,9080.76,8907.72,9067.28,20200
2005-12-12,9092.65,9175.6,9092.65,9133.67,18600
2005-12-13,9160.76,9274.19,9111.03,9263.9,25200
2005-12-14,9264.99,9309.01,9199.85,9241.76,24400
2005-12-15,9259.78,9298.28,9117.26,9170.4,18600
2005-12-16,9191.63,9290.31,9137.16,9284.46,20000
2005-12-19,9263.32,9402.68,9263.32,9394.27,101000
2005-12-20,9400.25,9427.57,9310.63,9346.24,22000
2005-12-21,9349.24,9423.25,9272.76,9339.17,18800
2005-12-22,9398.62,9413.7,9328.76,9372.3,36200
2005-12-23,9417.29,9442.98,9237.94,9256.91,15800
2005-12-26,9254.09,9262.48,9050.51,9085.89,15400
2005-12-27,9071.25,9297.07,9020.8,9283.16,14600
2005-12-28,9292.18,9350.82,9207.27,9257.51,19600
2005-12-29,9272.63,9338.11,9271.63,9323.25,14200
2005-12-30,9339.32,9427.23,9311.53,9397.93,15200
2006-01-02,9422.49,9457.09,9366.09,9390.14,14000
2006-01-03,9401.83,9546.78,9390.79,9539.37,13200
2006-01-04,9523.29,9664.94,9523.29,9648.08,21400
2006-01-05,9638.27,9679.72,9571.31,9617.74,19200
2006-01-06,9635.09,9680.92,9535.66,9640.29,16000
2006-01-09,9643.92,9689.68,9539.63,9583.45,15600
2006-01-10,9584.47,9600.08,9418.63,9445.3,24600
2006-01-12,9334.13,9435.26,9303.71,9380.88,25400
2006-01-13,9425.07,9471.89,9362.25,9374.19,15600
2006-01-16,9382.86,9397.62,9287.09,9311.19,17200
2006-01-17,9317.99,9421.52,9289.23,9314.13,27200
2006-01-18,9293.8,9302.78,9158.44,9237.53,45800
2006-01-19,9271.63,9473.86,9271.63,9449.84,19200
2006-01-20,9493.39,9556.19,9466.1,9520.96,17800
2006-01-23,9467.56,9503.4,9432.93,9464.9,16200
2006-01-24,9503.42,9574.14,9503.42,9549.92,16800
2006-01-25,9580.3,9714.48,9580.3,9685.74,21600
2006-01-27,9764.26,9883.95,9764.26,9870.79,18200
2006-01-30,9896.46,9945.19,9803.68,9849.03,29400
2006-01-31,9892.23,9939.55,9873.37,9919.89,18400
2006-02-01,9959.24,9993.92,9819.32,9859.26,19000
2006-02-02,9890.9,9956.1,9816.01,9843.87,19400
2006-02-03,9834.97,9837.74,9713.51,9742.58,16000
2006-02-06,9746.09,10002.83,9739.71,9980.42,21400
2006-02-07,9993.39,10099.58,9972.43,10082.28,19000
2006-02-08,10083.53,10083.53,9958.55,10044.82,17600
2006-02-10,10066.36,10122.25,10057.07,10110.97,18600
2006-02-13,10132.67,10182.77,10096.28,10173.25,15400
2006-02-14,10180.51,10185.06,10064.46,10086.63,21400
2006-02-15,10144.9,10191.97,10036.01,10113.18,24000
2006-02-16,10133.42,10195.42,10110.46,10124.3,15600
2006-02-17,10168.55,10184.04,9970.0,9981.11,18800
2006-02-20,10002.36,10092.85,9896.64,10079.3,14800
2006-02-21,10108.16,10195.51,10108.16,10168.11,15000
2006-02-22,10179.26,10237.61,10157.26,10224.32,16000
2006-02-23,10268.51,10304.88,10228.22,10244.05,18800
2006-02-24,10256.74,10271.67,10177.12,10200.76,12800
2006-02-27,10214.58,10296.22,10109.34,10282.09,13000
2006-02-28,10308.71,10422.65,10206.06,10370.24,31800
2006-03-01,10368.75,10573.29,10344.26,10565.47,27600
2006-03-02,10597.19,10706.22,10593.8,10626.78,26800
2006-03-03,10649.28,10690.0,10556.03,10595.43,17800
2006-03-06,10616.99,10741.59,10616.99,10735.36,21600
2006-03-07,10747.87,10753.13,10661.62,10725.67,24400
2006-03-08,10728.39,10740.6,10493.91,10508.85,27200
2006-03-09,10533.89,10593.08,10376.54,10573.54,24800
2006-03-10,10581.64,10782.34,10581.64,10765.16,18400
2006-03-13,10818.94,10884.48,10782.53,10803.71,15800
2006-03-14,10796.82,10896.39,10761.22,10801.72,22600
2006-03-16,10859.39,10889.25,10830.19,10878.74,18400
2006-03-17,10902.26,10951.38,10844.03,10860.04,26400
2006-03-20,10903.25,10946.94,10889.41,10941.11,14000
2006-03-21,10945.62,11017.25,10863.61,10905.2,16200
2006-03-22,10900.02,10935.09,10784.42,10841.35,19000
2006-03-23,10861.95,10924.29,10792.98,10840.59,14400
2006-03-24,10851.8,10966.06,10851.8,10950.3,21800
2006-03-27,10996.36,11101.42,10996.36,11079.02,22400
2006-03-28,11114.43,11146.85,11051.13,11086.03,19000
2006-03-29,11103.87,11197.64,11103.87,11183.48,17800
2006-03-30,11241.78,11338.66,11227.82,11307.04,23400
2006-03-31,11325.96,11356.95,11231.16,11279.96,17200
2006-04-03,11342.96,11579.1,11342.96,11564.36,16600
2006-04-04,11599.8,11710.69,11570.11,11638.01,18000
2006-04-05,11671.14,11755.2,11653.39,11746.9,16200
2006-04-07,11845.13,11930.66,11564.87,11589.44,30400
2006-04-10,11620.38,11691.92,11535.28,11662.55,22000
2006-04-12,11693.15,11702.77,11302.78,11355.73,27000
2006-04-13,11366.91,11380.83,11008.43,11237.23,32800
2006-04-17,11323.74,11560.9,11323.74,11539.68,22800
2006-04-18,11624.97,11834.77,11624.97,11821.57,24200
2006-04-19,11880.05,11986.09,11799.62,11895.98,26200
2006-04-20,11941.49,12053.74,11866.21,12039.55,26400
2006-04-21,12053.9,12102.0,11860.35,12030.3,32800
2006-04-24,12063.73,12071.07,11882.48,11915.24,16600
2006-04-25,11943.08,11953.0,11621.61,11646.78,18800
2006-04-26,11677.05,11965.09,11635.4,11938.53,18600
2006-04-27,11968.8,12086.91,11803.49,11835.02,31200
2006-04-28,11698.68,11877.32,11344.61,11851.93,22800
2006-05-02,12103.78,12288.51,12103.78,12218.78,19800
2006-05-03,12231.12,12337.01,12134.19,12310.72,19200
2006-05-04,12358.31,12482.91,12264.14,12347.63,20200
2006-05-05,12373.47,12443.54,12304.59,12359.7,20000
2006-05-08,12393.22,12511.07,12393.22,12462.47,17600
2006-05-09,12488.38,12546.47,12356.04,12513.86,22400
2006-05-10,12546.93,12624.37,12530.98,12612.38,19000
2006-05-11,12631.54,12671.11,12397.02,12435.41,19000
2006-05-12,12400.71,12421.76,12224.44,12285.11,21000
2006-05-15,12272.64,12272.64,11770.76,11822.2,30200
2006-05-16,11861.18,11954.51,11378.96,11873.73,38200
2006-05-17,11962.87,12238.81,11962.87,12217.81,18800
2006-05-18,12163.98,12163.98,11330.45,11391.43,30600
2006-05-19,11549.67,11697.11,10799.01,10938.61,35000
2006-05-22,11071.63,11142.9,9826.91,10481.77,31400
2006-05-23,10590.67,10859.2,10185.48,10822.78,30400
2006-05-24,10830.98,11000.96,10504.59,10573.15,25600
2006-05-25,10520.9,10720.67,10274.93,10666.32,21200
2006-05-26,10735.14,11050.77,10735.14,10809.35,24800
2006-05-29,10855.03,10992.38,10781.61,10853.14,15400
2006-05-30,10886.61,10988.23,10722.92,10786.63,16200
2006-05-31,10679.49,10679.49,10111.96,10398.61,35800
2006-06-01,10472.46,10597.23,10017.82,10071.42,24200
2006-06-02,10104.57,10477.35,10011.45,10451.33,28400
2006-06-05,10537.08,10552.38,10186.33,10213.48,19200
2006-06-06,10087.96,10192.73,9884.89,9957.32,26200
2006-06-07,9919.28,10051.81,9609.21,9756.76,27000
2006-06-08,9664.9,9664.9,9200.8,9295.81,36800
2006-06-09,9270.78,9849.2,9262.2,9810.46,29400
2006-06-12,9858.47,9859.38,9428.03,9476.15,20400
2006-06-13,9360.06,9360.06,8993.58,9062.65,28000
2006-06-14,9156.97,9387.06,8799.01,8929.44,27400
2006-06-15,9133.36,9582.97,9092.16,9545.06,26200
2006-06-16,9703.06,10118.28,9703.06,9884.51,33400
2006-06-19,9903.11,10049.94,9755.21,9997.84,20800
2006-06-20,9958.33,9958.33,9745.17,9822.52,22400
2006-06-21,9797.87,10054.05,9757.54,10040.14,24800
2006-06-22,10093.38,10362.74,10093.38,10275.88,22400
2006-06-23,10201.31,10453.61,10025.19,10401.3,22600
2006-06-26,10427.85,10451.47,9991.12,10042.06,21800
2006-06-27,10058.29,10224.26,9902.33,10151.01,31400
2006-06-28,10067.55,10204.66,9909.76,10129.7,26000
2006-06-29,10193.94,10326.05,10109.56,10162.16,20200
2006-06-30,10316.12,10626.84,10316.12,10609.25,30600
2006-07-03,10646.56,10729.92,10589.46,10695.26,22600
2006-07-04,10755.45,10800.11,10644.72,10662.22,17400
2006-07-05,10641.33,10940.45,10611.35,10919.64,25600
2006-07-06,10836.49,10839.53,10703.0,10767.97,22000
2006-07-07,10813.75,10887.67,10440.02,10509.53,28000
2006-07-10,10484.25,10704.78,10461.73,10684.3,16600
2006-07-11,10699.62,10699.62,10566.71,10614.35,18400
2006-07-12,10604.64,10939.68,10549.85,10930.09,25600
2006-07-13,10922.61,10922.61,10797.49,10858.5,22200
2006-07-14,10782.98,10782.98,10563.76,10678.22,20800
2006-07-17,10647.26,10647.26,10262.57,10293.22,17800
2006-07-18,10336.62,10406.43,10149.85,10226.78,20200
2006-07-19,10320.59,10406.21,9972.73,10007.34,24400
2006-07-20,10247.87,10409.58,10225.18,10352.94,23600
2006-07-21,10336.38,10336.38,10035.24,10085.91,23000
2006-07-24,9881.03,10252.75,9875.35,10215.37,20600
2006-07-25,10351.75,10443.05,10323.77,10415.61,18400
2006-07-26,10465.34,10648.77,10362.61,10617.27,19600
2006-07-27,10671.77,10762.67,10589.68,10741.59,20800
2006-07-28,10787.65,10787.65,10603.83,10680.23,21000
2006-07-31,10759.19,10853.91,10710.29,10743.88,17800
2006-08-01,10737.5,10777.47,10646.65,10751.66,15800
2006-08-02,10747.13,10891.38,10730.13,10876.19,18600
2006-08-03,10955.27,11081.9,10875.87,10923.16,20600
2006-08-04,10951.81,11039.34,10810.04,10866.51,18800
2006-08-07,10863.28,10869.66,10780.01,10812.64,13600
2006-08-08,10839.53,11028.02,10839.53,11014.97,15200
2006-08-09,10990.73,11187.65,10943.83,11145.18,18400
2006-08-10,11175.0,11213.03,11051.75,11149.17,16600
2006-08-11,11181.34,11241.11,11069.25,11192.46,18600
2006-08-14,11221.86,11330.3,11221.86,11312.99,13200
2006-08-16,11384.05,11507.92,11384.05,11448.31,15200
2006-08-17,11498.47,11551.59,11379.44,11477.48,19800
2006-08-18,11507.14,11508.17,11409.11,11465.72,14600
2006-08-21,11488.03,11531.6,11375.9,11511.68,11000
2006-08-22,11547.42,11619.86,11460.93,11502.62,12200
2006-08-23,11579.92,11579.92,11374.86,11406.65,13200
2006-08-24,11367.74,11566.89,11297.23,11531.95,15600
2006-08-25,11589.35,11635.25,11542.1,11572.2,17000
2006-08-28,11583.73,11633.35,11552.44,11619.52,9200
2006-08-29,11651.96,11739.77,11651.96,11706.85,16000
2006-08-30,11735.05,11756.08,11643.38,11723.92,12800
2006-08-31,11754.07,11794.43,11675.08,11699.05,16600
2006-09-01,11699.57,11795.02,11666.01,11778.02,11600
2006-09-04,11824.49,11939.96,11824.49,11914.21,10000
2006-09-05,11927.42,11945.53,11847.93,11904.6,12000
2006-09-06,11908.53,11983.48,11904.92,11933.21,12400
2006-09-07,11893.33,11921.3,11815.43,11853.85,11800
2006-09-08,11859.44,11940.58,11825.22,11918.65,16400
2006-09-11,11959.56,11971.6,11505.6,11550.69,18600
2006-09-12,11564.95,11671.64,11445.19,11660.79,19400
2006-09-13,11723.78,11938.41,11723.78,11893.79,15400
2006-09-14,11936.8,12002.94,11892.24,11973.02,14400
2006-09-15,11977.69,12041.7,11847.61,12009.59,12800
2006-09-18,12006.19,12114.95,12006.19,12071.3,12400
2006-09-19,12103.44,12152.6,11915.21,11970.47,17200
2006-09-20,11946.32,12128.99,11833.61,12109.14,13800
2006-09-21,12167.91,12285.9,12167.91,12274.27,15000
2006-09-22,12244.41,12303.42,12170.2,12236.78,13400
2006-09-25,12257.27,12273.45,12145.09,12173.91,15200
2006-09-26,12206.79,12331.45,12160.58,12321.19,14200
2006-09-27,12359.01,12442.82,12339.98,12366.91,12600
2006-09-28,12388.66,12431.79,12340.17,12380.74,13400
2006-09-29,12414.66,12485.17,12381.29,12454.42,12600
2006-10-03,12473.79,12489.28,12343.8,12366.39,11600
2006-10-04,12401.09,12419.65,12178.83,12204.01,14400
2006-10-05,12299.21,12415.97,12299.21,12389.41,12200
2006-10-06,12391.26,12434.22,12357.96,12372.81,12000
2006-10-09,12335.82,12429.74,12261.49,12365.83,10600
2006-10-10,12416.43,12481.93,12341.34,12363.77,11400
2006-10-11,12446.72,12514.18,12301.51,12353.49,13800
2006-10-12,12387.89,12558.71,12315.02,12537.98,13600
2006-10-13,12632.62,12756.23,12632.62,12736.42,16600
2006-10-16,12785.03,12953.76,12785.03,12928.18,18800
2006-10-17,12981.53,12994.45,12819.35,12883.83,16000
2006-10-18,12886.33,12920.59,12830.84,12858.48,16400
2006-10-19,12881.8,12925.6,12654.98,12723.59,15400
2006-10-20,12756.41,12849.02,12679.85,12709.4,15800
2006-10-23,12757.31,12766.3,12612.36,12623.28,7800
2006-10-26,12636.16,12718.31,12636.16,12698.41,13200
2006-10-27,12741.85,12921.23,12741.85,12906.81,15200
2006-10-30,12925.43,13039.3,12844.85,13024.26,13800
2006-10-31,13048.76,13075.85,12907.94,12961.9,17200
2006-11-01,12992.62,13050.73,12937.3,13033.04,12800
2006-11-02,13062.52,13137.74,13014.65,13091.12,12000
2006-11-03,13119.34,13146.86,13017.84,13130.79,12600
2006-11-06,13155.11,13206.87,13113.39,13186.89,14600
2006-11-07,13208.79,13300.69,13135.21,13156.66,17200
2006-11-08,13176.08,13202.68,12950.57,13072.51,16400
2006-11-09,13107.78,13192.89,13069.85,13137.49,16800
2006-11-10,13187.51,13303.85,13104.98,13282.91,16400
2006-11-13,13295.24,13410.08,13287.28,13399.0,12800
2006-11-14,13439.71,13486.74,13380.77,13425.5,22000
2006-11-15,13476.28,13506.08,13390.79,13469.37,14400
2006-11-16,13500.7,13588.01,13459.28,13505.89,68200
2006-11-17,13678.04,13678.04,13383.43,13429.48,20800
2006-11-20,13390.95,13463.06,13200.36,13430.71,15600
2006-11-21,13434.58,13630.41,13434.58,13616.77,14200
2006-11-22,13625.09,13740.39,13625.09,13706.53,15200
2006-11-23,13667.13,13790.82,13643.47,13680.83,12200
2006-11-24,13669.81,13767.85,13665.52,13703.33,17800
2006-11-27,13716.46,13799.02,13716.46,13773.59,12000
2006-11-28,13690.67,13691.12,13577.38,13601.95,16000
2006-11-29,13649.2,13711.76,13586.04,13616.73,13600
2006-11-30,13630.9,13745.16,13630.61,13696.31,10800
2006-12-01,13729.67,13857.81,13725.78,13844.78,12200
2006-12-04,13846.71,13912.54,13828.9,13874.33,10000
2006-12-05,14028.47,14028.47,13905.65,13937.65,12400
2006-12-06,13951.09,14035.3,13847.67,13949.0,11000
2006-12-07,13962.94,14002.72,13915.74,13972.03,9600
2006-12-08,14007.67,14009.56,13756.86,13799.49,14800
2006-12-11,13783.0,13801.98,13261.73,13399.43,27200
2006-12-12,13413.61,13492.21,12801.65,12995.02,21200
2006-12-13,13039.02,13223.0,12830.38,13181.34,20800
2006-12-14,13256.81,13524.77,13239.79,13487.16,14600
2006-12-15,13545.6,13669.65,13545.6,13614.52,18800
2006-12-18,13695.6,13744.17,13416.4,13731.09,14200
2006-12-19,13737.36,13748.62,13237.39,13382.01,18600
2006-12-20,13452.69,13568.09,13232.56,13340.21,15400
2006-12-21,13313.91,13441.36,13182.35,13384.86,12000
2006-12-22,13398.13,13493.88,13362.11,13471.74,10800
2006-12-26,13501.44,13726.62,13490.77,13708.34,8200
2006-12-27,13734.01,13911.59,13734.01,13859.69,11400
2006-12-28,13893.29,13960.39,13819.77,13846.34,11600
2006-12-29,13873.03,13929.1,13770.06,13786.91,8800
2007-01-02,13827.77,13980.54,13797.44,13942.24,9600
2007-01-03,13969.45,14035.67,13897.42,14014.92,11600
2007-01-04,14029.04,14060.35,13850.38,13871.71,14600
2007-01-05,13768.79,13971.82,13763.39,13860.52,13200
2007-01-08,13855.89,13855.89,13599.87,13652.15,11600
2007-01-09,13650.96,13748.42,13493.38,13566.33,36600
2007-01-10,13569.57,13569.57,13336.52,13362.16,12600
2007-01-11,13331.38,13667.8,13303.22,13630.71,15600
2007-01-12,13729.07,14070.88,13729.07,14056.53,14400
2007-01-15,14110.44,14202.12,14103.12,14129.64,15400
2007-01-16,14146.0,14211.15,14070.65,14114.73,9000
2007-01-17,14116.25,14185.12,14089.63,14131.34,9000
2007-01-18,14165.77,14325.92,14140.35,14217.75,13800
2007-01-19,14271.24,14300.11,14067.52,14182.71,14400
2007-01-22,14217.8,14259.07,14111.75,14209.24,11200
2007-01-23,14212.12,14212.12,14025.74,14041.24,14600
2007-01-24,14069.61,14156.46,14043.54,14110.46,18000
2007-01-25,14151.62,14307.19,14115.4,14282.72,15600
2007-01-29,14306.97,14316.54,14185.92,14211.96,12800
2007-01-31,14219.38,14269.31,14045.61,14090.92,25000
2007-02-01,14124.36,14278.08,14109.91,14267.18,14200
2007-02-02,14293.11,14462.77,14293.11,14403.77,18400
2007-02-05,14432.09,14526.51,14372.36,14515.9,11600
2007-02-06,14541.24,14564.8,14452.78,14478.19,18600
2007-02-07,14493.56,14663.26,14478.45,14643.13,11400
2007-02-08,14690.58,14697.69,14523.16,14652.09,11600
2007-02-09,14684.35,14723.88,14493.67,14538.9,12200
2007-02-12,14529.28,14529.28,14146.22,14190.7,21200
2007-02-13,14168.33,14363.74,13957.7,14090.98,24400
2007-02-14,13990.41,14036.61,13805.36,14009.9,22400
2007-02-15,14107.09,14372.96,14107.09,14355.55,16200
2007-02-19,14406.88,14479.18,14372.07,14402.9,12600
2007-02-20,14449.23,14466.76,14230.47,14253.38,13200
2007-02-21,14199.07,14312.88,14157.72,14188.49,14600
2007-02-22,14200.11,14287.03,13978.05,14021.31,16200
2007-02-23,14071.27,14071.27,13568.08,13632.53,18200
2007-02-26,13684.95,13723.4,13383.88,13649.52,17400
2007-02-27,13703.41,13703.41,13408.56,13478.83,15400
2007-02-28,13045.12,13298.52,12800.91,12938.09,35800
2007-03-01,13013.74,13193.13,12861.35,13159.55,24200
2007-03-02,13139.1,13254.03,12836.75,12886.13,19600
2007-03-05,12716.85,12716.85,12344.44,12415.04,27600
2007-03-06,12573.01,12760.22,12427.13,12697.09,21600
2007-03-07,12792.9,12902.18,12390.46,12579.75,19800
2007-03-08,12649.77,13099.83,12596.86,13049.35,20800
2007-03-09,13107.37,13145.72,12788.16,12884.99,25200
2007-03-12,12916.67,13056.86,12844.99,12902.63,17200
2007-03-13,12924.5,13026.85,12817.62,12982.98,15000
2007-03-14,12694.36,12694.36,12504.1,12529.62,19200
2007-03-15,12655.94,12789.81,12510.75,12543.85,16200
2007-03-16,12570.52,12638.78,12316.1,12430.4,14800
2007-03-19,12484.64,12655.0,12426.66,12644.99,12000
2007-03-20,12746.94,12798.8,12674.77,12705.94,15600
2007-03-21,12735.91,12964.94,12664.33,12945.88,16000
2007-03-22,13071.81,13326.24,13071.81,13308.03,19000
2007-03-23,13343.57,13386.95,13196.9,13285.93,16400
2007-03-26,13345.73,13345.73,13090.8,13124.32,12200
2007-03-28,13034.27,13035.56,12861.18,12884.34,13200
2007-03-29,12862.53,13004.4,12832.69,12979.66,15600
2007-03-30,13018.21,13111.87,12984.13,13072.1,13600
2007-04-02,12811.93,12811.93,12425.52,12455.37,15800
2007-04-03,12503.75,12657.75,12481.86,12624.58,12200
2007-04-04,12691.24,12835.36,12691.24,12786.77,18800
2007-04-05,12791.6,12899.31,12711.5,12856.08,15800
2007-04-09,12904.85,13194.0,12904.85,13177.74,13800
2007-04-10,13236.2,13236.2,13075.48,13189.54,15400
2007-04-11,13221.76,13294.9,13161.21,13183.24,16000
2007-04-12,13127.86,13160.15,13030.87,13113.81,12200
2007-04-13,13163.02,13421.05,13119.88,13384.08,18400
2007-04-16,13479.49,13708.4,13479.49,13695.58,14200
2007-04-17,13733.18,13755.76,13581.04,13607.04,14200
2007-04-18,13602.9,13762.92,13602.9,13672.19,14200
2007-04-19,13538.71,13658.11,13423.64,13619.7,15800
2007-04-20,13684.95,13915.62,13684.95,13897.41,21200
2007-04-23,13972.81,14046.52,13879.39,13928.33,42800
2007-04-24,13893.72,14197.32,13850.07,14136.72,22000
2007-04-25,14141.7,14238.29,14052.17,14217.77,18000
2007-04-26,14273.17,14383.72,14127.18,14228.88,16800
2007-04-27,14219.25,14219.25,13884.53,13908.58,19800
2007-04-30,13823.4,13901.12,13693.59,13872.37,15400
2007-05-03,13987.77,14107.06,13987.77,14078.21,14200
2007-05-04,14129.89,14189.21,13912.92,13934.27,13200
2007-05-07,14044.71,14067.07,13861.38,13879.25,11600
2007-05-08,13886.0,13956.4,13741.24,13765.46,12800
2007-05-09,13707.86,13806.37,13612.04,13781.51,12400
2007-05-10,13823.36,13976.79,13745.23,13771.23,13600
2007-05-11,13691.86,13864.18,13562.95,13796.16,16000
2007-05-14,13954.41,14026.02,13924.02,13965.86,11200
2007-05-15,13948.91,14023.86,13885.46,13929.33,11200
2007-05-16,13949.81,14159.36,13936.88,14127.31,19800
2007-05-17,14217.36,14352.98,14217.36,14299.71,17600
2007-05-18,14261.47,14337.06,14201.01,14303.41,12400
2007-05-21,14414.83,14451.3,14384.61,14418.6,30800
2007-05-22,14458.48,14483.59,14348.26,14453.72,17000
2007-05-23,14490.03,14500.64,14325.89,14363.26,18000
2007-05-24,14344.7,14389.66,14174.05,14218.11,13600
2007-05-25,14073.61,14364.95,14046.06,14338.45,14000
2007-05-28,14467.85,14527.47,14368.4,14397.89,12000
2007-05-29,14418.98,14530.15,14372.07,14508.21,11000
2007-05-30,14501.46,14576.37,14379.21,14411.38,15000
2007-05-31,14451.31,14573.81,14448.57,14544.46,12400
2007-06-01,14610.28,14682.1,14539.89,14570.75,13800
2007-06-04,14618.78,14683.36,14465.68,14495.77,15200
2007-06-05,14514.2,14571.31,14432.67,14535.01,10800
2007-06-06,14551.53,14590.82,14234.07,14255.93,22800
2007-06-07,14195.84,14362.58,14139.09,14186.18,17000
2007-06-08,14063.94,14229.22,14010.61,14063.81,18600
2007-06-11,14170.81,14268.91,14057.63,14083.41,12000
2007-06-12,14122.33,14153.44,13946.99,14130.95,13600
2007-06-13,14139.92,14152.79,13968.38,14003.03,13000
2007-06-14,14087.91,14219.24,14087.91,14203.72,11800
2007-06-15,14277.61,14326.55,14112.53,14162.71,13000
2007-06-18,14241.76,14283.71,14057.26,14080.14,9400
2007-06-19,14088.58,14315.18,14058.79,14295.5,9400
2007-06-20,14359.96,14449.38,14347.58,14411.95,11200
2007-06-21,14415.56,14526.44,14406.67,14499.24,13800
2007-06-22,14508.63,14560.32,14441.76,14467.36,18600
2007-06-25,14469.43,14521.62,14424.71,14487.72,16200
2007-06-26,14478.75,14560.48,14478.75,14501.08,12400
2007-06-27,14520.19,14520.19,14407.12,14431.06,10400
2007-06-28,14498.05,14537.04,14435.24,14504.57,16000
2007-06-29,14589.52,14663.25,14574.45,14650.51,10800
2007-07-02,14685.16,14745.97,14638.88,14664.26,9200
2007-07-03,14720.0,14828.39,14720.0,14806.51,9200
2007-07-04,14868.14,14906.93,14790.75,14880.24,14800
2007-07-05,14932.53,14963.26,14731.22,14861.89,18800
2007-07-06,14843.43,15007.22,14826.56,14964.12,20000
2007-07-09,15018.71,15085.22,15005.47,15045.73,14200
2007-07-10,15100.13,15114.95,14966.4,15009.88,12600
2007-07-11,14948.15,15015.35,14829.55,14910.62,14600
2007-07-12,14963.53,15112.22,14963.53,15092.04,19800
2007-07-13,15216.83,15330.73,15216.83,15272.72,24000
2007-07-16,15295.03,15341.38,15239.41,15311.22,20000
2007-07-17,15357.6,15440.2,15272.46,15289.82,15800
2007-07-18,15296.06,15325.78,15160.27,15301.17,13000
2007-07-19,15357.38,15593.31,15357.38,15550.13,18600
2007-07-20,15625.63,15683.03,15524.68,15565.55,18000
2007-07-23,15560.57,15773.37,15477.91,15732.2,13400
2007-07-24,15802.19,15868.85,15742.32,15794.92,22200
2007-07-25,15711.87,15771.26,15572.98,15699.33,25200
2007-07-26,15768.28,15812.27,15654.4,15776.31,17000
2007-07-27,15487.76,15495.51,15159.68,15234.57,30200
2007-07-30,15278.03,15451.81,15135.25,15260.91,20400
2007-07-31,15358.69,15568.85,15224.82,15550.99,18200
2007-08-01,15344.02,15344.02,14910.52,14935.77,22800
2007-08-02,15022.87,15134.53,14896.47,14985.7,14400
2007-08-03,15061.13,15235.51,15061.13,15138.4,11400
2007-08-06,14892.6,14928.8,14705.58,14903.03,15600
2007-08-07,15038.03,15142.04,14901.83,14932.77,14000
2007-08-08,15088.07,15340.24,15088.07,15307.98,17200
2007-08-09,15452.44,15542.4,15062.1,15100.15,16400
2007-08-10,14674.92,14901.31,14570.89,14868.25,16400
2007-08-13,14965.65,15044.74,14869.15,15017.21,9400
2007-08-14,15066.71,15069.64,14964.66,15000.91,9600
2007-08-16,14584.92,14584.92,14345.03,14358.21,21800
2007-08-17,14309.37,14318.56,13779.88,14141.52,32400
2007-08-20,14512.28,14680.09,14406.91,14427.55,12400
2007-08-21,14512.19,14534.51,13941.93,13989.11,15800
2007-08-22,14055.4,14281.48,13870.7,14248.66,19400
2007-08-23,14458.33,14554.93,14128.72,14163.98,17800
2007-08-24,14237.26,14455.49,14163.61,14424.87,10400
2007-08-27,14581.35,14858.93,14581.35,14842.38,11600
2007-08-28,14841.61,14952.04,14751.68,14919.19,14200
2007-08-29,14651.49,15029.53,14592.11,14993.04,17400
2007-08-30,15168.69,15200.81,15053.98,15121.74,18400
2007-08-31,15131.36,15350.91,15131.36,15318.6,14400
2007-09-03,15401.99,15427.16,15323.05,15422.05,15000
2007-09-04,15482.13,15521.48,15389.62,15465.4,13400
2007-09-05,15535.35,15580.86,15407.0,15446.15,16200
2007-09-06,15383.18,15637.74,15350.18,15616.31,11200
2007-09-07,15655.37,15716.06,15565.22,15590.42,14000
2007-09-10,15413.58,15626.28,15363.53,15596.83,11200
2007-09-11,15668.4,15698.98,15506.1,15542.77,12000
2007-09-12,15608.5,15661.44,15486.81,15505.36,13200
2007-09-13,15547.66,15650.14,15547.66,15614.44,13400
2007-09-14,15713.66,15824.65,15568.36,15603.8,13400
2007-09-17,15664.74,15726.06,15467.46,15504.43,9400
2007-09-18,15547.07,15691.88,15468.8,15669.12,12200
2007-09-19,15940.79,16335.3,15940.79,16322.75,22800
2007-09-20,16341.55,16415.88,16261.36,16347.95,21600
2007-09-21,16352.32,16616.84,16308.09,16564.23,92400
2007-09-24,16697.89,16869.64,16599.66,16845.83,21200
2007-09-25,16890.75,16928.02,16676.98,16899.54,18800
2007-09-26,16969.45,17073.87,16887.07,16921.39,16400
2007-09-27,17059.61,17188.4,17018.56,17150.56,19000
2007-09-28,17152.31,17361.47,17152.31,17291.1,22600
2007-10-01,17356.99,17425.34,17144.58,17328.62,22200
2007-10-03,17467.41,17953.07,17288.41,17847.04,32800
2007-10-04,17799.63,17890.49,17494.7,17777.14,20800
2007-10-05,17831.68,17979.18,17708.8,17773.36,20000
2007-10-08,17901.94,17982.59,17322.14,17491.39,20400
2007-10-09,17402.24,18327.42,17287.19,18280.24,25600
2007-10-10,18473.43,18703.67,18436.99,18658.25,26000
2007-10-11,18696.62,18832.65,18536.97,18814.07,35400
2007-10-12,18794.63,18844.62,18336.0,18419.04,30000
2007-10-15,18525.61,19095.75,18525.61,19058.67,22800
2007-10-16,19102.93,19174.45,18777.75,19051.86,27400
2007-10-17,18037.9,18841.29,17307.9,18715.82,36800
2007-10-18,18827.46,19198.66,17771.16,17998.39,41600
2007-10-19,18031.77,18031.77,17226.18,17559.98,35400
2007-10-22,17259.65,17704.83,17171.45,17613.99,78400
2007-10-23,17910.3,18542.41,17910.3,18492.84,21600
2007-10-24,18727.9,18832.49,18317.17,18512.91,25200
2007-10-25,18519.23,18900.1,18459.51,18770.89,23200
2007-10-26,18823.66,19276.45,18629.53,19243.17,23200
2007-10-29,19621.39,20024.87,19621.39,19977.67,20600
2007-10-30,20103.44,20238.16,19694.85,19783.51,20600
2007-10-31,19827.4,19984.13,19735.21,19837.99,31000
2007-11-01,20130.23,20204.21,19634.47,19724.35,26000
2007-11-02,19364.61,20025.63,19255.77,19976.23,19200
2007-11-05,20009.35,20009.35,19502.45,19590.78,19000
2007-11-06,19689.79,19919.34,19337.85,19400.67,18000
2007-11-07,19552.53,19678.5,19249.47,19289.83,13600
2007-11-08,19110.4,19209.91,18917.4,19058.93,16400
2007-11-12,18640.52,18815.11,18333.21,18737.27,22800
2007-11-13,18681.1,19210.48,18636.21,19035.48,23200
2007-11-14,19336.96,19987.71,19336.96,19929.06,20800
2007-11-15,19947.72,19967.08,19723.2,19784.89,19200
2007-11-16,19603.09,19838.03,19472.51,19698.36,19000
2007-11-19,19895.49,19971.44,19583.97,19633.36,12600
2007-11-20,19510.94,19714.22,19196.42,19280.8,14400
2007-11-21,19197.57,19218.88,18515.3,18602.62,16600
2007-11-22,18724.11,18744.55,18182.83,18526.32,19800
2007-11-23,18737.22,18910.46,18548.06,18852.87,14000
2007-11-26,19171.25,19360.23,19137.66,19247.54,11400
2007-11-27,19128.86,19211.58,19019.33,19127.73,8800
2007-11-28,19316.76,19316.76,18884.2,18938.87,11000
2007-11-29,19290.67,19297.01,18930.31,19003.26,13400
2007-11-30,19136.12,19424.99,19006.89,19363.19,13800
2007-12-03,19547.09,19619.44,19446.68,19603.41,12800
2007-12-04,19707.59,19707.86,19482.34,19529.5,14400
2007-12-05,19628.85,19790.92,19560.68,19738.07,14600
2007-12-06,20018.17,20064.31,19716.57,19795.87,14800
2007-12-07,20063.5,20094.56,19706.43,19966.0,14800
2007-12-10,20074.92,20095.69,19834.01,19930.68,10200
2007-12-11,20049.35,20333.06,20019.34,20290.89,11600
2007-12-12,20197.44,20419.11,20045.42,20375.87,14800
2007-12-13,20498.11,20498.11,20065.63,20104.39,17000
2007-12-14,20108.09,20171.57,19936.49,20030.83,14800
2007-12-17,20032.67,20032.67,19177.19,19261.35,15400
2007-12-18,19339.14,19375.07,19009.35,19079.64,15200
2007-12-19,19255.39,19397.76,18886.4,19091.96,12600
2007-12-20,19210.22,19291.14,19097.7,19162.57,11400
2007-12-24,19308.2,19879.0,19308.2,19854.12,12200
2007-12-26,19940.96,20211.47,19896.61,20192.52,12000
2007-12-27,20301.05,20323.76,20159.73,20216.72,13200
2007-12-28,20158.12,20259.45,20022.88,20206.95,10600
2007-12-31,20323.28,20484.28,20239.63,20286.99,10400
2008-01-02,20393.1,20529.48,20077.4,20465.3,20600
2008-01-03,20383.03,20519.7,20293.87,20345.2,20600
2008-01-04,20367.94,20762.8,20367.94,20686.89,18600
2008-01-07,20637.21,20861.83,20438.19,20812.65,17600
2008-01-08,20970.07,21077.53,20696.6,20873.33,22800
2008-01-09,20903.0,21113.13,20701.49,20869.78,22200
2008-01-10,20930.28,21206.77,20530.07,20582.08,21200
2008-01-11,20702.94,20894.79,20505.81,20827.45,18200
2008-01-14,20918.23,20959.22,20661.9,20728.05,16800
2008-01-15,20836.47,20872.93,20203.63,20251.09,19400
2008-01-16,20079.89,20079.89,19513.25,19868.11,24600
2008-01-17,19972.75,20026.12,19643.76,19700.82,20200
2008-01-18,19579.61,19715.78,18930.42,19013.7,28000
2008-01-21,18919.57,18919.57,16951.5,17605.35,35800
2008-01-22,16884.09,17068.57,15332.42,16729.94,30600
2008-01-23,17520.02,17997.11,16951.03,17594.07,22000
2008-01-24,17920.98,18185.1,17070.05,17221.74,22800
2008-01-25,17504.0,18406.25,17504.0,18361.66,15200
2008-01-28,18011.89,18213.21,17443.29,18152.78,12400
2008-01-29,18346.49,18491.06,17927.92,18091.94,14800
2008-01-30,18120.22,18129.18,17683.51,17758.64,13400
2008-01-31,17810.13,18008.71,17417.63,17648.71,16800
2008-02-01,17820.67,18312.4,17534.96,18242.58,14800
2008-02-04,18496.03,18895.34,18447.25,18660.32,17400
2008-02-05,18592.58,18729.83,18509.54,18663.16,19000
2008-02-06,18247.03,18274.15,17936.01,18139.49,16400
2008-02-07,18198.68,18198.68,17492.28,17526.93,17400
2008-02-08,17610.07,17688.73,17203.06,17464.89,19200
2008-02-11,17427.34,17427.34,16457.74,16630.91,20000
2008-02-12,16812.63,16966.72,16565.48,16608.01,14400
2008-02-13,16816.94,17141.06,16725.68,16949.14,14200
2008-02-14,17265.19,17836.64,17265.19,17766.63,14400
2008-02-15,17541.17,18142.92,17445.05,18115.25,17400
2008-02-18,18228.21,18256.82,17900.96,18048.05,11800
2008-02-19,18215.26,18314.1,18018.48,18075.66,12800
2008-02-20,17991.29,17991.29,17505.56,17617.6,12800
2008-02-21,17825.22,17887.21,17482.31,17734.68,15800
2008-02-22,17503.04,17526.8,17347.26,17349.07,9800
2008-02-25,17523.81,17674.06,17137.99,17650.57,13200
2008-02-26,17799.56,17860.1,17678.74,17806.19,11000
2008-02-27,17983.42,18137.28,17770.65,17825.99,13000
2008-02-28,17810.52,17921.51,17690.16,17824.48,18200
2008-02-29,17779.54,17779.54,17258.2,17578.72,23000
2008-03-03,17227.56,17227.56,16634.63,16677.88,21800
2008-03-04,16742.2,16754.06,16164.57,16339.89,20600
2008-03-05,16328.91,16595.64,16253.02,16542.08,21600
2008-03-07,16211.96,16211.96,15689.92,15975.52,24400
2008-03-10,15684.24,15998.33,15362.17,15923.72,21800
2008-03-11,15778.27,16168.13,15739.04,16123.15,22400
2008-03-12,16541.14,16683.37,16064.09,16127.98,23000
2008-03-13,15873.28,15873.28,15228.99,15357.35,21200
2008-03-14,15467.39,15798.42,15331.35,15760.52,23800
2008-03-17,15326.93,15326.93,14739.72,14809.49,22600
2008-03-18,14725.68,15164.73,14677.24,14833.46,47600
2008-03-19,15325.79,15465.81,14930.08,14994.83,28200
2008-03-24,15093.77,15351.31,15056.09,15289.4,20200
2008-03-25,15612.61,16262.38,15612.61,16217.49,29400
2008-03-26,16270.12,16309.88,16009.87,16086.83,24600
2008-03-27,15950.29,16111.44,15869.09,16015.56,24200
2008-03-28,16100.26,16452.08,15884.45,16371.29,23800
2008-03-31,16226.66,16226.66,15563.15,15644.44,23200
2008-04-01,15771.72,15834.05,15297.96,15626.62,15300
2008-04-02,16023.3,16236.7,15719.47,15750.4,16800
2008-04-03,15805.63,16002.73,15699.21,15832.55,15600
2008-04-04,15896.09,15896.09,15303.04,15343.12,19000
2008-04-07,15390.15,15851.88,15321.56,15757.08,19800
2008-04-08,15770.16,15770.4,15479.42,15587.62,18400
2008-04-09,15512.7,15829.59,15464.72,15790.51,16400
2008-04-10,15754.87,15953.54,15655.2,15695.1,22000
2008-04-11,15840.56,15957.24,15673.67,15807.64,19600
2008-04-15,15694.41,16249.46,15573.03,16153.66,22400
2008-04-16,16288.76,16413.8,16198.56,16244.19,22000
2008-04-17,16456.04,16570.57,16397.17,16481.2,17800
2008-04-21,16611.41,16778.59,16611.41,16739.33,20200
2008-04-22,16686.55,16853.96,16597.53,16783.87,21400
2008-04-23,16823.99,16871.27,16589.45,16698.04,17000
2008-04-24,16796.26,16844.02,16668.6,16721.08,19000
2008-04-25,16781.97,17150.92,16781.97,17125.98,21600
2008-04-28,17251.56,17271.56,16978.89,17015.96,19200
2008-04-29,17050.87,17424.94,17011.6,17378.46,27600
2008-04-30,17479.01,17480.74,17241.88,17287.31,26200
2008-05-02,17560.15,17621.24,17445.93,17600.12,24600
2008-05-05,17687.0,17735.7,17457.27,17490.9,20200
2008-05-06,17441.41,17502.15,17237.68,17373.01,23200
2008-05-07,17404.15,17413.81,17229.98,17339.31,21200
2008-05-08,17212.61,17212.61,17038.03,17080.65,18200
2008-05-09,17020.79,17125.95,16678.94,16737.07,18600
2008-05-12,16641.45,16897.36,16546.55,16860.9,18000
2008-05-13,17008.03,17085.63,16697.47,16752.86,17000
2008-05-14,16691.3,17014.94,16626.35,16978.35,19000
2008-05-15,17084.89,17366.19,17079.94,17353.54,25000
2008-05-16,17476.41,17497.36,17315.52,17434.94,17000
2008-05-20,17366.05,17367.13,17136.26,17230.18,16600
2008-05-21,17065.61,17293.34,17041.63,17243.16,19600
2008-05-22,17104.59,17104.59,16863.38,16907.11,16800
2008-05-23,16958.8,17054.34,16626.11,16649.64,17600
2008-05-26,16468.32,16498.24,16300.88,16348.5,15800
2008-05-27,16454.75,16506.35,16237.92,16275.59,16200
2008-05-28,16358.62,16563.3,16217.78,16525.37,21600
2008-05-29,16666.03,16666.03,16196.02,16316.26,20000
2008-05-30,16454.03,16540.49,16314.99,16415.57,18400
2008-06-02,16591.46,16632.72,15991.21,16063.18,17600
2008-06-03,15851.72,15985.4,15709.51,15962.56,20200
2008-06-04,15992.9,15992.9,15442.34,15514.79,23800
2008-06-05,15479.65,15814.8,15314.02,15769.72,28600
2008-06-06,15914.41,15970.7,15526.5,15572.18,19600
2008-06-09,15115.97,15202.74,14846.18,15066.1,24400
2008-06-10,14979.96,15088.03,14645.31,14889.25,26400
2008-06-11,15018.68,15225.81,15009.48,15185.32,34600
2008-06-12,14957.53,15270.85,14748.07,15250.2,25000
2008-06-13,15327.1,15337.1,15135.81,15189.62,20200
2008-06-16,15400.57,15553.37,15340.34,15395.82,15200
2008-06-17,15388.36,15732.75,15358.75,15696.9,18200
2008-06-18,15744.21,15789.62,15390.22,15422.31,22000
2008-06-19,15250.47,15259.36,15051.66,15087.99,18600
2008-06-20,15194.73,15194.73,14520.88,14571.29,26000
2008-06-23,14423.05,14509.69,14163.45,14293.32,24600
2008-06-24,14290.16,14432.9,13991.31,14106.58,24800
2008-06-25,13776.21,14247.16,13736.01,14220.07,23000
2008-06-26,14300.72,14449.81,14196.68,14421.82,21800
2008-06-27,14127.76,14127.76,13760.78,13802.22,32200
2008-06-30,13791.02,13872.06,13405.54,13461.6,22400
2008-07-01,13480.02,13613.01,12904.09,12961.68,27600
2008-07-02,12948.05,13711.01,12822.75,13664.62,32000
2008-07-03,13458.3,13458.3,12934.92,13094.11,29200
2008-07-04,13097.01,13508.38,13031.43,13454.0,31400
2008-07-07,13561.92,13793.39,13476.29,13525.99,21200
2008-07-08,13226.04,13451.67,13049.96,13349.65,25400
2008-07-09,13581.41,13998.48,13581.41,13964.26,27600
2008-07-10,13851.59,14046.59,13763.94,13926.24,26400
2008-07-11,14063.45,14063.45,13351.34,13469.85,29000
2008-07-14,13333.03,13557.21,13270.4,13330.51,23600
2008-07-15,13067.08,13067.08,12607.62,12676.19,30000
2008-07-16,12759.76,12935.25,12514.99,12575.8,31200
2008-07-17,12909.57,13150.35,12843.79,13111.85,33600
2008-07-18,13234.53,13684.27,13093.34,13635.4,36600
2008-07-21,13782.13,13878.88,13581.19,13850.04,32400
2008-07-22,13837.64,14206.13,13798.18,14104.2,35600
2008-07-23,14568.22,14979.9,14568.22,14942.28,39000
2008-07-24,15082.37,15130.09,14608.05,14777.01,31200
2008-07-25,14451.95,14484.39,14210.63,14274.94,27800
2008-07-28,14267.03,14421.61,14219.38,14349.11,21800
2008-07-29,14085.53,14153.12,13727.14,13791.54,23600
2008-07-30,14007.32,14322.67,14002.19,14287.21,26000
2008-07-31,14359.48,14369.42,14161.76,14355.75,27800
2008-08-01,14064.26,14682.33,14032.87,14656.69,40200
2008-08-04,14594.64,14725.94,14503.51,14577.87,24800
2008-08-05,14562.68,14986.63,14529.21,14961.07,35600
2008-08-06,15263.65,15422.82,15035.6,15073.54,32600
2008-08-07,15031.86,15280.06,14992.97,15117.25,25800
2008-08-08,15036.57,15228.82,14888.12,15167.82,21000
2008-08-11,15430.31,15520.71,15367.97,15503.92,26200
2008-08-12,15577.2,15579.78,15124.91,15212.13,27000
2008-08-13,15030.21,15272.56,15013.06,15093.12,19200
2008-08-14,15017.68,15033.28,14686.66,14724.18,22000
2008-08-18,14681.14,14824.92,14600.65,14645.66,19600
2008-08-19,14517.76,14604.11,14368.72,14543.73,17600
2008-08-20,14610.57,14746.2,14584.03,14678.23,18400
2008-08-21,14646.98,14646.98,14201.18,14243.73,19400
2008-08-22,14153.39,14428.52,14136.86,14401.49,20400
2008-08-25,14643.37,14672.69,14416.2,14450.35,17000
2008-08-26,14338.27,14495.27,14286.38,14482.22,18800
2008-08-27,14563.1,14563.1,14261.69,14296.79,15600
2008-08-28,14289.97,14347.19,14002.43,14048.34,18800
2008-08-29,14279.02,14586.16,14279.02,14564.53,32400
2008-09-01,14412.99,14547.41,14281.1,14498.51,14800
2008-09-02,14609.44,15106.15,14543.21,15049.86,25700
2008-09-04,14895.85,14994.15,14766.01,14899.1,19800
2008-09-05,14569.01,14601.39,14438.59,14483.83,23200
2008-09-08,15038.06,15107.01,14917.06,14944.97,23400
2008-09-09,14814.33,14998.32,14714.92,14900.76,19800
2008-09-10,14717.53,14866.32,14609.83,14662.61,22800
2008-09-11,14557.33,14557.33,14265.38,14324.29,22800
2008-09-12,14433.2,14433.2,13933.87,14000.81,26800
2008-09-15,13592.05,13592.05,13150.81,13531.27,24000
2008-09-16,13051.73,13556.03,13051.73,13518.8,33600
2008-09-17,13620.74,13620.74,13127.96,13262.9,30400
2008-09-18,12712.82,13346.79,12558.14,13315.6,48000
2008-09-19,13763.83,14097.44,13674.96,14042.32,47400
2008-09-22,14215.33,14215.33,13917.48,13994.96,35800
2008-09-23,13721.42,13978.26,13543.47,13570.31,29600
2008-09-24,13636.71,13840.81,13592.79,13692.52,40200
2008-09-25,13716.88,13716.88,13430.68,13547.18,36600
2008-09-26,13486.2,13486.2,13054.42,13102.18,29000
2008-09-29,13109.96,13109.96,12402.84,12595.75,37000
2008-09-30,12178.18,12995.2,12153.55,12860.43,38400
2008-10-01,13006.72,13203.86,12697.3,13055.67,32400
2008-10-03,12851.47,13001.19,12472.61,12526.32,37200
2008-10-06,12284.49,12284.49,11732.97,11801.7,33000
2008-10-07,12068.11,12181.08,11501.85,11695.24,40400
2008-10-08,11316.24,11405.73,10740.76,11328.36,66200
2008-10-10,10632.27,10904.13,10239.76,10527.85,62400
2008-10-13,10817.68,11361.32,10817.68,11309.09,43800
2008-10-14,11781.43,11870.22,11410.49,11483.4,36000
2008-10-15,11245.27,11257.15,10760.33,10809.12,34800
2008-10-16,10221.53,10787.2,10017.8,10581.49,51600
2008-10-17,10763.34,10786.93,9911.32,9975.35,47400
2008-10-20,10160.47,10538.05,10023.28,10223.09,35400
2008-10-21,10428.11,10750.2,10250.23,10683.39,45800
2008-10-22,10455.23,10484.85,10128.22,10169.9,33400
2008-10-23,9683.26,10260.55,9682.4,9771.7,41000
2008-10-24,9497.48,9570.71,8566.82,8701.07,63600
2008-10-27,8588.86,8739.48,7697.39,8509.56,55400
2008-10-29,9297.76,9297.76,8894.34,9044.51,55000
2008-10-31,9361.66,9870.42,9361.66,9788.06,57200
2008-11-03,10209.37,10373.17,10112.66,10337.68,44800
2008-11-04,10304.57,10668.48,10116.22,10631.12,51000
2008-11-05,10931.17,10945.41,10051.52,10120.01,53400
2008-11-06,9755.03,10109.45,9635.22,9734.22,49400
2008-11-07,9631.59,10065.37,9631.59,9964.29,42000
2008-11-10,10154.56,10570.58,10095.9,10536.16,45400
2008-11-11,10386.45,10397.36,9800.67,9839.69,63600
2008-11-12,9683.75,9928.6,9376.73,9536.33,52400
2008-11-14,9784.85,9826.25,9267.49,9385.42,46200
2008-11-17,9396.93,9424.25,8956.68,9291.01,41800
2008-11-18,9084.12,9169.05,8871.71,8937.2,41000
2008-11-19,8970.67,9236.27,8726.8,8773.78,42600
2008-11-20,8400.88,8540.46,8316.39,8451.01,40000
2008-11-21,8481.02,8988.03,8442.31,8915.21,59200
2008-11-24,8840.53,9042.02,8701.93,8903.12,43800
2008-11-25,9170.28,9182.8,8649.4,8695.53,41600
2008-11-26,8806.02,9061.72,8658.53,9026.72,44600
2008-11-28,8889.18,9157.62,8889.18,9092.72,34000
2008-12-01,9162.94,9326.68,8803.34,8839.87,45200
2008-12-02,8535.83,8785.04,8467.43,8739.24,41000
2008-12-03,8851.22,8854.81,8601.41,8747.43,52400
2008-12-04,8779.02,9245.06,8726.71,9229.75,55200
2008-12-05,9172.58,9340.69,8914.38,8965.2,53000
2008-12-08,9276.89,9432.11,9095.7,9162.62,50200
2008-12-10,9349.53,9678.7,9280.16,9654.9,65000
2008-12-11,9679.32,9746.01,9441.97,9645.46,68800
2008-12-12,9370.87,9745.51,9281.89,9690.07,6400
2008-12-15,9821.85,9948.33,9749.29,9832.39,47000
2008-12-16,9794.48,10009.21,9790.31,9976.98,41000
2008-12-17,10073.1,10073.1,9682.91,9715.29,75800
2008-12-18,9710.2,10110.34,9633.04,10076.43,69200
2008-12-19,10001.33,10188.54,9987.42,10099.91,59600
2008-12-22,10102.42,10173.34,9895.55,9928.35,39000
2008-12-23,9813.2,9838.38,9643.56,9686.75,52600
2008-12-24,9626.07,9653.42,9502.53,9568.72,68800
2008-12-26,9655.07,9706.38,9294.98,9328.92,43000
2008-12-29,9318.86,9550.4,9162.66,9533.52,65800
2008-12-30,9625.13,9785.04,9494.7,9716.16,56600
2008-12-31,9806.64,9825.9,9587.92,9647.31,63800
2009-01-02,9973.06,10070.28,9863.86,9958.22,51600
2009-01-05,10124.92,10306.17,10069.11,10275.6,51200
2009-01-06,10241.51,10392.12,10150.68,10335.93,55600
2009-01-07,10424.96,10469.72,9510.15,9586.88,217600
2009-01-09,9434.85,9630.4,9250.82,9406.47,158200
2009-01-12,9306.74,9327.3,9024.45,9110.05,98000
2009-01-13,9042.36,9261.0,8992.92,9071.36,45200
2009-01-14,9223.16,9412.97,9071.36,9370.49,32000
2009-01-15,9000.62,9123.78,8946.62,9046.74,37600
2009-01-16,9125.65,9342.47,9125.65,9323.59,35400
2009-01-19,9365.04,9409.51,9273.47,9329.57,30000
2009-01-20,9159.76,9159.76,9033.55,9100.55,31200
2009-01-21,8900.78,9051.31,8734.93,8779.17,32400
2009-01-22,8905.97,8927.69,8699.32,8813.84,39200
2009-01-23,8804.15,8858.84,8631.6,8674.35,44000
2009-01-27,8803.07,9021.97,8791.58,9004.08,34200
2009-01-28,9077.65,9270.75,9053.8,9257.47,39800
2009-01-29,9340.59,9379.68,9164.96,9236.28,38800
2009-01-30,9111.12,9438.31,9088.15,9424.24,48000
2009-02-02,9363.58,9363.58,9048.97,9066.7,39800
2009-02-03,9128.99,9302.25,9040.56,9149.3,46000
2009-02-04,9226.2,9338.21,9164.16,9201.85,41600
2009-02-05,9241.56,9247.09,9017.08,9090.88,29600
2009-02-06,9161.49,9321.38,9160.83,9300.86,28400
2009-02-09,9359.0,9601.56,9329.3,9583.89,20000
2009-02-10,9589.95,9724.87,9510.63,9647.47,45000
2009-02-11,9462.14,9648.39,9459.59,9618.54,37600
2009-02-12,9559.03,9578.99,9445.54,9465.83,33800
2009-02-13,9540.6,9695.59,9540.6,9634.74,30000
2009-02-16,9637.04,9637.04,9279.1,9305.45,37200
2009-02-17,9213.4,9213.4,8994.34,9035.0,28400
2009-02-18,8939.38,9112.99,8929.62,9015.18,36800
2009-02-19,9034.9,9111.27,8977.8,9042.63,27400
2009-02-20,8943.78,8943.78,8762.58,8843.21,28000
2009-02-24,8707.35,8856.52,8619.22,8822.06,32400
2009-02-25,8913.44,8995.04,8880.15,8902.56,32200
2009-02-26,8905.56,8998.31,8788.94,8954.86,37200
2009-02-27,8944.11,8944.11,8728.66,8891.61,42200
2009-03-02,8762.88,8762.88,8563.52,8607.08,30200
2009-03-03,8583.06,8635.2,8393.05,8427.29,35200
2009-03-04,8473.25,8501.46,8373.24,8446.49,40600
2009-03-05,8535.03,8535.03,8167.75,8197.92,51400
2009-03-06,8103.75,8347.1,8047.17,8325.82,52200
2009-03-09,8259.22,8259.22,8110.1,8160.4,26400
2009-03-12,8274.78,8439.26,8274.78,8343.75,36200
2009-03-13,8480.74,8793.21,8480.74,8756.61,49400
2009-03-16,8793.89,8955.73,8697.46,8943.54,49400
2009-03-17,8942.01,9024.12,8801.79,8863.82,47200
2009-03-18,8956.3,9120.4,8951.32,8976.68,45600
2009-03-19,9023.04,9086.77,8900.39,9001.75,36000
2009-03-20,8951.34,8999.98,8867.13,8966.68,32800
2009-03-23,9040.3,9454.69,9040.3,9424.02,43200
2009-03-24,9549.52,9699.0,9402.64,9471.04,50000
2009-03-25,9442.3,9704.69,9430.45,9667.9,49400
2009-03-26,9739.93,10061.36,9739.93,10003.1,45200
2009-03-27,10036.8,10127.09,9913.4,10048.49,52800
2009-03-30,9902.35,9902.35,9521.76,9568.14,41400
2009-03-31,9633.21,9826.22,9547.21,9708.5,53000
2009-04-01,9745.77,9921.96,9546.29,9901.99,45800
2009-04-02,10107.25,10431.98,10107.25,10348.83,64600
2009-04-06,10521.78,10654.89,10410.44,10534.87,53800
2009-04-08,10283.58,10778.11,10173.0,10742.34,56400
2009-04-09,10876.15,10929.33,10655.96,10803.86,58400
2009-04-13,10916.43,11069.54,10800.84,10967.22,43000
2009-04-15,10805.14,11337.75,10719.18,11284.73,70200
2009-04-16,11358.06,11362.31,10900.47,10947.4,60200
2009-04-17,11067.71,11339.47,10946.25,11023.09,53600
2009-04-20,11065.1,11209.66,10863.28,10979.5,43200
2009-04-21,10765.39,11068.82,10764.08,10898.11,45000
2009-04-22,10968.6,11036.24,10715.66,10817.54,39000
2009-04-23,10841.57,11200.86,10758.97,11134.99,41800
2009-04-24,11149.47,11362.88,11070.33,11329.05,44600
2009-04-27,11237.42,11492.1,11176.55,11371.85,52400
2009-04-28,11371.34,11371.34,10961.76,11001.75,47600
2009-04-29,11091.56,11430.25,11091.56,11403.25,40400
2009-05-04,11635.24,12160.32,11635.24,12134.75,46400
2009-05-05,12159.74,12197.88,11985.88,12131.08,48400
2009-05-06,12100.69,12272.04,11899.41,11952.75,49200
2009-05-07,12064.51,12143.95,11981.13,12116.94,47800
2009-05-08,12092.97,12180.07,11765.06,11876.43,55200
2009-05-11,11997.37,12026.6,11621.3,11682.99,36000
2009-05-12,11629.97,12194.63,11625.39,12158.03,40000
2009-05-13,12201.93,12256.43,11934.44,12019.65,217600
2009-05-14,11774.04,11935.86,11695.52,11872.91,39000
2009-05-15,11948.7,12218.98,11948.7,12173.42,35000
2009-05-18,13479.39,14284.21,13479.39,14284.21,800
2009-05-19,14757.82,14930.54,13840.83,14302.03,89400
2009-05-20,14230.73,14405.51,13976.49,14060.66,51000
2009-05-21,14043.38,14089.51,13704.43,13736.54,44800
2009-05-22,13663.54,13936.93,13611.3,13887.15,39400
2009-05-25,13999.44,14027.6,13819.78,13913.22,37400
2009-05-26,13983.26,13991.46,13524.93,13589.23,37800
2009-05-27,13851.85,14122.78,13848.15,14109.64,47000
2009-05-28,14139.14,14376.34,14080.98,14296.01,42600
2009-05-29,14384.76,14726.6,14384.76,14625.25,45200
2009-06-01,14790.89,14906.81,14658.01,14840.63,44200
2009-06-02,14942.21,14994.22,14608.23,14874.91,43800
2009-06-03,14902.62,15045.88,14734.9,14870.9,43000
2009-06-04,14755.08,15026.03,14601.91,15008.68,39200
2009-06-05,15040.24,15257.3,14994.05,15103.55,36800
2009-06-08,15153.21,15184.87,14604.23,14665.92,31400
2009-06-09,14618.98,15159.27,14526.69,15127.0,51600
2009-06-10,15168.18,15580.81,15168.18,15466.81,42400
2009-06-11,15517.36,15568.74,15242.19,15411.47,42000
2009-06-12,15446.82,15600.3,15174.28,15237.94,40600
2009-06-15,15195.83,15261.03,14808.09,14875.52,34600
2009-06-16,14788.27,15022.19,14621.97,14957.91,32000
2009-06-17,14978.5,14995.66,14447.93,14522.84,35400
2009-06-18,14503.05,14630.73,14188.25,14265.53,75800
2009-06-19,14321.98,14559.08,14179.77,14521.89,37400
2009-06-22,14591.28,14668.4,14269.77,14326.22,31600
2009-06-23,14147.87,14394.19,14016.95,14324.01,35600
2009-06-24,14388.21,14479.82,14207.02,14422.73,30600
2009-06-25,14476.15,14578.46,14261.14,14345.62,29600
2009-06-26,14373.57,14781.94,14373.57,14764.64,32400
2009-06-29,14764.64,14955.55,14685.45,14785.74,26600
2009-06-30,14785.74,14907.48,14420.41,14493.84,35200
2009-07-01,14493.84,14727.49,14355.52,14645.47,28800
2009-07-02,14694.31,14764.35,14469.69,14658.49,31200
2009-07-03,14552.72,14945.85,14499.74,14913.05,29000
2009-07-06,14962.12,15097.87,13959.44,14043.4,43400
2009-07-07,14103.65,14251.88,14000.68,14170.45,35800
2009-07-08,14039.58,14039.58,13701.76,13769.15,37600
2009-07-09,13796.19,13879.18,13643.97,13757.46,28400
2009-07-10,13803.12,13897.19,13418.39,13504.22,27800
2009-07-13,13405.95,13461.68,13219.99,13400.32,24600
2009-07-14,13549.42,13903.48,13549.42,13853.7,23800
2009-07-15,13917.27,14299.54,13891.04,14253.24,27200
2009-07-16,14351.97,14493.1,14169.58,14250.25,35000
2009-07-17,14325.58,14800.7,14250.25,14744.92,37600
2009-07-20,14854.17,15209.36,14854.17,15191.01,34800
2009-07-21,15218.83,15234.21,14955.88,15062.49,35000
2009-07-22,15124.92,15369.42,14786.58,14843.12,41800
2009-07-23,15008.78,15264.84,14843.12,15231.04,55200
2009-07-24,15272.01,15418.61,15168.52,15378.96,43200
2009-07-27,15350.89,15463.09,15228.46,15375.04,36600
2009-07-28,15428.5,15463.46,15240.53,15331.94,40800
2009-07-29,15293.19,15379.43,14888.41,15173.46,39000
2009-07-30,15169.23,15409.91,15065.48,15387.96,30400
2009-07-31,15449.47,15732.81,15449.47,15670.31,34000
2009-08-03,15694.78,15963.36,15608.4,15924.23,32400
2009-08-04,15940.1,16002.46,15699.13,15830.98,43400
2009-08-05,15882.39,15973.1,15695.11,15903.83,29600
2009-08-06,15881.47,15969.81,15443.22,15514.03,37800
2009-08-07,15440.95,15501.94,15104.0,15160.24,33200
2009-08-10,15287.14,15417.34,14902.02,15009.77,37200
2009-08-11,15000.38,15218.65,14864.23,15074.59,31000
2009-08-12,14953.44,15043.62,14701.05,15020.16,34000
2009-08-13,15207.96,15545.13,15207.96,15518.49,28800
2009-08-14,15530.38,15535.47,15367.61,15411.63,28600
2009-08-17,15284.23,15411.63,14740.63,14784.92,25600
2009-08-18,14745.8,15134.51,14740.26,15035.26,29200
2009-08-19,15079.04,15096.94,14684.45,14809.64,26600
2009-08-20,14930.05,15145.0,14928.18,15012.32,16800
2009-08-21,14951.49,15275.17,14835.08,15240.83,21400
2009-08-24,15362.93,15676.35,15362.93,15628.75,19800
2009-08-25,15573.91,15735.32,15423.39,15688.47,29200
2009-08-26,15763.09,15831.49,15695.94,15769.85,20000
2009-08-27,15711.8,15853.71,15685.49,15781.07,18600
2009-08-28,15770.19,15957.67,15663.35,15922.34,30400
2009-08-31,15812.15,15821.35,15589.8,15666.64,25600
2009-09-01,15691.27,15923.09,15475.28,15551.19,26800
2009-09-02,15482.05,15628.1,15392.68,15467.46,23600
2009-09-03,15539.34,15598.18,15356.72,15398.33,22000
2009-09-04,15425.86,15740.83,15358.94,15689.12,30800
2009-09-07,15793.27,16035.5,15793.27,16016.32,25000
2009-09-08,16030.56,16232.16,16030.56,16123.67,35000
2009-09-09,16111.09,16215.74,16044.77,16183.55,30600
2009-09-10,16295.92,16434.77,16166.42,16216.86,30000
2009-09-11,16254.57,16337.98,16130.32,16264.3,28200
2009-09-14,16185.26,16252.18,16119.95,16214.19,23600
2009-09-15,16255.42,16477.23,16255.42,16454.45,19600
2009-09-16,16498.59,16700.56,16498.59,16677.04,30200
2009-09-17,16686.38,16820.02,16636.55,16711.11,44200
2009-09-18,16650.05,16765.03,16610.05,16741.3,28000
2009-09-22,16805.22,16943.49,16763.78,16886.43,22800
2009-09-23,16905.5,16905.58,16683.78,16719.5,48400
2009-09-24,16634.08,16834.1,16494.92,16781.43,24600
2009-09-25,16679.99,16812.02,16613.22,16693.0,20400
2009-09-29,16829.11,16907.84,16802.8,16852.91,16000
2009-09-30,16868.46,17142.52,16868.46,17126.84,20600
2009-10-01,17186.2,17195.61,17059.36,17134.55,28000
2009-10-05,17062.01,17062.01,16835.8,16866.41,24800
2009-10-06,16879.38,16988.56,16622.05,16958.54,50200
2009-10-07,17069.42,17120.56,16764.07,16806.66,32800
2009-10-08,16908.02,16998.52,16775.36,16843.54,37000
2009-10-09,16915.96,16963.08,16606.95,16642.66,27000
2009-10-12,16687.32,17068.78,16687.32,17026.67,24200
2009-10-14,17117.9,17274.59,17117.9,17231.11,31800
2009-10-15,17274.07,17350.39,17092.83,17195.2,30200
2009-10-16,17196.8,17347.85,17126.55,17322.82,28200
2009-10-20,17414.8,17457.26,17185.04,17223.01,24600
2009-10-21,17229.72,17248.69,16997.86,17009.17,25600
2009-10-22,17031.54,17031.54,16721.26,16789.74,25600
2009-10-23,16795.66,17006.77,16765.2,16810.81,24400
2009-10-26,16808.05,16938.88,16706.08,16740.5,22000
2009-10-27,16699.09,16699.09,16311.5,16353.4,30800
2009-10-28,16335.78,16411.14,16144.17,16283.49,29600
2009-10-29,16191.39,16264.09,15993.83,16052.72,26200
2009-10-30,16135.87,16360.88,15805.2,15896.28,38600
2009-11-03,15838.63,15957.06,15330.56,15404.94,32400
2009-11-04,15487.97,15929.09,15487.97,15912.13,30400
2009-11-05,15926.13,16092.38,15564.89,16063.9,33800
2009-11-06,16137.42,16283.86,16075.19,16158.28,28200
2009-11-09,16190.79,16517.42,16147.21,16498.72,20400
2009-11-10,16552.43,16677.53,16371.66,16440.56,26600
2009-11-11,16444.44,16887.8,16405.19,16849.6,26600
2009-11-12,16822.18,16896.62,16605.01,16696.03,27200
2009-11-13,16693.15,16909.74,16666.7,16848.83,21400
2009-11-16,16893.11,17083.2,16893.11,17032.51,19000
2009-11-17,17036.23,17080.17,16882.98,17050.65,20400
2009-11-18,17032.01,17098.79,16958.41,16998.78,18200
2009-11-19,17004.98,17004.98,16712.33,16785.65,18200
2009-11-20,16772.75,17041.79,16635.75,17021.85,22400
2009-11-23,17067.14,17214.58,17045.02,17180.18,22000
2009-11-24,17230.86,17230.86,17027.52,17131.08,18200
2009-11-25,17149.08,17290.48,17124.15,17198.95,17000
2009-11-26,17199.05,17202.51,16808.87,16854.93,24000
2009-11-27,16718.8,16718.8,16210.44,16632.01,28400
2009-11-30,16655.75,17026.91,16655.75,16926.22,23200
2009-12-01,16947.46,17218.46,16947.46,17198.27,20000
2009-12-02,17226.49,17329.68,17142.36,17169.91,22200
2009-12-03,17199.64,17361.27,17128.21,17185.68,18200
2009-12-04,17182.23,17291.83,17032.81,17101.54,18200
2009-12-07,17106.74,17176.62,16943.01,16983.14,21000
2009-12-08,16984.54,17237.79,16964.11,17227.68,18600
2009-12-09,17204.32,17227.96,17057.37,17125.22,21800
2009-12-10,17107.0,17231.05,17032.3,17189.31,19200
2009-12-11,17199.74,17351.71,17056.12,17119.03,19200
2009-12-14,17118.14,17275.19,17048.17,17097.55,17200
2009-12-15,17150.59,17200.47,16835.78,16877.16,18600
2009-12-16,16866.95,16996.12,16777.94,16912.77,19400
2009-12-17,16912.25,16979.52,16826.0,16894.25,22000
2009-12-18,16855.91,16899.19,16693.06,16719.83,18600
2009-12-21,16724.84,16750.99,16577.78,16601.2,17200
2009-12-22,16633.81,16738.12,16633.81,16692.0,14400
2009-12-23,16723.96,17252.09,16723.96,17231.11,26600
2009-12-24,17265.47,17413.69,17198.09,17360.61,22400
2009-12-29,17388.67,17486.05,17372.63,17401.56,14400
2009-12-30,17402.24,17440.05,17322.8,17343.82,13800
2009-12-31,17365.37,17530.94,17365.37,17464.81,16600
2010-01-04,17473.45,17582.84,17378.38,17558.73,28200
2010-01-05,17555.77,17729.78,17555.77,17686.24,27000
2010-01-06,17719.47,17790.33,17636.71,17701.13,21400
2010-01-07,17701.97,17733.34,17566.54,17615.72,18000
2010-01-08,17603.87,17658.12,17508.96,17540.29,17200
2010-01-11,17724.59,17776.57,17500.79,17526.71,18400
2010-01-12,17534.1,17612.0,17392.55,17422.51,18600
2010-01-13,17368.03,17528.31,17276.46,17509.8,26200
2010-01-14,17525.71,17628.04,17525.71,17584.87,23400
2010-01-15,17604.31,17639.85,17529.11,17554.3,17600
2010-01-18,17538.72,17712.6,17505.5,17641.08,15400
2010-01-19,17650.82,17664.86,17463.78,17486.06,13400
2010-01-20,17486.69,17590.59,17425.05,17474.49,17000
2010-01-21,17474.49,17474.49,17025.26,17051.14,17200
2010-01-22,16978.36,17000.33,16608.09,16859.68,23200
2010-01-25,16847.7,16877.77,16705.56,16780.46,16400
2010-01-27,16708.6,16708.6,16230.85,16289.82,25600
2010-01-28,16317.16,16524.69,16182.14,16306.87,21600
2010-01-29,16253.82,16390.31,15982.08,16357.96,25400
2010-02-01,16339.32,16422.4,16160.8,16356.03,20000
2010-02-02,16368.44,16525.98,16129.11,16163.44,20600
2010-02-03,16210.25,16552.99,16210.25,16496.05,16400
2010-02-04,16500.29,16508.22,16188.8,16224.95,15800
2010-02-05,16222.56,16222.56,15725.43,15790.93,23000
2010-02-08,15931.34,16061.41,15651.99,15935.61,26600
2010-02-09,15940.73,16094.13,15862.9,16042.18,21200
2010-02-10,16042.18,16141.13,15892.01,15922.17,19800
2010-02-11,15928.28,16202.87,15928.28,16152.59,14400
2010-02-15,16186.9,16227.04,16011.82,16038.35,17000
2010-02-16,16042.18,16310.39,16021.29,16226.68,20600
2010-02-17,16228.91,16480.89,16228.91,16428.91,19600
2010-02-18,16421.2,16452.51,16287.17,16327.84,14000
2010-02-19,16256.53,16301.94,16074.58,16191.63,19400
2010-02-22,16191.32,16423.23,16191.32,16237.05,14000
2010-02-23,16213.14,16324.93,16178.91,16286.32,13400
2010-02-24,16218.68,16328.44,16187.44,16255.97,12400
2010-02-25,16264.1,16329.33,16167.13,16254.2,12200
2010-02-26,16255.33,16669.25,16249.67,16429.55,31000
2010-03-02,16438.45,16808.49,16438.45,16772.56,22400
2010-03-03,16778.29,17012.61,16778.29,17000.01,20000
2010-03-04,17013.68,17024.96,16888.05,16971.7,19000
2010-03-05,16988.29,17097.71,16936.12,16994.49,19600
2010-03-08,17034.92,17187.55,17034.92,17102.6,15200
2010-03-09,17089.22,17130.83,17031.21,17052.54,56600
2010-03-10,17072.94,17183.51,17027.92,17098.33,16800
2010-03-11,17087.63,17215.07,17054.28,17167.96,11400
2010-03-12,17176.02,17244.54,17126.93,17166.62,24000
2010-03-15,17166.97,17195.49,17061.14,17164.99,14200
2010-03-16,17169.84,17416.55,17150.06,17383.18,12400
2010-03-17,17389.47,17576.78,17389.47,17490.08,16800
2010-03-18,17492.81,17548.13,17417.61,17519.26,13600
2010-03-19,17531.47,17600.87,17502.14,17578.23,13800
2010-03-22,17481.96,17559.18,17337.38,17410.57,12200
2010-03-23,17422.51,17530.79,17356.64,17451.02,12600
2010-03-25,17458.51,17575.23,17383.21,17558.85,13800
2010-03-26,17558.85,17682.94,17558.85,17644.76,13000
2010-03-29,17639.18,17793.01,17639.18,17711.35,14800
2010-03-30,17703.67,17783.35,17558.22,17590.17,12600
2010-03-31,17602.39,17699.5,17488.55,17527.77,13600
2010-04-01,17555.04,17706.56,17555.04,17692.62,13000
2010-04-05,17693.66,17948.54,17693.66,17935.68,12800
2010-04-06,17940.32,17991.41,17898.0,17941.37,12400
2010-04-07,17915.6,18047.86,17878.31,17970.02,13200
2010-04-08,17950.56,17960.91,17679.34,17714.4,11800
2010-04-09,17715.16,17971.47,17715.16,17933.14,12200
2010-04-12,17874.16,17995.25,17816.19,17853.0,9800
2010-04-13,17831.38,17892.78,17736.09,17821.96,12800
2010-04-15,17804.55,17975.57,17619.02,17639.26,12600
2010-04-16,17645.91,17663.99,17529.55,17591.18,11600
2010-04-19,17584.86,17584.86,17276.8,17400.68,11800
2010-04-20,17394.68,17560.09,17394.68,17460.58,14000
2010-04-21,17458.76,17565.55,17446.51,17472.56,10000
2010-04-22,17476.48,17778.34,17408.02,17573.99,17600
2010-04-23,17533.88,17725.88,17533.88,17694.2,17200
2010-04-26,17692.26,17826.48,17692.26,17745.28,14800
2010-04-27,17744.93,17769.25,17678.56,17690.62,12200
2010-04-28,17643.59,17643.59,17344.58,17380.08,17000
2010-04-29,17382.09,17532.86,17382.09,17503.47,10800
2010-04-30,17503.47,17646.61,17503.47,17558.71,12200
2010-05-03,17536.86,17536.86,17345.92,17386.08,10400
2010-05-04,17371.75,17464.82,17101.96,17137.14,19800
2010-05-05,17103.95,17121.66,16858.23,17087.96,20000
2010-05-06,17080.47,17080.47,16823.0,16987.53,16400
2010-05-07,16939.58,16939.58,16684.13,16769.11,19400
2010-05-10,16799.49,17356.54,16799.49,17330.55,19800
2010-05-11,17336.13,17379.15,17104.45,17141.53,20400
2010-05-12,17141.53,17252.52,17028.08,17195.81,18400
2010-05-13,17323.63,17389.15,17240.35,17265.87,18000
2010-05-14,17267.25,17329.32,16923.65,16994.6,15200
2010-05-17,16961.92,16961.92,16551.0,16835.56,20400
2010-05-18,16840.59,17000.34,16744.13,16875.76,16800
2010-05-19,16802.39,16802.39,16373.32,16408.49,22200
2010-05-20,16419.1,16617.8,16419.1,16519.68,21600
2010-05-21,16317.94,16486.74,16187.03,16445.61,24200
2010-05-24,16494.61,16757.73,16413.03,16469.55,22200
2010-05-25,16444.57,16444.57,15960.15,16022.48,21600
2010-05-26,16069.78,16410.35,16069.78,16387.84,18400
2010-05-27,16410.88,16694.55,16331.1,16666.4,18800
2010-05-28,16692.66,16891.17,16692.66,16863.06,19000
2010-05-31,16872.17,16971.15,16806.5,16944.63,15600
2010-06-01,16942.82,16942.82,16318.39,16572.03,20600
2010-06-02,16574.79,16774.15,16571.45,16741.84,29000
2010-06-03,16786.28,17072.63,16786.28,17022.33,21800
2010-06-04,17036.55,17150.42,16963.92,17117.69,22400
2010-06-07,17069.77,17069.77,16686.73,16781.07,26000
2010-06-08,16760.6,16895.73,16560.64,16617.1,27400
2010-06-09,16621.12,16817.69,16591.26,16657.89,36600
2010-06-10,16668.91,16942.6,16668.91,16922.08,24800
2010-06-11,16994.07,17131.56,16994.07,17064.95,24600
2010-06-14,17118.74,17351.18,17118.74,17338.17,17400
2010-06-15,17355.49,17442.5,17249.46,17412.83,22400
2010-06-16,17500.3,17530.38,17407.3,17462.87,27400
2010-06-17,17490.52,17647.42,17394.9,17616.69,25400
2010-06-18,17628.02,17721.99,17525.29,17570.82,24000
2010-06-21,17654.81,17919.62,17654.81,17876.55,26200
2010-06-22,17868.12,17868.12,17725.63,17749.69,15200
2010-06-23,17694.87,17782.41,17629.19,17755.94,17600
2010-06-24,17750.51,17845.65,17632.8,17730.24,15600
2010-06-25,17705.11,17714.73,17546.73,17574.53,19200
2010-06-28,17577.66,17794.8,17571.85,17774.26,19200
2010-06-29,17777.95,17777.95,17465.73,17534.09,19200
2010-06-30,17476.85,17725.04,17373.78,17700.9,18200
2010-07-01,17679.34,17679.34,17455.41,17509.33,16200
2010-07-02,17523.47,17598.94,17426.78,17460.95,17200
2010-07-05,17473.83,17505.73,17423.74,17441.44,7800
2010-07-06,17402.68,17643.14,17395.58,17614.48,15600
2010-07-07,17623.66,17623.66,17447.15,17471.03,15200
2010-07-08,17536.48,17728.37,17536.48,17651.73,14200
2010-07-09,17667.85,17857.58,17667.85,17833.54,26000
2010-07-12,17875.97,18010.07,17874.95,17937.2,16200
2010-07-13,17908.3,17998.04,17855.85,17985.9,17000
2010-07-14,18024.95,18167.22,17897.26,17938.16,16800
2010-07-15,17874.71,17978.56,17858.73,17909.46,11800
2010-07-16,17911.13,17980.27,17892.16,17955.82,13200
2010-07-19,17914.12,18005.07,17856.4,17928.42,11800
2010-07-20,17918.43,18040.17,17848.07,17878.14,11600
2010-07-21,17873.92,18012.2,17873.92,17977.23,13000
2010-07-22,17978.37,18127.9,17879.88,18113.15,16000
2010-07-23,18132.29,18237.56,18093.93,18130.98,17400
2010-07-26,18056.24,18194.09,17993.88,18020.05,16800
2010-07-27,17998.74,18149.56,17998.74,18077.61,15800
2010-07-28,18077.85,18137.14,17925.4,17957.37,15400
2010-07-29,17961.58,18013.1,17902.84,17992.0,11600
2010-07-30,17981.06,18000.35,17838.92,17868.29,14000
2010-08-02,17911.31,18104.24,17911.31,18081.21,11000
2010-08-03,18149.9,18167.45,18072.38,18114.83,13800
2010-08-04,18115.56,18249.46,18093.03,18217.44,11200
2010-08-05,18234.85,18295.43,18156.45,18172.83,10200
2010-08-06,18165.49,18244.56,18118.19,18143.99,9800
2010-08-09,18141.11,18309.25,18139.9,18287.5,11000
2010-08-10,18272.28,18293.4,18170.77,18219.99,17800
2010-08-11,18177.35,18263.88,18042.89,18070.19,20200
2010-08-12,17972.65,18113.62,17914.78,18073.9,19600
2010-08-13,18080.29,18260.39,18050.42,18167.03,18600
2010-08-16,18169.8,18203.92,17997.46,18050.78,16000
2010-08-17,18049.19,18140.15,18026.0,18048.85,12800
2010-08-18,18067.67,18286.0,18067.67,18257.12,14800
2010-08-19,18276.5,18475.27,18276.5,18454.94,14600
2010-08-20,18444.24,18464.14,18360.9,18401.82,14200
2010-08-23,18400.33,18454.38,18371.02,18409.35,11400
2010-08-24,18407.01,18451.73,18260.71,18311.59,14400
2010-08-25,18308.51,18312.43,18156.0,18179.64,15800
2010-08-26,18194.78,18261.06,18159.13,18226.35,12800
2010-08-27,18205.9,18248.36,17944.16,17998.41,13600
2010-08-30,18063.48,18216.5,17960.23,18032.11,11600
2010-08-31,18015.66,18015.66,17819.99,17971.12,16400
2010-09-01,18027.12,18227.14,18027.12,18205.87,14400
2010-09-02,18215.28,18355.84,18215.28,18238.31,13400
2010-09-03,18238.08,18316.32,18206.5,18221.43,9400
2010-09-06,18124.29,18600.3,18124.29,18560.05,18200
2010-09-07,18571.73,18711.2,18571.43,18645.06,14600
2010-09-08,18627.67,18721.21,18540.65,18666.71,20200
2010-09-09,18669.12,18823.17,18669.12,18799.66,13200
2010-09-13,18845.31,19243.44,18845.31,19208.33,15800
2010-09-14,19218.13,19487.02,19218.13,19346.96,21000
2010-09-15,19343.74,19554.5,19340.99,19502.11,17400
2010-09-16,19476.93,19636.66,19383.46,19417.49,16200
2010-09-17,19436.71,19639.18,19436.71,19594.75,16600
2010-09-20,19445.42,19927.3,19445.42,19906.1,19600
2010-09-21,19925.79,20088.96,19860.88,20001.55,15800
2010-09-22,20039.43,20105.54,19804.02,19941.72,14400
2010-09-23,19944.3,19998.32,19771.63,19861.01,11800
2010-09-24,19836.43,20071.75,19833.52,20045.18,17400
2010-09-27,20082.26,20267.98,20082.26,20117.38,17400
2010-09-28,20114.37,20157.51,19981.96,20104.86,13400
2010-09-29,20086.89,20234.05,19923.11,19956.34,18800
2010-09-30,19931.49,20114.73,19864.46,20069.12,15800
2010-10-01,20094.1,20475.47,20094.1,20445.04,19200
2010-10-04,20501.21,20706.74,20437.36,20475.73,15000
2010-10-05,20461.98,20560.54,20383.16,20407.71,17800
2010-10-06,20448.69,20669.95,20447.05,20543.08,16200
2010-10-07,20544.3,20581.29,20272.77,20315.32,19200
2010-10-08,20297.58,20409.19,20145.74,20250.26,15400
2010-10-11,20250.26,20461.27,20250.26,20339.89,11600
2010-10-12,20357.79,20368.4,20107.25,20203.34,13400
2010-10-13,20223.45,20703.97,20211.66,20687.88,14400
2010-10-14,20700.42,20854.55,20442.82,20497.64,15200
2010-10-15,20518.5,20578.45,20090.18,20125.05,9400
2010-10-18,20160.55,20229.39,19870.51,20168.89,12600
2010-10-19,20298.55,20332.02,19923.96,19983.13,12000
2010-10-20,19924.02,20043.82,19822.66,19872.15,10600
2010-10-21,19951.34,20293.1,19886.12,20260.58,12800
2010-10-22,20334.14,20351.74,20088.67,20165.86,13200
2010-10-25,20199.73,20452.3,20199.73,20303.12,12200
2010-10-26,20325.44,20344.68,20189.3,20221.39,10200
2010-10-27,20220.58,20220.58,19923.71,20005.37,12000
2010-10-28,20116.49,20185.46,19869.32,19941.04,11600
2010-10-29,19986.32,20080.33,19768.96,20032.34,14400
2010-11-01,20272.49,20609.65,20267.1,20355.63,5400
2010-11-02,20407.18,20418.35,20281.73,20345.69,13200
2010-11-03,20472.86,20538.8,20426.18,20465.74,10000
2010-11-04,20605.63,20917.03,20605.63,20893.57,12800
2010-11-08,21041.97,21075.71,20822.37,20852.38,13800
2010-11-09,20851.91,20984.08,20762.81,20932.48,11800
2010-11-10,20917.54,20970.91,20849.92,20875.71,15200
2010-11-11,20930.45,20937.38,20544.22,20589.09,12600
2010-11-12,20529.74,20593.91,20108.4,20156.89,14600
2010-11-15,20167.62,20335.51,20046.6,20309.69,14200
2010-11-16,20371.73,20380.1,19832.22,19865.14,15200
2010-11-18,19997.83,20056.44,19615.51,19930.64,21800
2010-11-19,19982.75,19983.89,19504.87,19585.44,16400
2010-11-22,19713.84,19989.02,19641.42,19957.59,11000
2010-11-23,19841.42,19841.42,19342.69,19691.84,14200
2010-11-24,19735.28,19835.57,19375.92,19459.85,12200
2010-11-25,19560.25,19628.27,19257.37,19318.16,13800
2010-11-26,19391.96,19417.61,18954.82,19136.61,25200
2010-11-29,19230.34,19450.09,19167.19,19405.1,12400
2010-11-30,19373.23,19610.46,19218.02,19521.25,18800
2010-12-01,19529.99,19887.26,19525.15,19850.0,15000
2010-12-02,20038.66,20084.25,19917.77,19992.7,16600
2010-12-03,20007.89,20067.81,19877.12,19966.93,13800
2010-12-06,20038.25,20217.86,19944.71,19981.31,14000
2010-12-07,19982.9,20008.36,19824.44,19934.64,13400
2010-12-08,19874.3,19875.51,19611.35,19696.48,12600
2010-12-09,19746.15,19771.09,19160.87,19242.36,17200
2010-12-10,19201.89,19537.4,19074.57,19508.89,16000
2010-12-13,19600.28,19710.57,19321.41,19691.78,15400
2010-12-14,19746.75,19836.82,19621.41,19799.19,13400
2010-12-15,19791.22,19817.61,19571.43,19647.77,14000
2010-12-16,19698.58,19897.22,19554.35,19864.85,15400
2010-12-20,19770.02,20006.16,19711.12,19888.88,11200
2010-12-21,19925.76,20090.84,19925.76,20060.32,14200
2010-12-22,20118.82,20151.25,19931.31,20015.8,12000
2010-12-23,20038.83,20076.08,19939.3,19982.88,7600
2010-12-24,19911.46,20086.42,19880.36,20073.66,16400
2010-12-27,20062.6,20190.13,20010.33,20028.93,9800
2010-12-28,20056.47,20090.41,19981.76,20025.42,10600
2010-12-29,20060.88,20274.2,20054.64,20256.03,10000
2010-12-30,20274.12,20410.91,20274.12,20389.07,10600
2010-12-31,20412.76,20552.03,20412.76,20509.09,12600
2011-01-03,20621.61,20664.8,20531.0,20561.05,12000
2011-01-04,20617.38,20651.21,20449.01,20498.72,15200
2011-01-05,20509.95,20509.95,20243.95,20301.1,14400
2011-01-06,20395.5,20425.85,20107.17,20184.74,16600
2011-01-07,20163.85,20210.62,19629.22,19691.81,15800
2011-01-10,19714.42,19720.43,19158.43,19224.12,17200
2011-01-11,19279.77,19431.56,19003.6,19196.34,20000
2011-01-12,19353.34,19574.63,19048.56,19534.1,19400
2011-01-13,19492.3,19522.38,19136.27,19182.82,16800
2011-01-14,19198.04,19447.82,18811.96,18860.44,15800
2011-01-17,18911.43,19018.94,18779.38,18882.25,17800
2011-01-18,18983.2,19120.62,18933.47,19092.05,14400
2011-01-19,19153.31,19167.06,18898.56,18978.32,16200
2011-01-20,18892.43,19100.26,18794.73,19046.54,12800
2011-01-21,19007.08,19065.34,18932.4,19007.53,11000
2011-01-24,19095.69,19194.46,18998.38,19151.28,11600
2011-01-25,19227.42,19340.99,18949.44,18969.45,13400
2011-01-27,19086.69,19086.69,18656.05,18684.43,13800
2011-01-28,18708.62,18723.12,18235.45,18395.97,18600
2011-01-31,18226.21,18395.09,18038.48,18327.76,19800
2011-02-01,18425.18,18452.06,17982.17,18022.22,20200
2011-02-02,18216.91,18306.0,18042.61,18090.62,22800
2011-02-03,18113.73,18466.21,18064.61,18449.31,21600
2011-02-04,18450.07,18542.2,17926.98,18008.15,23000
2011-02-07,18135.02,18180.94,17977.01,18037.19,13000
2011-02-08,18141.51,18141.51,17742.18,17775.7,14200
2011-02-09,17723.99,17864.32,17508.35,17592.77,30200
2011-02-10,17603.29,17636.88,17362.59,17463.04,25200
2011-02-11,17519.13,17752.56,17295.62,17728.61,25400
2011-02-14,17940.16,18227.62,17857.12,18202.2,21800
2011-02-15,18260.08,18361.66,18050.48,18273.8,23600
2011-02-16,18273.06,18358.84,18216.12,18300.9,18800
2011-02-17,18345.12,18532.61,18233.79,18506.82,16600
2011-02-18,18564.08,18690.97,18159.82,18211.52,22000
2011-02-21,18238.54,18457.49,18082.66,18438.31,19200
2011-02-22,18390.72,18457.9,18187.33,18296.16,19800
2011-02-23,18233.77,18377.48,18150.01,18178.33,22200
2011-02-24,18135.12,18135.12,17559.7,17632.41,23000
2011-02-25,17775.08,17812.44,17469.97,17700.91,21800
2011-02-28,17811.08,18296.53,17718.88,17823.4,30000
2011-03-01,17982.28,18478.68,17964.39,18446.5,24800
2011-03-03,18318.32,18603.57,18253.62,18489.76,28600
2011-03-04,18622.7,18736.97,18448.69,18486.45,19800
2011-03-07,18361.65,18363.45,18058.71,18222.67,15200
2011-03-08,18277.34,18466.81,18266.62,18439.65,13800
2011-03-09,18522.8,18583.3,18303.8,18469.95,22600
2011-03-10,18430.84,18430.84,18261.26,18327.98,18600
2011-03-11,18248.11,18368.43,18063.29,18174.09,20600
2011-03-14,18167.1,18463.84,18155.43,18439.48,15400
2011-03-15,18113.79,18326.33,17920.55,18167.64,22400
2011-03-16,18263.68,18444.47,18263.68,18358.69,16200
2011-03-17,18227.16,18354.27,18104.02,18149.87,18200
2011-03-18,18251.18,18259.61,17849.53,17878.81,16400
2011-03-21,17984.72,18007.73,17792.17,17839.05,12400
2011-03-22,17929.09,18041.38,17878.8,17988.3,11800
2011-03-23,17972.04,18218.28,17950.17,18206.16,13400
2011-03-24,18286.42,18373.97,18269.32,18350.74,11200
2011-03-25,18480.69,18858.3,18480.69,18815.64,15200
2011-03-28,18799.71,19024.18,18799.57,18943.14,12800
2011-03-29,18949.57,19226.21,18944.82,19120.8,17200
2011-03-30,19178.77,19357.1,19178.77,19290.18,12200
2011-03-31,19339.75,19575.16,19284.35,19445.22,16200
2011-04-01,19463.11,19562.55,19382.35,19420.39,12400
2011-04-04,19473.93,19729.6,19449.36,19701.73,10600
2011-04-05,19731.38,19770.21,19523.54,19686.82,12600
2011-04-06,19698.61,19811.14,19550.55,19612.2,14400
2011-04-07,19620.88,19665.09,19537.02,19591.18,9600
2011-04-08,19602.81,19697.21,19388.42,19451.45,10400
2011-04-11,19382.91,19426.3,19242.59,19262.54,9400
2011-04-13,19187.01,19737.33,19101.63,19696.86,17800
2011-04-15,19670.07,19700.96,19337.12,19386.82,17000
2011-04-18,19389.74,19649.22,19071.47,19091.17,13800
2011-04-19,19091.78,19201.92,18976.19,19121.83,11400
2011-04-20,19274.21,19484.77,19171.03,19470.98,15400
2011-04-21,19582.5,19695.98,19530.5,19602.23,15200
2011-04-25,19538.52,19697.49,19531.34,19584.31,11400
2011-04-26,19596.32,19626.13,19306.92,19545.35,11600
2011-04-27,19610.71,19633.63,19412.79,19448.69,13400
2011-04-28,19532.85,19542.05,19265.92,19292.02,14000
2011-04-29,19292.57,19356.5,19015.05,19135.96,10600
2011-05-02,19224.05,19253.87,18954.76,18998.02,9400
2011-05-03,18979.31,19024.95,18502.42,18534.69,13400
2011-05-04,18558.33,18604.36,18339.53,18469.36,13000
2011-05-05,18484.71,18569.21,18160.65,18210.58,14800
2011-05-06,18289.78,18568.48,18271.68,18518.81,30200
2011-05-09,18628.63,18643.58,18367.21,18528.96,9200
2011-05-10,18564.95,18689.37,18429.06,18512.77,13200
2011-05-11,18572.61,18622.44,18454.93,18584.96,10000
2011-05-12,18525.32,18610.02,18314.34,18335.79,10200
2011-05-13,18362.45,18724.54,18280.7,18531.28,12600
2011-05-16,18492.68,18492.68,18319.88,18345.03,9400
2011-05-17,18374.45,18435.8,18084.67,18137.35,14200
2011-05-18,18177.32,18218.2,18020.79,18086.2,12400
2011-05-19,18166.64,18198.45,18057.82,18141.4,13400
2011-05-20,18199.96,18429.47,18161.38,18326.09,17000
2011-05-23,18269.06,18269.06,17971.02,17993.33,10400
2011-05-24,18016.43,18110.39,17933.94,18011.97,12600
2011-05-25,17976.36,17976.36,17786.13,17847.24,10200
2011-05-26,17917.11,18072.61,17862.88,18044.64,12600
2011-05-27,18105.61,18298.64,18087.16,18266.1,12800
2011-05-30,18319.74,18380.17,18199.52,18232.06,11600
2011-05-31,18266.61,18526.8,18266.61,18503.28,14600
2011-06-01,18527.12,18636.12,18514.66,18608.81,12600
2011-06-02,18425.85,18540.67,18390.57,18494.18,15400
2011-06-03,18554.4,18672.65,18345.85,18376.48,14400
2011-06-06,18344.27,18458.63,18258.42,18420.11,8800
2011-06-07,18355.3,18545.95,18351.24,18495.62,10000
2011-06-08,18448.4,18505.1,18365.94,18394.29,10800
2011-06-09,18394.57,18449.64,18327.01,18384.9,10000
2011-06-10,18390.41,18399.02,18182.9,18268.54,9600
2011-06-13,18242.25,18313.21,18120.76,18266.03,10400
2011-06-14,18276.78,18380.19,18261.11,18308.66,26800
2011-06-15,18298.59,18308.69,18111.21,18132.24,9600
2011-06-16,18060.11,18155.1,17958.94,17985.88,10600
2011-06-17,18060.17,18064.76,17844.09,17870.53,10800
2011-06-20,17925.17,17925.17,17314.38,17506.63,12800
2011-06-21,17574.37,17714.88,17504.27,17560.3,11400
2011-06-22,17659.37,17678.86,17492.19,17550.63,9600
2011-06-23,17526.92,17754.55,17482.21,17727.49,11400
2011-06-24,17804.94,18268.95,17804.94,18240.68,14800
2011-06-27,18132.7,18494.11,18132.7,18412.41,13400
2011-06-28,18493.59,18527.45,18323.44,18492.45,11400
2011-06-29,18552.19,18715.39,18552.19,18693.86,13800
2011-06-30,18741.1,18873.39,18723.14,18845.87,11400
2011-07-01,18974.96,19031.38,18713.07,18762.8,14000
2011-07-04,18896.24,18942.42,18781.88,18814.48,12200
2011-07-05,18837.88,18837.88,18694.05,18744.56,12200
2011-07-06,18730.29,18823.45,18682.6,18726.97,8400
2011-07-07,18776.62,19097.78,18767.25,19078.3,11400
2011-07-08,19084.06,19131.7,18817.71,18858.04,12200
2011-07-11,18823.19,18843.97,18679.49,18721.39,9200
2011-07-12,18534.11,18589.19,18326.42,18411.62,10600
2011-07-13,18468.82,18626.41,18465.4,18596.02,9800
2011-07-14,18563.69,18803.05,18449.23,18618.2,11800
2011-07-15,18694.19,18936.43,18513.22,18561.92,6800
2011-07-18,18592.19,18622.56,18469.53,18507.04,9000
2011-07-19,18521.38,18690.42,18481.83,18653.87,8400
2011-07-20,18756.31,18765.6,18473.9,18502.38,9800
2011-07-21,18514.65,18566.99,18415.36,18436.19,8000
2011-07-22,18565.04,18747.06,18533.43,18722.3,14800
2011-07-25,18753.35,18932.27,18670.84,18871.29,22800
2011-07-26,18898.19,18944.6,18481.63,18518.22,15600
2011-07-27,18571.15,18578.55,18358.76,18432.25,14200
2011-07-28,18300.55,18327.85,18188.88,18209.52,12200
2011-07-29,18194.15,18334.27,18131.86,18197.2,16200
2011-08-01,18352.23,18440.07,18219.25,18314.33,9600
2011-08-02,18283.55,18283.55,18037.87,18109.89,11000
2011-08-03,17970.19,18005.76,17859.5,17940.55,13400
2011-08-04,17983.86,18032.55,17664.73,17693.18,11000
2011-08-05,17350.37,17358.18,16990.91,17305.87,20400
2011-08-08,16907.57,17247.87,16759.45,16990.18,20000
2011-08-09,16517.87,17135.04,16432.0,16857.91,23800
2011-08-10,17244.71,17256.46,17022.25,17130.51,15600
2011-08-11,17056.61,17207.82,17012.95,17059.4,9400
2011-08-12,17246.88,17246.88,16784.56,16839.63,13400
2011-08-16,17015.99,17035.49,16673.52,16730.94,12600
2011-08-17,16782.24,17000.38,16708.98,16840.8,15000
2011-08-18,16910.27,16916.81,16433.31,16469.79,14600
2011-08-19,16237.78,16287.72,15987.77,16141.67,16400
2011-08-22,16155.99,16370.46,16046.48,16341.7,11600
2011-08-23,16446.85,16549.21,16213.18,16498.47,11400
2011-08-24,16490.78,16533.22,16253.78,16284.98,13600
2011-08-25,16338.14,16373.84,16104.34,16146.33,12200
2011-08-26,16155.55,16256.38,15765.53,15848.83,14200
2011-08-29,16080.74,16462.03,16068.73,16416.33,11200
2011-08-30,16585.1,16714.7,16443.35,16676.75,15200
2011-09-02,16963.67,16989.86,16688.06,16821.46,12800
2011-09-05,16678.34,16760.07,16561.46,16713.33,12200
2011-09-06,16663.73,16894.73,16488.3,16862.81,14600
2011-09-07,16922.31,17157.21,16922.31,17065.0,17400
2011-09-08,17118.08,17209.66,16987.37,17165.54,12200
2011-09-09,17189.75,17211.8,16830.95,16866.97,11800
2011-09-12,16668.25,16668.25,16393.04,16501.74,13400
2011-09-13,16618.17,16766.19,16374.68,16467.44,14600
2011-09-14,16522.71,16754.22,16387.38,16709.6,16000
2011-09-15,16837.76,16922.4,16545.47,16876.54,15400
2011-09-16,17047.73,17122.54,16889.58,16933.83,20400
2011-09-19,16865.93,16865.93,16709.41,16745.35,11600
2011-09-20,16768.63,17135.44,16758.69,17099.28,14200
2011-09-21,17128.83,17191.12,17000.61,17065.15,13400
2011-09-22,16827.85,16833.61,16316.03,16361.15,18400
2011-09-23,16222.37,16368.41,16052.47,16162.06,22000
2011-09-26,16209.19,16209.19,15801.01,16051.1,18800
2011-09-27,16289.32,16551.65,16282.74,16524.03,16200
2011-09-28,16663.26,16663.26,16363.63,16446.02,19600
2011-09-29,16387.91,16756.08,16316.66,16698.07,19200
2011-09-30,16599.74,16745.16,16404.78,16453.76,20000
2011-10-03,16255.97,16255.97,16056.33,16151.45,17000
2011-10-04,16081.77,16202.38,15745.43,15864.86,19600
2011-10-05,15967.72,16044.91,15760.53,15792.41,18800
2011-10-07,16222.49,16347.48,16148.97,16232.54,16800
2011-10-10,16270.07,16595.93,16230.77,16557.23,17200
2011-10-11,16668.15,16774.12,16510.71,16536.47,20000
2011-10-12,16660.43,16987.06,16608.57,16958.39,21200
2011-10-13,17048.0,17084.07,16854.03,16883.92,18000
2011-10-14,16836.83,17112.45,16828.45,17082.69,15400
2011-10-17,17176.05,17188.55,16928.38,17025.09,18400
2011-10-18,16817.38,16824.76,16669.04,16748.29,14000
2011-10-19,16883.36,17106.99,16874.34,17085.34,11400
2011-10-20,16911.85,16962.06,16744.99,16936.89,12000
2011-10-21,16975.79,17032.32,16752.21,16785.64,13800
2011-10-24,17011.06,17104.88,16898.6,16939.28,12600
2011-10-25,17012.79,17322.13,16900.26,17254.86,17600
2011-10-28,17671.86,17908.13,17671.86,17804.8,23800
2011-10-31,17806.21,17813.11,17668.27,17705.01,15800
2011-11-01,17540.55,17661.78,17422.47,17480.83,17600
2011-11-02,17347.7,17615.92,17337.65,17464.85,15400
2011-11-03,17430.69,17527.1,17278.03,17481.93,17000
2011-11-04,17674.7,17702.26,17474.39,17562.61,18400
2011-11-08,17593.67,17632.23,17455.22,17569.53,11000
2011-11-09,17641.98,17658.34,17331.23,17362.1,15000
2011-11-11,17187.89,17279.23,17096.84,17192.82,18200
2011-11-14,17348.52,17391.99,17094.43,17118.74,15000
2011-11-15,17081.62,17172.09,16837.56,16882.67,18000
2011-11-16,16872.3,16878.3,16641.65,16775.87,19600
2011-11-17,16754.68,16807.15,16408.5,16461.71,17000
2011-11-18,16387.7,16396.69,16164.99,16371.51,21600
2011-11-21,16297.03,16297.03,15900.3,15946.1,21400
2011-11-22,15995.69,16212.95,15970.11,16065.42,19400
2011-11-23,15969.6,15969.6,15478.69,15699.97,17400
2011-11-24,15715.81,15901.3,15479.97,15858.49,18600
2011-11-25,15781.25,15891.05,15645.78,15695.43,19200
2011-11-28,15890.8,16186.68,15888.28,16167.13,20200
2011-11-29,16210.37,16210.37,15952.54,16008.34,14800
2011-11-30,15868.96,16179.56,15849.57,16123.46,16800
2011-12-01,16555.93,16718.11,16430.61,16483.45,19800
2011-12-02,16493.98,16888.84,16428.66,16846.83,28600
2011-12-05,16812.3,16863.1,16691.21,16805.33,13400
2011-12-07,16830.04,17003.71,16781.62,16877.06,14000
2011-12-08,16819.74,16847.82,16421.55,16488.24,16000
2011-12-09,16258.44,16382.57,16142.32,16213.46,18400
2011-12-12,16354.96,16360.32,15839.96,15870.35,21200
2011-12-13,15778.62,16079.38,15771.59,16002.51,23600
2011-12-14,15963.75,16133.41,15855.12,15881.14,19000
2011-12-15,15739.05,15908.02,15596.22,15836.47,19800
2011-12-16,15868.78,16068.9,15425.2,15491.35,20400
2011-12-19,15440.1,15440.1,15190.74,15379.34,18000
2011-12-20,15436.12,15448.13,15135.86,15175.08,20800
2011-12-21,15487.75,15727.31,15377.04,15685.21,22000
2011-12-22,15546.66,15834.63,15472.7,15813.36,18800
2011-12-23,15863.43,15911.23,15671.28,15738.7,17000
2011-12-26,15782.17,15998.44,15761.18,15970.75,11800
2011-12-27,15983.98,16049.12,15799.63,15873.95,10800
2011-12-28,15854.36,15887.8,15666.46,15727.85,11800
2011-12-29,15658.94,15724.6,15515.44,15543.93,12800
2011-12-30,15583.55,15694.05,15406.93,15454.92,12800
2012-01-03,15640.56,15970.31,15640.56,15939.36,16200
2012-01-04,15967.49,16004.69,15822.32,15882.64,17800
2012-01-05,15893.07,15980.17,15809.31,15857.08,21200
2012-01-06,15789.08,16001.31,15664.91,15867.73,17200
2012-01-09,15840.22,15871.51,15678.3,15814.72,11200
2012-01-10,15898.32,16180.97,15898.32,16165.09,19600
2012-01-11,16222.37,16244.7,16127.77,16175.86,18600
2012-01-12,16117.19,16178.58,15962.59,16037.51,14400
2012-01-13,16144.57,16257.34,16049.78,16154.62,19600
2012-01-16,16086.74,16214.36,16037.6,16189.36,13400
2012-01-17,16270.87,16501.38,16270.87,16466.05,18800
2012-01-18,16502.42,16517.96,16384.48,16451.47,16200
2012-01-19,16573.87,16662.06,16572.1,16643.74,16800
2012-01-20,16745.01,16788.48,16611.71,16739.01,18000
2012-01-23,16667.02,16784.0,16659.32,16751.73,15000
2012-01-24,16806.72,17050.32,16770.01,16995.77,18200
2012-01-25,17068.85,17130.24,17016.69,17077.18,14000
2012-01-27,17201.33,17258.97,17106.57,17233.98,17200
2012-01-30,17138.04,17138.04,16828.33,16863.3,14400
2012-01-31,16965.58,17238.99,16965.58,17193.55,18600
2012-02-01,17179.64,17327.21,17061.55,17300.58,47400
2012-02-02,17438.07,17504.25,17308.28,17431.85,27000
2012-02-03,17444.25,17630.53,17382.7,17604.96,16600
2012-02-06,17741.91,17829.72,17595.1,17707.31,17600
2012-02-07,17813.74,17832.04,17582.49,17622.45,16800
2012-02-08,17631.69,17809.21,17579.59,17707.32,20800
2012-02-09,17647.8,17879.46,17609.43,17830.75,21400
2012-02-10,17817.59,17890.11,17627.14,17748.69,19600
2012-02-13,17761.7,17849.64,17665.89,17772.84,16800
2012-02-14,17767.46,17890.33,17742.58,17848.57,17400
2012-02-15,18000.3,18231.35,18000.3,18202.41,25600
2012-02-16,18163.05,18182.78,18043.32,18153.99,20000
2012-02-17,18331.2,18423.06,18234.56,18289.35,27800
2012-02-21,18303.73,18470.86,18293.8,18428.61,20600
2012-02-22,18490.87,18523.78,18095.81,18145.25,21600
2012-02-23,18127.35,18249.53,18005.28,18078.5,19600
2012-02-24,18079.01,18198.15,17848.93,17923.57,19600
2012-02-27,17975.19,17975.19,17381.64,17445.75,20800
2012-02-28,17545.11,17776.82,17530.44,17731.12,16000
2012-02-29,17919.93,18001.35,17677.97,17752.68,18400
2012-03-01,17714.62,17717.53,17463.27,17583.97,18800
2012-03-02,17661.39,17731.88,17504.38,17636.8,17000
2012-03-05,17598.42,17598.42,17312.3,17362.87,12000
2012-03-06,17336.64,17691.96,17128.28,17173.29,18600
2012-03-07,17127.18,17239.35,17008.77,17145.52,20400
2012-03-09,17325.82,17531.62,17325.82,17503.24,12800
2012-03-12,17772.1,17772.1,17494.65,17587.67,12200
2012-03-13,17680.23,17842.92,17680.23,17813.62,12800
2012-03-14,18003.15,18040.69,17837.22,17919.3,14200
2012-03-15,17916.85,17918.25,17622.13,17675.85,13800
2012-03-16,17656.81,17871.0,17426.58,17466.2,24800
2012-03-19,17531.47,17561.46,17226.43,17273.37,13800
2012-03-20,17308.89,17410.13,17211.73,17316.18,14200
2012-03-21,17301.16,17622.87,17275.88,17601.71,14200
2012-03-22,17586.06,17687.01,17136.5,17196.47,17600
2012-03-23,17257.72,17458.35,17179.33,17361.74,12600
2012-03-26,17377.59,17377.59,17021.85,17052.78,17000
2012-03-27,17209.13,17366.84,17061.16,17257.36,19000
2012-03-28,17234.48,17245.82,17040.12,17121.62,13200
2012-03-29,17039.85,17109.35,16920.61,17058.61,11200
2012-03-30,17117.41,17439.51,17105.22,17404.2,25000
2012-04-02,17429.96,17529.98,17382.38,17478.15,10000
2012-04-03,17576.21,17664.1,17478.15,17597.42,10800
2012-04-04,17553.26,17597.42,17436.6,17486.02,9800
2012-04-09,17407.66,17486.02,17199.63,17222.14,9800
2012-04-10,17259.26,17274.69,17135.76,17243.84,10000
2012-04-11,17125.96,17319.15,17075.89,17199.4,11800
2012-04-12,17276.87,17395.15,17199.4,17332.62,10200
2012-04-13,17232.56,17398.22,17027.3,17094.51,18400
2012-04-16,17047.87,17173.06,17010.16,17150.95,9800
2012-04-17,17200.97,17381.92,17103.36,17357.94,12400
2012-04-18,17447.26,17522.8,17357.94,17392.39,9800
2012-04-19,17432.89,17530.3,17361.71,17503.71,11800
2012-04-20,17459.72,17519.88,17231.34,17373.84,11200
2012-04-23,17347.76,17444.18,17056.77,17096.68,13000
2012-04-24,17154.75,17247.53,17046.72,17207.29,12400
2012-04-25,17225.54,17249.61,17019.24,17151.29,11400
2012-04-26,17191.02,17193.25,17084.05,17130.67,10800
2012-04-27,17145.39,17242.15,17022.09,17134.25,11000
2012-04-30,17195.51,17359.18,17187.34,17318.81,8400
2012-05-02,17370.93,17432.33,17265.48,17301.91,9400
2012-05-03,17271.77,17301.91,17120.86,17151.19,8600
2012-05-04,17066.84,17151.19,16776.72,16831.08,11000
2012-05-07,16620.44,16944.13,16513.77,16912.71,11400
2012-05-08,16915.71,16918.31,16502.91,16546.18,12800
2012-05-09,16436.41,16615.74,16422.93,16479.58,12400
2012-05-10,16515.62,16671.81,16377.02,16420.05,10800
2012-05-11,16355.59,16447.24,16233.76,16292.98,11200
2012-05-14,16318.36,16390.33,16124.82,16215.84,11000
2012-05-15,16146.9,16370.12,16123.04,16328.25,11400
2012-05-16,16132.68,16328.25,15974.6,16030.09,12800
2012-05-17,16119.08,16240.18,16007.92,16070.48,12800
2012-05-18,15868.07,16206.35,15809.71,16152.75,14000
2012-05-21,16187.66,16298.39,16149.61,16183.26,10400
2012-05-22,16344.34,16366.72,16000.84,16026.41,11600
2012-05-23,15995.14,16026.41,15847.03,15948.1,11400
2012-05-24,16033.9,16252.37,15934.77,16222.3,11000
2012-05-25,16213.24,16273.48,16118.35,16217.82,9400
2012-05-28,16289.82,16439.97,16217.82,16416.84,8000
2012-05-29,16500.04,16544.38,16410.21,16438.58,8600
2012-05-30,16391.9,16438.58,16295.31,16312.15,13800
2012-05-31,16224.86,16312.15,16086.06,16218.53,16000
2012-06-01,16217.48,16226.19,15933.48,15965.16,12200
2012-06-04,15808.88,16012.84,15748.98,15988.4,12200
2012-06-05,16065.37,16138.29,15979.77,16020.64,10800
2012-06-06,16100.36,16494.5,16100.36,16454.3,13600
2012-06-07,16578.01,16680.59,16519.89,16649.05,11400
2012-06-08,16611.52,16767.77,16485.02,16718.87,11800
2012-06-11,16804.89,16893.81,16627.48,16668.01,8800
2012-06-12,16570.51,16897.42,16553.47,16862.8,9800
2012-06-13,16865.72,16944.11,16792.87,16880.51,9800
2012-06-14,16857.23,16921.49,16658.98,16677.88,9200
2012-06-15,16701.28,16967.76,16701.28,16949.83,10400
2012-06-18,17039.54,17109.95,16636.09,16705.83,11400
2012-06-19,16681.89,16890.0,16681.89,16859.8,9800
2012-06-20,16903.96,16962.49,16840.1,16896.63,9200
2012-06-21,16855.6,17050.44,16799.63,17032.56,10800
2012-06-22,16882.74,17016.06,16807.8,16972.51,11800
2012-06-25,17038.77,17131.15,16853.05,16882.16,10600
2012-06-26,16873.09,16946.66,16815.87,16906.58,7400
2012-06-27,16975.76,17029.27,16930.8,16967.76,6800
2012-06-28,16985.58,17033.85,16918.87,16990.76,8800
2012-06-29,17134.61,17448.48,17134.61,17429.98,13000
2012-07-02,17438.68,17486.57,17363.04,17398.98,8600
2012-07-03,17457.95,17526.82,17351.5,17425.71,9400
2012-07-04,17473.26,17523.77,17372.45,17462.81,10200
2012-07-05,17478.16,17562.89,17423.45,17538.67,8200
2012-07-06,17546.04,17554.55,17425.47,17521.12,8000
2012-07-09,17449.93,17485.79,17343.55,17391.98,7200
2012-07-10,17431.68,17631.19,17424.29,17618.35,8800
2012-07-11,17553.97,17582.99,17466.99,17489.14,7800
2012-07-12,17297.06,17329.46,17181.17,17232.55,11800
2012-07-13,17269.2,17342.88,17182.29,17213.7,7600
2012-07-16,17241.98,17282.3,17079.63,17103.31,7600
2012-07-17,17176.93,17236.08,17074.63,17105.3,9200
2012-07-18,17113.37,17205.26,17038.59,17185.01,17600
2012-07-19,17288.34,17318.93,17244.76,17278.85,8000
2012-07-20,17275.2,17275.2,17129.69,17158.44,6400
2012-07-23,17047.73,17047.73,16849.28,16877.35,8000
2012-07-24,16907.74,16962.74,16839.7,16918.08,12400
2012-07-25,16899.01,16899.01,16736.6,16846.05,10800
2012-07-26,16887.84,16899.77,16598.48,16639.82,12800
2012-07-27,16860.16,16975.03,16760.72,16839.19,11400
2012-07-30,16919.14,17163.95,16919.14,17143.68,8000
2012-07-31,17186.61,17253.67,17004.09,17236.18,10400
2012-08-01,17244.44,17291.99,17189.16,17257.38,9200
2012-08-02,17245.68,17246.01,17157.28,17224.36,15200
2012-08-03,17164.48,17208.36,17026.97,17197.93,7600
2012-08-06,17313.05,17451.53,17313.05,17412.96,6600
2012-08-07,17456.37,17641.55,17417.92,17601.78,12000
2012-08-08,17638.53,17726.64,17582.66,17600.56,14400
2012-08-09,17612.08,17702.98,17516.99,17560.87,14600
2012-08-10,17515.42,17590.61,17471.37,17557.74,13600
2012-08-13,17551.69,17642.38,17522.1,17633.45,9000
2012-08-14,17631.64,17753.43,17572.34,17728.2,10000
2012-08-16,17752.22,17763.59,17640.62,17657.21,8800
2012-08-17,17701.2,17801.39,17622.62,17691.08,9800
2012-08-21,17705.14,17898.35,17705.14,17885.26,9200
2012-08-22,17827.25,17912.08,17800.29,17846.86,8800
2012-08-23,17856.29,17972.54,17792.87,17850.22,9200
2012-08-24,17790.25,17822.5,17725.42,17783.21,8200
2012-08-27,17769.44,17820.07,17662.21,17678.81,7400
2012-08-28,17676.13,17712.35,17570.71,17631.71,9600
2012-08-29,17651.14,17653.9,17471.13,17490.81,9600
2012-08-30,17433.5,17605.51,17367.55,17541.64,10000
2012-08-31,17557.62,17557.62,17337.61,17380.75,10600
2012-09-03,17465.6,17509.99,17349.57,17384.4,12600
2012-09-04,17378.68,17452.7,17308.27,17440.87,6600
2012-09-05,17359.96,17411.67,17250.8,17313.34,11400
2012-09-06,17320.73,17418.4,17294.74,17346.27,10000
2012-09-07,17575.79,17701.2,17575.79,17683.73,9600
2012-09-10,17780.93,17810.9,17728.12,17766.78,8200
2012-09-11,17711.8,17867.85,17677.38,17852.95,8200
2012-09-12,17916.13,18012.89,17884.96,18000.03,11400
2012-09-13,18023.95,18062.68,17976.28,18021.16,8000
2012-09-14,18284.75,18498.54,18284.75,18464.27,16800
2012-09-17,18619.9,18715.03,18480.54,18542.31,20200
2012-09-18,18514.72,18580.48,18469.51,18496.01,9600
2012-09-20,18292.22,18443.92,18291.93,18349.25,8800
2012-09-21,18411.2,18866.87,18411.2,18752.83,15000
2012-09-24,18756.31,18811.13,18650.43,18673.34,15000
2012-09-25,18708.01,18790.01,18636.16,18694.41,10600
2012-09-26,18644.54,18670.48,18573.18,18632.17,10400
2012-09-27,18659.75,18735.95,18552.68,18579.5,10400
2012-09-28,18704.98,18869.94,18698.51,18762.74,11400
2012-10-01,18784.64,18838.54,18745.28,18823.91,8200
2012-10-03,18841.49,18905.62,18816.57,18869.69,8400
2012-10-04,18939.75,19107.04,18939.75,19058.15,11600
2012-10-05,19115.89,19137.29,18757.34,18938.46,39400
2012-10-08,18969.19,18969.19,18684.4,18708.98,9400
2012-10-09,18796.25,18885.84,18722.05,18793.36,8200
2012-10-10,18699.19,18740.63,18614.37,18631.1,7200
2012-10-11,18627.37,18847.81,18581.49,18804.75,9400
2012-10-12,18727.1,18844.35,18638.34,18675.18,9000
2012-10-15,18690.99,18726.38,18596.65,18713.55,6000
2012-10-16,18784.75,18801.1,18549.28,18577.7,7600
2012-10-17,18667.72,18705.19,18535.37,18610.77,7000
2012-10-18,18653.6,18806.56,18576.41,18791.93,8200
2012-10-19,18768.0,18769.59,18611.76,18682.31,8000
2012-10-22,18655.93,18809.28,18600.88,18793.44,7000
2012-10-23,18803.62,18812.93,18689.38,18710.02,6000
2012-10-25,18712.41,18789.92,18699.07,18758.63,8600
2012-10-29,18656.0,18743.41,18572.02,18635.82,7600
2012-10-30,18642.01,18718.28,18393.42,18430.85,9000
2012-10-31,18436.79,18521.62,18398.48,18505.38,7000
2012-11-01,18487.9,18589.13,18445.18,18561.7,9000
2012-11-02,18692.15,18793.75,18687.93,18755.45,9200
2012-11-05,18749.37,18794.63,18683.25,18762.87,5600
2012-11-06,18739.97,18829.07,18726.94,18817.38,7600
2012-11-07,18802.82,18973.43,18786.14,18902.41,8800
2012-11-08,18779.74,18865.21,18736.45,18846.26,9800
2012-11-09,18832.75,18894.42,18656.41,18683.68,9600
2012-11-12,18691.02,18750.92,18607.66,18670.34,19400
2012-11-15,18590.07,18593.54,18408.69,18471.37,6200
2012-11-16,18491.49,18563.32,18266.76,18309.37,7000
2012-11-19,18349.53,18386.78,18256.07,18339.0,7200
2012-11-20,18422.69,18467.91,18255.69,18329.32,6600
2012-11-21,18379.9,18478.5,18309.81,18460.38,6800
2012-11-22,18510.94,18567.68,18456.2,18517.34,6200
2012-11-23,18543.95,18556.5,18402.38,18506.57,6000
2012-11-26,18574.36,18590.33,18508.79,18537.01,5800
2012-11-27,18616.55,18862.7,18616.55,18842.08,7600
2012-11-29,18873.63,19205.33,18873.63,19170.91,11400
2012-11-30,19229.7,19372.7,19186.3,19339.9,11200
2012-12-03,19342.83,19416.45,19257.3,19305.32,7200
2012-12-04,19277.58,19373.94,19263.71,19348.12,8200
2012-12-05,19397.98,19463.25,19371.01,19391.86,9600
2012-12-06,19475.09,19523.25,19186.24,19486.8,10000
2012-12-07,19514.88,19561.87,19363.13,19424.1,9000
2012-12-10,19442.19,19478.01,19362.32,19409.69,6800
2012-12-11,19466.29,19612.18,19285.29,19387.14,7600
2012-12-12,19432.54,19478.79,19317.23,19355.26,7600
2012-12-13,19403.66,19421.72,19196.75,19229.26,9400
2012-12-14,19217.96,19348.85,19193.11,19317.25,11400
2012-12-17,19290.92,19346.78,19221.87,19244.42,12800
2012-12-18,19293.01,19396.28,19149.03,19364.75,14000
2012-12-19,19429.91,19516.02,19419.76,19476.0,9800
2012-12-20,19511.41,19520.51,19335.72,19453.92,10400
2012-12-21,19394.55,19394.55,19221.12,19242.0,9200
2012-12-24,19278.0,19347.64,19237.26,19255.09,7400
2012-12-26,19302.47,19468.4,19274.07,19417.46,5800
2012-12-27,19479.84,19504.4,19302.21,19323.8,7600
2012-12-28,19364.08,19465.74,19346.07,19444.84,6600
2012-12-31,19422.59,19491.58,19406.17,19426.71,4800
2013-01-02,19693.3,19756.68,19686.5,19714.24,7400
2013-01-03,19771.03,19786.3,19693.29,19764.78,6600
2013-01-04,19782.59,19797.44,19679.99,19784.08,7000
2013-01-07,19820.56,19856.43,19654.46,19691.42,7400
2013-01-08,19681.38,19761.78,19632.59,19742.52,7400
2013-01-09,19770.21,19824.06,19627.16,19666.59,9600
2013-01-10,19728.02,19783.75,19596.38,19663.55,9200
2013-01-11,19813.64,19839.8,19619.83,19663.64,10000
2013-01-14,19689.09,19948.63,19689.09,19906.41,8800
2013-01-15,19999.82,20036.82,19881.78,19986.82,9600
2013-01-16,19978.19,20009.36,19783.02,19817.63,8600
2013-01-17,19846.42,20005.98,19783.41,19964.03,11800
2013-01-18,20038.67,20126.55,19990.62,20039.04,14600
2013-01-21,20132.83,20163.38,20056.46,20101.82,11400
2013-01-22,20102.43,20156.86,19952.91,19981.57,8600
2013-01-23,19997.04,20058.07,19920.91,20026.61,10200
2013-01-24,20017.2,20072.28,19884.2,19923.78,12000
2013-01-25,19945.69,20129.01,19928.11,20103.53,12000
2013-01-28,20129.0,20172.45,20062.79,20103.35,6800
2013-01-29,20080.31,20203.66,19970.05,19990.9,9000
2013-01-30,20014.8,20073.46,19964.64,20005.0,9200
2013-01-31,19987.28,20008.83,19865.72,19894.98,8400
2013-02-01,19907.21,19966.69,19736.45,19781.19,16400
2013-02-04,19860.97,19902.6,19728.21,19751.19,6800
2013-02-05,19665.54,19717.26,19631.97,19659.82,7800
2013-02-06,19737.77,19767.25,19611.27,19639.72,7200
2013-02-07,19589.44,19702.56,19540.08,19580.32,9000
2013-02-08,19577.19,19648.07,19414.8,19484.77,14200
2013-02-11,19517.59,19543.44,19416.94,19460.57,7200
2013-02-12,19489.87,19583.53,19438.53,19561.04,6800
2013-02-13,19601.69,19723.01,19574.15,19608.08,8000
2013-02-14,19626.81,19639.83,19444.33,19497.18,10000
2013-02-15,19449.83,19512.89,19381.82,19468.15,7600
2013-02-18,19496.25,19554.48,19462.92,19501.08,6000
2013-02-19,19523.7,19671.17,19457.21,19635.72,5800
2013-02-20,19717.94,19742.42,19619.89,19642.75,6800
2013-02-21,19549.05,19554.65,19289.7,19325.36,12400
2013-02-22,19341.9,19401.75,19289.83,19317.01,7600
2013-02-25,19365.33,19411.18,19237.98,19331.69,7800
2013-02-26,19290.66,19293.49,18976.94,19015.14,9200
2013-02-27,19090.32,19213.02,18997.82,19152.41,8400
2013-02-28,19264.8,19322.28,18793.97,18861.54,14800
2013-03-01,18876.68,18988.97,18820.9,18918.52,8400
2013-03-04,18920.9,18930.86,18760.41,18877.96,7600
2013-03-05,18943.62,19164.04,18943.62,19143.17,9400
2013-03-06,19254.2,19293.39,19195.47,19252.61,9400
2013-03-07,19222.05,19465.52,19212.92,19413.54,8800
2013-03-08,19478.67,19706.03,19477.61,19683.23,10000
2013-03-11,19679.88,19754.66,19602.71,19646.21,7400
2013-03-12,19675.81,19697.84,19505.75,19564.92,7600
2013-03-13,19511.97,19511.97,19338.52,19362.55,8200
2013-03-14,19367.26,19604.7,19179.33,19570.44,11200
2013-03-15,19570.01,19673.16,19383.13,19427.56,10200
2013-03-18,19282.63,19345.42,19232.23,19293.2,7400
2013-03-19,19345.91,19378.61,18939.47,19008.1,12600
2013-03-20,19026.46,19028.09,18836.77,18884.19,11000
2013-03-21,18926.21,19082.29,18756.65,18792.87,12400
2013-03-22,18784.93,18859.82,18669.2,18735.6,13600
2013-03-25,18894.13,18950.22,18654.61,18681.42,12200
2013-03-26,18645.09,18758.88,18612.37,18704.53,12000
2013-03-28,18702.46,18882.54,18568.43,18835.77,14600
2013-04-01,18890.81,18959.48,18796.6,18864.75,8400
2013-04-02,18863.82,19060.51,18826.53,19040.95,8200
2013-04-03,19034.0,19035.2,18721.72,18801.64,7800
2013-04-04,18731.38,18733.62,18473.85,18509.7,8400
2013-04-05,18493.67,18525.45,18389.29,18450.23,8000
2013-04-08,18455.8,18504.48,18402.93,18437.78,7600
2013-04-09,18481.47,18565.56,18206.61,18226.48,10600
2013-04-10,18355.14,18461.44,18173.31,18414.45,8000
2013-04-11,18577.52,18599.14,18397.94,18542.2,8400
2013-04-12,18275.66,18337.91,18186.1,18242.56,9400
2013-04-15,18196.09,18424.4,18144.22,18357.8,9200
2013-04-16,18356.32,18771.33,18325.73,18744.93,9400
2013-04-17,18773.45,18869.88,18673.44,18731.16,11000
2013-04-18,18695.34,19058.8,18691.61,19016.46,10000
2013-04-22,18989.78,19204.9,18989.78,19169.83,8600
2013-04-23,19210.26,19210.26,19042.08,19179.36,8400
2013-04-25,19192.11,19434.85,19192.11,19406.85,10200
2013-04-26,19376.0,19384.95,19249.75,19286.72,9600
2013-04-29,19306.67,19428.94,19284.4,19387.5,9200
2013-04-30,19492.83,19622.68,19317.38,19504.18,13400
2013-05-02,19459.33,19792.0,19451.26,19735.77,9400
2013-05-03,19707.95,19744.85,19542.63,19575.64,11600
2013-05-06,19571.66,19694.29,19554.31,19673.64,7800
2013-05-07,19697.33,19917.88,19697.33,19888.95,8200
2013-05-08,19950.22,20037.27,19851.22,19990.18,6200
2013-05-09,20015.86,20058.48,19903.83,19939.04,5800
2013-05-10,19911.08,20119.14,19908.8,20082.62,8000
2013-05-13,20073.41,20109.08,19667.39,19691.67,6600
2013-05-14,19715.8,19831.79,19652.69,19722.29,7200
2013-05-15,19798.18,20241.96,19798.18,20212.96,9200
2013-05-16,20167.93,20326.48,20162.12,20247.33,9600
2013-05-17,20267.6,20328.19,20155.01,20286.12,8000
2013-05-20,20277.76,20443.62,20186.66,20223.98,6800
2013-05-21,20227.17,20308.04,20072.68,20111.61,15600
2013-05-22,20150.69,20220.35,20000.86,20062.24,7600
2013-05-23,19971.37,20027.56,19634.79,19674.33,15600
2013-05-24,19765.32,19833.14,19568.49,19704.33,11000
2013-05-27,19750.67,20083.47,19678.31,20030.77,8200
2013-05-28,20056.28,20209.82,19963.23,20160.82,8600
2013-05-29,20202.51,20216.49,20044.74,20147.64,8000
2013-05-30,20066.94,20254.03,20066.14,20215.4,9600
2013-05-31,20186.67,20191.29,19730.55,19760.3,9400
2013-06-03,19859.22,19860.19,19541.97,19610.48,7400
2013-06-04,19605.68,19742.7,19522.47,19545.78,6000
2013-06-05,19532.42,19604.43,19441.35,19568.22,5600
2013-06-06,19503.68,19635.37,19395.32,19519.49,6600
2013-06-07,19522.31,19711.55,19397.51,19429.23,7000
2013-06-10,19530.35,19585.75,19366.82,19441.07,6400
2013-06-11,19382.22,19418.74,19121.18,19143.0,14200
2013-06-12,19103.96,19143.24,18969.08,19041.13,10800
2013-06-13,18897.49,18914.13,18765.53,18827.16,13200
2013-06-14,18959.83,19213.1,18952.09,19177.93,10400
2013-06-17,19249.9,19344.28,19084.68,19325.87,7000
2013-06-18,19329.17,19383.61,19191.37,19223.28,8600
2013-06-19,19224.09,19274.26,19100.13,19245.7,10400
2013-06-20,19069.2,19069.2,18687.19,18719.29,14200
2013-06-21,18695.8,18820.81,18615.14,18774.24,14600
2013-06-24,18714.06,18714.06,18467.16,18540.89,11200
2013-06-25,18602.25,18802.31,18487.3,18629.15,10800
2013-06-26,18662.37,18690.5,18514.35,18552.12,9200
2013-06-27,18716.11,18925.75,18688.28,18875.95,10000
2013-06-28,19093.18,19432.94,19093.18,19395.81,14000
2013-07-01,19352.48,19598.43,19347.57,19577.39,8600
2013-07-02,19573.93,19589.14,19442.75,19463.82,9200
2013-07-03,19347.11,19347.11,19147.31,19177.76,9600
2013-07-04,19256.12,19445.02,19245.01,19410.84,9600
2013-07-05,19568.79,19640.27,19477.74,19495.82,10000
2013-07-08,19418.98,19422.69,19185.92,19324.77,8400
2013-07-09,19399.37,19486.0,19380.25,19439.48,6600
2013-07-10,19482.66,19505.93,19237.91,19294.12,7800
2013-07-11,19468.46,19723.51,19468.46,19676.06,8400
2013-07-12,19898.69,19991.94,19785.59,19958.47,7600
2013-07-15,19926.1,20072.44,19883.19,20034.48,7000
2013-07-16,19788.09,19890.63,19649.58,19851.23,8000
2013-07-17,19928.95,19983.22,19778.54,19948.73,10400
2013-07-18,19999.51,20176.9,19956.2,20128.41,9800
2013-07-19,20213.45,20256.6,20111.13,20149.85,11600
2013-07-22,20096.71,20264.9,20065.69,20159.12,9400
2013-07-23,20249.98,20351.06,20249.98,20302.13,7800
2013-07-24,20200.2,20252.7,19994.25,20090.68,8000
2013-07-25,20062.0,20110.81,19763.9,19804.76,12800
2013-07-26,19892.47,19907.45,19699.76,19748.19,11000
2013-07-29,19714.42,19751.03,19570.87,19593.28,9900
2013-07-30,19577.75,19672.72,19328.54,19348.34,9500
2013-07-31,19304.07,19387.5,19126.82,19345.7,13900
2013-08-01,19443.29,19569.2,19170.46,19317.19,10600
2013-08-02,19399.55,19451.7,19078.72,19164.02,8600
2013-08-05,19178.06,19306.51,19141.68,19182.26,12000
2013-08-06,19127.1,19131.92,18667.3,18733.04,13800
2013-08-07,18758.53,18811.46,18551.35,18664.88,12800
2013-08-08,18687.3,18829.26,18621.67,18789.34,11900
2013-08-12,18898.94,19066.97,18796.01,18946.98,11700
2013-08-13,18895.26,19248.11,18864.81,19229.84,11900
2013-08-14,19299.42,19392.56,19203.63,19367.59,14700
2013-08-16,19297.11,19310.95,18559.65,18598.18,14300
2013-08-19,18587.38,18587.38,18139.15,18307.52,14300
2013-08-20,18142.83,18306.46,17970.98,18246.04,18200
2013-08-21,18545.44,18567.7,17807.19,17905.91,17400
2013-08-22,17896.84,18349.82,17759.59,18312.94,19800
2013-08-23,18386.53,18546.6,18210.75,18519.44,19200
2013-08-26,18602.56,18728.19,18488.93,18558.13,17200
2013-08-27,18460.72,18460.72,17921.82,17968.08,17800
2013-08-28,17851.44,18101.84,17448.71,17996.15,21400
2013-08-29,18073.66,18455.66,18071.22,18401.04,18600
2013-08-30,18424.72,18679.26,18272.76,18619.72,18600
2013-09-02,18691.83,18942.06,18678.93,18886.13,10800
2013-09-03,19002.77,19007.31,18166.17,18234.66,19400
2013-09-04,18314.68,18612.6,18188.43,18567.55,14400
2013-09-05,18857.6,19117.52,18847.02,18979.76,13800
2013-09-06,19072.02,19293.96,18929.38,19270.06,15600
2013-09-10,19448.39,20012.69,19444.66,19997.1,17800
2013-09-11,19999.77,20055.53,19777.63,19997.45,15700
2013-09-12,20046.05,20052.05,19676.49,19781.88,11900
2013-09-13,19744.54,19899.37,19675.68,19732.76,10600
2013-09-16,19977.38,20086.43,19596.15,19742.47,11200
2013-09-17,19721.9,19819.1,19635.44,19804.03,9900
2013-09-18,19865.99,20013.33,19775.29,19962.16,9300
2013-09-19,20354.73,20739.69,20347.3,20646.64,18300
2013-09-20,20616.35,20677.99,20051.43,20263.71,13500
2013-09-23,20060.82,20199.81,19826.3,19900.96,11100
2013-09-24,19820.03,20050.42,19782.78,19920.21,10700
2013-09-25,19947.43,19978.49,19658.74,19856.24,13900
2013-09-26,19853.66,19997.28,19826.99,19893.85,14900
2013-09-27,19951.73,19981.57,19674.38,19727.27,11800
2013-09-30,19643.89,19651.31,19320.73,19379.77,10000
2013-10-01,19452.05,19532.91,19264.72,19517.15,9200
2013-10-03,19585.79,19929.24,19583.97,19902.07,15700
2013-10-04,19870.0,20052.0,19833.17,19915.95,12900
2013-10-07,19880.94,19921.38,19647.88,19895.1,12300
2013-10-08,20094.21,20150.27,19936.72,19983.61,10900
2013-10-09,19918.2,20277.74,19826.96,20249.26,10200
2013-10-10,20228.76,20323.77,20135.91,20272.91,10400
2013-10-11,20535.9,20559.69,20368.06,20528.59,11700
2013-10-14,20534.61,20645.94,20497.88,20607.54,8900
2013-10-15,20722.9,20759.58,20446.73,20547.62,13600
2013-10-17,20579.56,20629.8,20375.42,20415.51,10300
2013-10-18,20486.78,20932.23,20486.78,20882.89,15700
2013-10-21,20915.76,20970.92,20768.99,20893.89,12200
2013-10-22,20863.15,20948.91,20810.25,20864.97,10700
2013-10-23,20875.31,20922.32,20589.72,20767.88,11200
2013-10-24,20766.05,21039.42,20656.7,20725.43,8200
2013-10-25,20725.52,20782.16,20622.55,20683.52,9600
2013-10-28,20696.51,20771.36,20550.64,20570.28,8100
2013-10-29,20593.49,20952.55,20493.66,20929.01,11300
2013-10-30,20944.14,21086.59,20937.12,21033.97,10400
2013-10-31,21000.6,21205.44,20991.98,21164.52,11900
2013-11-01,21158.81,21293.88,21141.32,21196.81,10000
2013-11-05,21134.1,21158.56,20951.71,20974.79,11900
2013-11-06,21004.54,21045.38,20861.42,20894.94,10900
2013-11-07,20896.13,21142.85,20797.06,20822.77,11900
2013-11-08,20785.2,20821.01,20600.9,20666.15,10700
2013-11-11,20596.4,20672.53,20453.15,20490.96,10300
2013-11-12,20510.31,20584.22,20262.22,20281.91,10200
2013-11-13,20248.52,20365.59,20161.64,20194.4,9000
2013-11-14,20351.39,20568.99,20348.27,20399.42,12600
2013-11-18,20570.59,20868.76,20570.59,20850.74,10900
2013-11-19,20870.16,20934.4,20828.69,20890.82,11400
2013-11-20,20857.01,20895.3,20579.94,20635.13,8900
2013-11-21,20579.26,20579.26,20189.23,20229.05,8100
2013-11-22,20316.58,20388.12,20137.67,20217.39,10600
2013-11-25,20326.66,20626.15,20326.66,20605.08,8200
2013-11-26,20604.27,20604.27,20390.62,20425.02,10500
2013-11-27,20449.0,20482.67,20348.06,20420.26,7000
2013-11-28,20522.36,20606.38,20461.51,20534.91,9000
2013-11-29,20558.93,20819.77,20558.93,20791.93,11200
2013-12-02,20771.27,20941.0,20770.51,20898.01,9600
2013-12-03,20857.85,20927.05,20817.75,20854.92,12000
2013-12-04,20839.45,20863.37,20673.62,20708.71,12200
2013-12-05,20992.25,21165.6,20929.2,20957.81,11900
2013-12-06,20955.74,21049.84,20922.45,20996.53,10100
2013-12-09,21416.67,21483.74,21282.64,21326.42,13400
2013-12-10,21293.58,21327.75,21175.08,21255.26,17300
2013-12-11,21191.27,21215.94,21069.45,21171.41,10600
2013-12-12,21101.05,21103.8,20901.47,20925.61,9100
2013-12-13,20867.17,20867.17,20692.67,20715.58,9500
2013-12-16,20714.26,20764.52,20637.77,20659.52,10300
2013-12-17,20732.44,20784.03,20594.99,20612.14,8300
2013-12-18,20568.7,20917.57,20568.7,20859.86,8400
2013-12-19,20959.8,21017.45,20646.03,20708.62,10300
2013-12-20,20792.37,21117.99,20745.94,21079.72,9100
2013-12-23,21080.54,21207.89,21059.12,21101.03,6700
2013-12-24,21127.66,21156.92,21010.65,21032.71,5800
2013-12-26,21051.0,21135.85,21013.14,21074.59,7300
2013-12-27,21114.49,21235.14,21113.25,21193.58,5500
2013-12-30,21260.15,21304.7,21089.21,21143.01,6100
2013-12-31,21177.77,21230.88,21122.68,21170.68,5000
2014-01-01,21222.19,21244.35,21133.82,21140.48,4000
2014-01-02,21179.91,21331.32,20846.67,20888.33,9300
2014-01-03,20819.58,20885.18,20731.33,20851.33,9300
2014-01-06,20913.79,20913.79,20721.98,20787.3,7600
2014-01-07,20845.77,20890.48,20637.18,20693.24,8100
2014-01-08,20767.42,20786.41,20688.18,20729.38,8000
2014-01-09,20755.73,20778.13,20652.69,20713.37,9000
2014-01-10,20760.72,20971.23,20625.17,20758.49,10400
2014-01-13,20850.54,21169.08,20850.54,21134.21,7900
2014-01-14,21115.0,21154.76,21009.05,21032.88,5600
2014-01-15,21091.46,21302.73,21091.46,21289.49,9400
2014-01-16,21366.91,21379.29,21199.65,21265.18,13400
2014-01-17,21236.65,21270.11,21015.61,21063.62,12000
2014-01-20,21083.53,21221.37,21001.13,21205.05,6000
2014-01-21,21237.96,21302.52,21189.2,21251.12,9400
2014-01-22,21251.65,21377.91,21168.43,21337.67,13400
2014-01-23,21319.69,21409.66,21264.71,21373.66,6500
2014-01-24,21289.15,21333.66,21123.99,21133.56,10800
2014-01-27,20899.03,20899.03,20688.03,20707.45,10100
2014-01-28,20721.17,20795.35,20554.28,20683.51,8200
2014-01-29,20784.04,20828.68,20613.62,20647.3,7800
2014-01-30,20491.74,20528.41,20343.78,20498.25,12600
2014-01-31,20544.64,20572.32,20448.43,20513.85,6100
2014-02-03,20479.03,20480.35,20182.2,20209.26,5700
2014-02-04,20050.99,20255.52,19963.12,20211.93,9800
2014-02-05,20241.12,20289.33,20076.1,20261.03,9300
2014-02-06,20286.09,20358.19,20079.82,20310.74,12400
2014-02-07,20441.04,20450.51,20282.3,20376.56,11100
2014-02-10,20429.16,20434.5,20312.21,20334.27,7900
2014-02-11,20400.94,20443.35,20349.51,20363.37,9400
2014-02-12,20449.83,20516.6,20427.23,20448.49,10100
2014-02-13,20478.67,20503.86,20164.67,20193.35,7900
2014-02-14,20265.13,20391.95,20149.01,20366.82,8300
2014-02-17,20438.87,20492.43,20338.95,20464.06,6100
2014-02-18,20457.56,20685.02,20436.48,20634.21,9400
2014-02-19,20643.85,20750.52,20629.56,20722.97,4700
2014-02-20,20661.07,20662.66,20522.04,20536.64,6000
2014-02-21,20600.58,20725.04,20599.91,20700.75,6300
2014-02-24,20695.48,20828.63,20637.3,20811.44,12500
2014-02-25,20877.72,20912.54,20777.73,20852.47,9500
2014-02-26,20869.61,21005.04,20860.02,20986.99,8500
2014-02-28,20995.39,21140.51,20989.66,21120.12,11400
2014-03-03,21079.27,21140.0,20920.98,20946.65,121600
2014-03-04,20947.0,21224.64,20940.39,21209.73,9700
2014-03-05,21280.36,21333.2,21176.16,21276.86,7500
2014-03-06,21336.32,21525.14,21329.88,21513.87,9700
2014-03-07,21539.44,21960.89,21539.44,21919.79,15200
2014-03-10,21819.19,22023.98,21805.22,21934.83,15500
2014-03-11,21918.83,22018.52,21772.11,21826.42,12000
2014-03-12,21793.32,21965.95,21768.14,21856.22,10400
2014-03-13,21736.61,21991.36,21720.13,21774.61,9500
2014-03-14,21648.05,21853.32,21573.48,21809.8,8800
2014-03-18,21849.65,22040.72,21785.38,21832.61,8600
2014-03-19,21872.68,21895.83,21782.01,21832.86,11000
2014-03-20,21797.61,21853.25,21704.66,21740.09,7600
2014-03-21,21823.52,21870.11,21729.9,21753.75,60600
2014-03-24,21827.5,22074.34,21827.5,22055.48,9000
2014-03-25,21948.31,22079.96,21916.87,22055.21,7800
2014-03-26,22134.71,22172.2,22020.58,22095.3,10600
2014-03-27,22116.23,22307.74,22094.29,22214.37,10400
2014-03-28,22273.44,22363.97,22185.11,22339.97,9200
2014-03-31,22423.14,22467.21,22253.78,22386.27,11200
2014-04-01,22455.23,22485.77,22295.65,22446.44,11000
2014-04-02,22550.58,22592.1,22473.46,22551.49,15700
2014-04-03,22598.19,22620.65,22369.28,22509.07,7400
2014-04-04,22522.46,22525.21,22339.4,22359.5,7100
2014-04-07,22355.56,22481.62,22197.51,22343.45,4700
2014-04-09,22389.21,22740.04,22379.95,22702.34,8500
2014-04-10,22729.46,22792.49,22644.43,22715.33,10900
2014-04-11,22642.05,22679.18,22526.89,22628.96,9500
2014-04-15,22698.09,22737.31,22416.24,22484.93,8600
2014-04-16,22486.73,22533.61,22247.39,22277.23,6700
2014-04-17,22327.76,22648.69,22312.19,22628.84,8500
2014-04-21,22644.75,22795.58,22636.75,22764.83,9100
2014-04-22,22771.24,22853.03,22727.63,22758.37,9000
2014-04-23,22783.65,22912.52,22780.13,22876.54,7200
2014-04-25,22892.5,22939.31,22656.64,22688.07,7500
2014-04-28,22717.59,22721.36,22597.19,22631.61,6900
2014-04-29,22654.28,22681.89,22443.56,22466.19,7700
2014-04-30,22517.63,22680.46,22284.96,22417.8,9700
2014-05-02,22493.59,22575.62,22386.95,22403.89,6300
2014-05-05,22412.8,22592.03,22354.45,22445.12,11700
2014-05-06,22512.23,22602.71,22475.65,22508.42,6200
2014-05-07,22488.96,22532.82,22286.26,22323.9,10800
2014-05-08,22382.14,22443.13,22277.04,22344.04,6000
2014-05-09,22374.98,23048.49,22317.18,22994.23,11300
2014-05-12,23031.11,23572.88,23008.65,23551.0,12400
2014-05-13,23729.78,24068.94,23729.25,23871.23,18200
2014-05-14,23897.88,23964.67,23753.36,23815.12,11500
2014-05-15,23809.42,23971.78,23742.75,23905.6,14900
2014-05-16,24271.54,25375.63,23873.16,24121.74,35700
2014-05-19,24340.32,24448.47,24107.99,24363.05,23500
2014-05-20,24555.31,24587.16,24299.53,24376.88,19000
2014-05-21,24404.48,24419.54,24156.47,24298.02,18000
2014-05-22,24415.42,24524.76,24326.48,24374.4,14500
2014-05-23,24535.14,24745.86,24470.78,24693.35,21200
2014-05-26,24913.89,25175.22,24433.9,24716.88,21900
2014-05-27,24748.1,24777.31,24422.33,24549.51,12600
2014-05-28,24591.61,24643.33,24488.81,24556.09,15100
2014-05-29,24523.13,24528.2,24206.5,24234.15,16000
2014-05-30,24300.99,24353.59,24163.62,24217.34,14900
2014-06-02,24368.96,24709.09,24270.2,24684.85,14400
2014-06-03,24729.22,24892.06,24626.97,24858.59,21100
2014-06-04,24909.03,24925.9,24773.93,24805.83,14800
2014-06-05,24828.38,25044.06,24644.88,25019.51,17500
2014-06-06,25204.95,25419.14,25129.76,25396.46,18100
2014-06-09,25543.6,25644.77,25496.84,25580.21,15300
2014-06-10,25706.35,25711.11,25347.33,25583.69,13600
2014-06-11,25650.62,25735.87,25365.65,25473.89,14000
2014-06-12,25597.21,25611.32,25409.69,25576.21,10200
2014-06-13,25677.05,25688.31,25171.61,25228.17,14700
2014-06-16,25239.5,25268.41,25063.93,25190.48,12000
2014-06-17,25189.46,25545.88,25104.5,25521.19,11300
2014-06-18,25565.19,25609.28,25114.3,25246.25,13200
2014-06-19,25327.09,25425.85,25069.66,25201.8,15200
2014-06-20,25237.54,25276.31,25056.18,25105.51,8800
2014-06-23,25108.09,25197.5,24878.66,25031.32,10200
2014-06-24,25115.83,25414.69,25115.83,25368.9,9700
2014-06-25,25421.49,25427.8,25274.39,25313.74,7700
2014-06-26,25217.69,25309.33,25021.23,25062.67,10300
2014-06-27,25132.08,25209.61,25032.94,25099.92,10100
2014-06-30,25179.55,25460.96,25179.55,25413.78,9500
2014-07-01,25469.94,25571.9,25466.77,25516.35,10600
2014-07-02,25660.57,25864.53,25660.16,25841.21,12300
2014-07-03,25875.75,25999.08,25793.7,25823.75,3700
2014-07-04,25844.8,25981.51,25659.33,25962.06,9500
2014-07-07,26039.67,26123.55,25992.73,26100.08,8900
2014-07-08,26166.92,26190.44,25495.04,25582.11,12700
2014-07-09,25615.28,25683.97,25364.77,25444.81,10500
2014-07-10,25513.74,25920.46,25239.89,25372.75,16900
2014-07-11,25488.86,25548.33,24978.33,25024.35,18600
2014-07-14,25093.16,25095.76,24892.0,25006.98,11400
2014-07-15,25100.9,25254.48,25020.32,25228.65,8100
2014-07-16,25322.17,25602.78,25246.75,25549.72,9600
2014-07-17,25540.92,25613.03,25494.46,25561.16,21900
2014-07-18,25558.48,25713.4,25441.24,25641.56,8300
2014-07-21,25776.54,25861.15,25677.71,25715.17,7600
2014-07-22,25784.48,26050.38,25780.39,26025.8,8500
2014-07-23,26130.26,26188.64,26000.4,26147.33,8200
2014-07-24,26188.5,26292.66,26077.7,26271.85,7800
2014-07-25,26257.14,26300.17,26007.31,26126.75,11100
2014-07-28,26173.47,26181.83,25900.25,25991.23,7400
2014-07-30,26005.14,26113.48,25850.04,26087.42,9200
2014-07-31,26105.89,26118.88,25853.69,25894.97,9200
2014-08-01,25753.92,25862.68,25459.13,25480.84,12700
2014-08-04,25631.68,25754.42,25531.38,25723.16,7400
2014-08-05,25817.84,25928.32,25562.36,25908.01,8800
2014-08-06,25892.55,25901.68,25621.85,25665.27,6800
2014-08-07,25668.71,25778.05,25526.05,25589.01,7100
2014-08-08,25406.87,25406.87,25232.82,25329.14,7500
2014-08-11,25476.87,25553.44,25437.05,25519.24,6000
2014-08-12,25703.78,25904.98,25645.79,25880.77,8100
2014-08-13,25861.47,25972.62,25791.79,25918.95,8800
2014-08-14,25948.3,26135.0,25945.35,26103.23,10100
2014-08-18,26123.69,26413.11,26075.28,26390.96,8200
2014-08-19,26482.56,26530.67,26387.84,26420.67,10400
2014-08-20,26496.29,26504.52,26277.61,26314.29,8900
2014-08-21,26322.66,26464.8,26262.52,26360.11,6500
2014-08-22,26419.53,26508.27,26383.16,26419.55,6700
2014-08-25,26490.31,26630.74,26401.64,26437.02,10000
2014-08-26,26349.87,26481.97,26314.89,26442.81,9500
2014-08-27,26553.24,26599.12,26492.5,26560.15,6600
2014-08-28,26620.18,26674.38,26573.69,26638.11,6700
2014-09-01,26733.18,26900.3,26732.39,26867.55,9200
2014-09-02,26888.21,27082.85,26886.22,27019.39,8000
2014-09-03,27128.06,27225.85,27067.02,27139.94,9700
2014-09-04,27164.95,27169.12,26972.39,27085.93,7400
2014-09-05,27127.26,27178.8,26920.56,27026.7,7100
2014-09-08,27145.12,27354.99,27144.56,27319.85,7300
2014-09-09,27316.43,27328.27,27177.09,27265.32,7600
2014-09-10,27230.94,27251.44,27018.11,27057.41,5900
2014-09-11,27143.22,27150.78,26904.5,26995.87,7600
2014-09-12,27048.15,27096.87,26965.91,27061.04,8000
2014-09-15,26998.07,26998.07,26790.91,26816.56,6000
2014-09-16,26854.9,26861.29,26464.03,26492.51,9400
2014-09-17,26627.21,26682.64,26511.71,26631.29,7600
2014-09-18,26573.89,27132.2,26503.08,27112.21,7000
2014-09-19,27139.39,27247.17,27047.68,27090.42,7300
2014-09-22,27008.12,27254.8,26918.93,27206.74,7100
2014-09-23,27244.98,27256.87,26744.07,26775.69,7900
2014-09-24,26817.94,26844.7,26560.0,26744.69,12300
2014-09-25,26808.66,26814.2,26349.55,26468.36,11000
2014-09-26,26429.3,26721.03,26220.49,26626.32,10000
2014-09-29,26694.41,26715.77,26518.01,26597.11,6500
2014-09-30,26610.71,26851.33,26481.31,26630.51,8200
2014-10-01,26681.47,26683.7,26548.22,26567.99,7900
2014-10-07,26487.51,26570.38,26250.24,26271.97,10200
2014-10-08,26229.67,26338.31,26150.09,26246.79,8600
2014-10-09,26394.37,26688.7,26394.21,26637.28,7500
2014-10-10,26551.74,26555.92,26261.61,26297.38,9200
2014-10-13,26275.07,26443.16,26092.69,26384.07,6400
2014-10-14,26537.42,26550.79,26212.01,26349.33,11900
2014-10-16,26260.35,26462.08,25933.98,25999.34,10700
2014-10-17,25950.0,26248.54,25910.77,26108.53,9400
2014-10-20,26434.16,26517.9,26368.94,26429.85,9300
2014-10-21,26552.45,26615.41,26407.0,26575.65,8400
2014-10-22,26782.57,26818.33,26712.21,26787.23,6000
2014-10-27,26959.57,26994.96,26726.84,26752.9,6500
2014-10-28,26788.73,26907.14,26764.15,26880.82,6800
2014-10-29,27017.44,27126.3,26971.16,27098.17,8100
2014-10-30,27098.94,27390.6,27088.65,27346.33,7000
2014-10-31,27439.06,27894.32,27438.28,27865.83,11600
2014-11-03,27943.04,27969.82,27785.4,27860.38,9500
2014-11-05,27907.19,28010.39,27857.65,27915.88,8700
2014-11-07,27902.71,27980.93,27739.56,27868.63,10500
2014-11-10,27919.45,28027.96,27764.75,27874.73,7900
2014-11-11,27911.25,27996.92,27790.4,27910.06,7000
2014-11-12,27958.64,28126.48,27958.64,28008.9,7000
2014-11-13,28048.56,28098.74,27822.7,27940.64,8700
2014-11-14,27949.54,28093.23,27912.9,28046.66,9900
2014-11-17,28018.68,28205.71,27921.34,28177.88,6700
2014-11-18,28209.03,28282.85,28119.95,28163.29,7300
2014-11-19,28193.9,28294.01,27963.51,28032.85,6800
2014-11-20,28100.84,28118.53,27915.23,28067.56,8700
2014-11-21,28100.1,28360.66,28038.4,28334.63,10100
2014-11-24,28413.01,28541.96,28394.48,28499.54,9700
2014-11-25,28520.76,28541.22,28217.5,28338.05,10800
2014-11-26,28321.58,28470.15,28261.31,28386.19,8700
2014-11-27,28397.8,28498.3,28307.58,28438.91,11900
2014-11-28,28490.71,28822.37,28483.99,28693.99,14600
2014-12-01,28748.22,28809.64,28538.44,28559.62,8300
2014-12-02,28522.46,28576.39,28386.46,28444.01,11200
2014-12-03,28472.32,28504.65,28370.73,28442.71,10100
2014-12-04,28616.93,28808.78,28448.95,28562.82,10400
2014-12-05,28604.5,28651.75,28409.05,28458.1,7700
2014-12-08,28433.0,28494.85,28097.12,28119.4,9500
2014-12-09,28134.22,28157.53,27763.82,27797.01,9600
2014-12-10,27711.96,27905.25,27710.03,27831.1,9900
2014-12-11,27796.34,27796.34,27539.47,27602.01,9800
2014-12-12,27598.96,27692.32,27320.05,27350.68,10900
2014-12-15,27136.28,27392.18,27105.04,27319.56,9100
2014-12-16,27181.18,27199.37,26736.23,26781.44,14300
2014-12-17,26724.01,26871.91,26469.42,26710.13,16600
2014-12-18,27053.86,27180.92,26900.57,27126.57,11200
2014-12-19,27292.55,27497.12,27292.14,27371.84,11800
2014-12-22,27479.87,27725.27,27382.32,27701.79,7400
2014-12-23,27733.12,27851.1,27475.13,27506.46,8600
2014-12-24,27530.26,27571.25,27146.52,27208.61,10600
2014-12-30,27478.3,27478.3,27312.29,27403.54,6100
2014-12-31,27358.3,27527.24,27346.0,27499.42,6500
2015-01-02,27521.28,27937.47,27519.26,27887.9,7400
2015-01-05,27978.43,28064.49,27786.85,27842.32,9200
2015-01-06,27694.23,27698.93,26937.06,26987.46,14100
2015-01-07,26983.43,27051.6,26776.12,26908.82,12200
2015-01-08,27178.77,27316.41,27101.94,27274.71,8200
2015-01-09,27404.19,27507.67,27119.63,27458.38,11100
2015-01-12,27523.86,27620.66,27323.74,27585.27,7500
2015-01-13,27611.56,27670.19,27324.58,27425.73,7800
2015-01-14,27432.14,27512.8,27203.25,27346.82,10200
2015-01-15,27831.16,28194.61,27703.7,28075.55,16700
2015-01-16,28056.61,28176.1,27945.31,28121.89,12100
2015-01-19,28249.84,28334.06,28197.36,28262.01,10900
2015-01-20,28324.85,28829.29,28324.85,28784.67,11100
2015-01-21,28843.09,28958.1,28792.57,28888.86,15400
2015-01-22,28957.79,29060.41,28892.23,29006.02,11100
2015-01-23,29189.45,29408.73,29165.56,29278.84,11900
2015-01-27,29451.65,29618.59,29286.09,29571.04,11300
2015-01-28,29565.72,29786.32,29417.67,29559.18,11200
2015-01-29,29516.49,29740.63,29378.3,29681.77,12700
2015-01-30,29801.6,29844.16,29070.48,29182.95,15800
2015-02-02,29143.63,29268.13,28958.52,29122.27,18000
2015-02-03,29217.4,29253.06,28900.41,29000.14,16600
2015-02-04,29129.85,29133.62,28824.68,28883.11,15800
2015-02-05,28912.38,29277.83,28753.29,28850.97,12800
2015-02-06,28892.21,28922.85,28647.14,28717.91,11400
2015-02-09,28566.5,28566.5,28183.32,28227.39,11700
2015-02-10,28122.48,28633.72,28044.49,28355.62,14600
2015-02-11,28450.26,28618.91,28424.39,28533.97,13800
2015-02-12,28650.25,28838.52,28406.25,28805.1,13800
2015-02-13,28888.99,29154.67,28835.7,29094.93,17600
2015-02-16,29170.77,29325.35,29083.4,29135.88,10500
2015-02-18,29136.07,29411.32,29126.91,29320.26,11000
2015-02-19,29434.91,29522.86,29108.15,29462.27,11900
2015-02-20,29446.21,29462.09,29178.26,29231.41,11500
2015-02-23,29316.58,29362.96,28913.16,28975.11,8800
2015-02-24,29016.55,29130.67,28875.94,29004.66,10200
2015-02-25,29115.32,29269.83,28967.61,29007.99,8000
2015-02-26,29051.9,29069.13,28693.82,28746.65,10700
2015-02-27,28865.12,29254.02,28837.06,29220.12,16500
2015-03-02,29533.42,29576.32,29259.77,29459.14,15300
2015-03-03,29500.19,29636.86,29364.87,29593.73,12200
2015-03-04,29937.27,30024.74,29289.05,29380.73,17000
2015-03-05,29436.77,29518.32,29162.47,29448.95,13400
2015-03-09,29316.54,29321.06,28799.76,28844.78,11800
2015-03-10,28924.06,28949.11,28584.49,28709.87,11200
2015-03-11,28725.75,28843.23,28608.18,28659.17,12500
2015-03-12,28798.61,28971.01,28772.71,28930.41,11100
2015-03-13,29134.93,29183.76,28448.48,28503.3,11500
2015-03-16,28546.31,28581.82,28384.09,28437.71,11100
2015-03-17,28595.0,28784.35,28435.45,28736.38,11000
2015-03-18,28766.87,28806.97,28546.76,28622.12,9700
2015-03-19,28805.22,28978.74,28411.7,28469.67,11400
2015-03-20,28465.44,28484.36,28209.66,28261.08,13900
2015-03-23,28317.29,28385.14,28163.9,28192.02,10000
2015-03-24,28209.33,28455.32,28130.09,28161.72,9700
2015-03-25,28216.09,28249.6,28031.42,28111.83,17400
2015-03-26,27937.62,27997.14,27384.87,27457.58,12700
2015-03-27,27649.78,27694.41,27248.45,27458.64,11400
2015-03-30,27655.79,28017.97,27624.76,27975.86,11100
2015-03-31,28069.85,28180.64,27868.21,27957.49,11100
2015-04-01,27954.86,28298.34,27889.02,28260.14,8100
2015-04-06,28351.94,28530.81,28221.99,28504.46,8300
2015-04-07,28582.33,28641.08,28274.36,28516.59,11900
2015-04-08,28601.49,28763.06,28566.61,28707.75,9800
2015-04-09,28858.42,28906.71,28622.44,28885.21,13100
2015-04-10,28889.27,28907.81,28756.75,28879.38,8000
2015-04-13,28955.13,29072.51,28843.94,29044.44,8500
2015-04-15,29087.25,29094.61,28721.63,28799.69,10500
2015-04-16,28876.23,28876.23,28497.7,28666.04,8400
2015-04-17,28682.97,28696.19,28403.76,28442.1,13900
2015-04-20,28525.65,28539.46,27802.37,27886.21,19000
2015-04-21,27860.51,27976.93,27598.21,27676.04,20700
2015-04-22,27756.68,27947.26,27385.48,27890.13,11700
2015-04-23,27977.27,28087.78,27621.18,27735.02,11400
2015-04-24,27804.58,27829.11,27344.7,27437.94,12000
2015-04-27,27565.49,27567.28,27141.55,27176.99,12100
2015-04-28,27215.61,27482.14,27073.25,27396.38,10300
2015-04-29,27395.71,27438.96,27176.54,27225.93,9500
2015-04-30,27242.05,27242.05,26897.54,27011.31,10900
2015-05-04,27204.63,27537.85,27159.45,27490.59,8300
2015-05-05,27561.32,27603.71,27338.23,27440.14,11300
2015-05-06,27473.36,27501.15,26677.64,26717.37,14200
2015-05-07,26721.34,26850.37,26423.99,26599.11,12500
2015-05-08,26814.38,27196.28,26814.38,27105.39,8800
2015-05-11,27249.42,27544.24,27231.28,27507.3,11300
2015-05-12,27502.91,27502.91,26837.39,26877.48,12400
2015-05-13,27023.71,27299.8,26750.01,27251.1,13600
2015-05-14,27290.17,27293.99,26948.62,27206.06,8900
2015-05-15,27233.9,27379.57,27159.76,27324.0,9300
2015-05-18,27416.97,27725.97,27370.28,27687.3,7800
2015-05-19,27663.08,27872.23,27574.07,27645.53,10600
2015-05-20,27749.3,27903.01,27743.99,27837.21,16400
2015-05-21,27885.36,27911.44,27712.73,27809.35,8400
2015-05-22,27849.54,28071.16,27828.61,27957.5,17800
2015-05-25,27893.25,27903.29,27614.32,27643.88,8300
2015-05-26,27633.66,27675.94,27473.54,27531.41,7100
2015-05-27,27447.4,27595.8,27363.72,27564.66,8600
2015-05-28,27619.31,27666.37,27354.35,27506.71,9000
2015-05-29,27553.03,27888.32,27467.23,27828.44,12500
2015-06-01,27770.79,27959.43,27737.58,27848.99,9600
2015-06-02,27890.73,27902.53,27146.68,27188.38,14500
2015-06-03,27230.68,27276.22,26698.26,26837.2,14000
2015-06-04,26940.64,26948.84,26551.97,26813.42,11600
2015-06-05,26819.82,27014.42,26718.44,26768.49,11900
2015-06-08,26814.31,26827.06,26472.87,26523.09,7900
2015-06-09,26510.29,26604.65,26438.32,26481.25,11000
2015-06-10,26517.32,26934.74,26493.29,26840.5,8400
2015-06-11,26959.98,27000.14,26348.93,26370.98,11300
2015-06-12,26340.32,26489.58,26307.07,26425.3,9600
2015-06-15,26498.67,26728.6,26307.84,26586.55,11000
2015-06-16,26586.86,26731.35,26379.93,26686.51,13100
2015-06-17,26815.41,26983.48,26728.89,26832.66,23000
2015-06-18,26916.99,27175.39,26910.26,27115.83,10500
2015-06-19,27207.76,27404.6,27202.38,27316.17,8100
2015-06-22,27427.19,27782.31,27417.03,27730.21,8100
2015-06-23,27760.11,27882.66,27666.59,27804.37,8600
2015-06-24,27852.32,27948.24,27647.29,27729.67,9400
2015-06-25,27660.22,27968.75,27635.76,27895.97,10100
2015-06-26,27880.72,27921.86,27675.16,27811.84,9600
2015-06-29,27451.07,27695.32,27209.19,27645.15,10900
2015-06-30,27627.39,27814.53,27570.95,27780.83,9500
2015-07-01,27823.65,28099.25,27799.91,28020.87,18400
2015-07-02,28100.38,28115.96,27906.35,27945.8,6800
2015-07-03,27973.12,28135.43,27897.45,28092.79,6000
2015-07-06,27857.2,28235.31,27774.8,28208.76,8300
2015-07-07,28220.11,28335.23,28084.36,28171.69,8000
2015-07-08,28031.45,28031.45,27635.72,27687.72,13700
2015-07-09,27681.49,27798.13,27540.6,27573.66,8200
2015-07-10,27705.36,27729.46,27530.9,27661.4,10800
2015-07-13,27739.32,28005.17,27635.06,27961.19,7800
2015-07-14,27986.92,28018.59,27853.96,27932.9,6900
2015-07-15,28022.14,28218.37,27986.48,28198.29,6000
2015-07-16,28259.7,28478.43,28245.81,28446.12,8500
2015-07-17,28480.92,28576.32,28417.46,28463.31,7300
2015-07-20,28544.28,28549.13,28319.83,28420.12,6600
2015-07-21,28381.82,28518.06,28138.3,28182.14,11700
2015-07-22,28159.42,28546.42,28070.91,28504.93,9500
2015-07-23,28540.97,28578.33,28315.37,28370.84,8900
2015-07-24,28390.5,28402.64,28083.76,28112.31,9300
2015-07-27,28117.65,28117.65,27529.57,27561.38,9500
2015-07-28,27630.21,27676.65,27416.39,27459.23,11800
2015-07-29,27540.46,27609.29,27470.09,27563.43,8600
2015-07-30,27685.82,27854.46,27649.97,27705.35,9400
2015-07-31,27814.51,28161.17,27814.51,28114.56,15000
2015-08-03,28089.09,28263.35,28071.37,28187.06,10200
2015-08-04,28225.04,28264.72,27866.12,28071.93,13600
2015-08-05,28138.04,28315.71,28135.68,28223.08,9800
2015-08-06,28291.88,28359.96,28163.69,28298.13,7500
2015-08-07,28327.11,28335.67,28193.93,28236.39,10300
2015-08-10,28250.78,28417.59,28017.85,28101.72,8700
2015-08-11,28193.26,28205.12,27825.83,27866.09,14700
2015-08-12,27880.76,27883.33,27479.43,27512.26,18200
2015-08-13,27635.25,27791.1,27496.29,27549.53,15900
2015-08-14,27668.06,28100.64,27643.2,28067.31,13200
2015-08-17,28093.54,28095.97,27739.13,27878.27,12300
2015-08-18,27949.13,28040.73,27747.4,27831.54,11800
2015-08-19,27851.81,28021.39,27721.25,27931.64,10900
2015-08-20,27959.19,27964.6,27564.16,27607.82,14400
2015-08-21,27440.1,27442.82,27131.44,27366.07,14000
2015-08-24,26730.4,26730.4,25624.72,25741.56,26000
2015-08-25,25916.26,26124.83,25298.42,26032.38,21200
2015-08-26,26063.27,26156.61,25657.56,25714.66,13400
2015-08-27,26137.03,26302.77,25943.75,26231.19,18600
2015-08-28,26542.84,26687.33,26270.17,26392.38,12100
2015-08-31,26469.42,26504.73,26215.16,26283.09,10000
2015-09-01,26127.04,26141.07,25579.88,25696.44,14000
2015-09-02,25891.95,25939.37,25395.09,25453.56,16200
2015-09-03,25614.69,25835.41,25555.77,25764.78,11300
2015-09-04,25772.58,25775.38,25119.06,25201.9,14100
2015-09-07,25302.98,25387.32,24851.77,24893.81,12800
2015-09-08,24972.01,25411.0,24833.54,25317.87,12600
2015-09-09,25682.87,25820.56,25553.61,25719.58,14400
2015-09-10,25522.96,25733.7,25287.5,25622.17,14600
2015-09-11,25793.77,25875.96,25530.41,25610.21,11800
2015-09-14,25706.87,25891.73,25531.07,25856.7,8800
2015-09-15,25908.34,25909.83,25649.37,25705.93,11200
2015-09-16,25884.05,26006.75,25816.5,25963.97,9600
2015-09-18,26130.36,26471.82,26130.36,26218.91,56600
2015-09-21,26107.98,26233.46,25972.54,26192.98,8100
2015-09-22,26274.37,26339.1,25571.34,25651.84,13600
2015-09-23,25526.53,25934.02,25386.48,25822.99,11700
2015-09-24,25798.05,25949.9,25670.96,25863.5,11800
2015-09-28,25922.71,25936.89,25593.56,25616.84,11700
2015-09-29,25496.38,26054.37,25287.33,25778.66,20700
2015-09-30,25986.52,26179.7,25918.21,26154.83,27500
2015-10-01,26344.19,26431.8,26168.71,26220.95,11000
2015-10-05,26379.42,26822.42,26375.31,26785.55,11400
2015-10-06,26976.66,27010.27,26751.25,26932.88,13600
2015-10-07,26966.86,27082.28,26877.51,27035.85,17100
2015-10-08,27116.86,27120.11,26762.36,26845.81,14900
2015-10-09,26974.92,27200.44,26910.59,27079.51,18800
2015-10-12,27242.6,27305.04,26855.75,26904.11,18400
2015-10-13,26874.29,26918.52,26719.1,26846.53,10800
2015-10-14,26760.32,26869.08,26713.28,26779.66,10900
2015-10-15,26842.19,27037.95,26836.77,27010.14,12700
2015-10-16,27062.8,27239.22,26917.12,27214.6,10200
2015-10-19,27305.62,27387.91,27246.79,27364.92,8200
2015-10-20,27402.9,27432.07,27216.4,27306.83,9200
2015-10-21,27312.35,27445.24,27190.55,27287.66,9700
2015-10-23,27466.64,27555.06,27421.71,27470.81,9900
2015-10-26,27575.04,27618.14,27318.2,27361.96,11300
2015-10-27,27291.06,27296.3,27209.52,27253.44,10100
2015-10-28,27131.71,27163.98,26919.96,27039.76,10500
2015-10-29,27083.7,27099.11,26794.1,26838.14,9900
2015-10-30,26878.48,26942.29,26585.2,26656.83,14000
2015-11-02,26641.69,26824.3,26378.26,26559.15,8800
2015-11-03,26660.71,26732.24,26514.48,26590.59,8500
2015-11-04,26704.02,26800.06,26510.31,26552.92,8000
2015-11-05,26557.8,26557.8,26243.2,26304.2,12300
2015-11-06,26284.01,26438.86,26190.18,26265.24,15600
2015-11-09,25809.0,26193.17,25656.9,26121.4,13300
2015-11-10,26094.09,26094.09,25709.23,25743.26,12800
2015-11-13,25724.09,25724.09,25540.73,25610.53,11500
2015-11-16,25580.15,25866.42,25451.42,25760.1,11300
2015-11-17,25897.88,25948.2,25732.79,25864.47,10700
2015-11-18,25837.71,25890.36,25453.32,25482.52,16100
2015-11-19,25640.34,25884.52,25603.1,25841.92,9900
2015-11-20,25856.13,26058.76,25769.81,25868.49,10000
2015-11-23,25945.14,25958.04,25747.01,25819.34,10100
2015-11-24,25785.61,25901.56,25703.86,25775.74,7500
2015-11-26,25769.81,26016.04,25769.81,25958.63,8400
2015-11-27,26003.2,26184.65,25937.32,26128.2,10400
2015-11-30,26142.53,26231.06,26089.13,26145.67,8300
2015-12-01,26201.27,26246.02,26121.52,26169.41,11000
2015-12-02,26239.39,26256.42,26041.68,26117.85,10100
2015-12-03,26123.86,26123.86,25857.35,25886.62,9500
2015-12-04,25810.06,25810.06,25623.71,25638.11,10500
2015-12-07,25746.03,25785.53,25477.69,25530.11,8700
2015-12-08,25488.42,25542.47,25256.79,25310.33,12600
2015-12-09,25299.34,25316.95,25012.22,25036.05,11600
2015-12-10,25136.71,25289.58,25034.14,25252.32,10900
2015-12-11,25281.77,25316.14,24930.43,25044.43,14900
2015-12-14,24935.6,25194.15,24867.73,25150.35,11600
2015-12-15,25186.68,25342.78,25075.54,25320.44,9700
2015-12-16,25402.47,25572.9,25372.47,25494.37,10800
2015-12-17,25596.63,25831.31,25448.32,25803.78,22700
2015-12-18,25764.67,25789.51,25481.51,25519.22,10400
2015-12-21,25425.32,25757.84,25413.54,25735.9,8100
2015-12-22,25731.07,25787.21,25485.17,25590.65,8100
2015-12-23,25697.66,25875.27,25689.7,25850.3,6900
2015-12-24,25893.84,25922.47,25763.4,25838.71,4900
2015-12-28,25858.52,26073.41,25856.86,26034.13,6900
2015-12-29,26075.68,26133.78,25994.45,26079.48,6000
2015-12-30,26123.87,26130.2,25939.25,25960.03,6500
2015-12-31,25980.86,26147.63,25941.91,26117.54,6200
2016-01-04,26116.52,26116.52,25596.57,25623.35,9100
2016-01-05,25744.7,25766.76,25513.75,25580.34,10300
2016-01-06,25628.23,25632.57,25357.7,25406.33,13400
2016-01-07,25224.7,25230.35,24825.7,24851.83,11800
2016-01-08,24969.02,25083.55,24887.22,24934.33,15900
2016-01-11,24787.11,24961.88,24598.9,24825.04,10600
2016-01-12,24862.93,24882.3,24597.11,24682.03,10300
2016-01-13,24804.64,24956.54,24387.69,24854.11,14000
2016-01-14,24606.2,25018.46,24473.22,24772.97,14900
2016-01-15,24881.76,24912.64,24421.53,24455.04,12700
2016-01-18,24400.78,24524.85,24141.99,24188.37,13600
2016-01-19,24257.28,24563.34,24247.23,24479.84,9400
2016-01-20,24325.77,24325.77,23839.76,24062.04,12800
2016-01-21,24194.75,24351.83,23862.0,23962.21,13200
2016-01-22,24122.06,24472.88,24120.04,24435.66,10100
2016-01-25,24540.97,24650.57,24433.67,24485.95,8900
2016-01-27,24643.13,24645.7,24458.13,24492.39,8500
2016-01-28,24481.86,24587.2,24400.52,24469.57,8400
2016-01-29,24347.31,24911.9,24340.06,24870.69,12400
2016-02-01,24982.22,25002.32,24788.58,24824.83,10100
2016-02-02,24868.21,24928.75,24460.53,24539.0,12700
2016-02-03,24393.59,24409.26,24187.54,24223.32,12200
2016-02-04,24386.45,24514.01,24224.74,24338.43,12200
2016-02-05,24360.36,24672.9,24345.79,24616.97,13400
2016-02-08,24637.41,24698.95,24196.84,24287.42,11700
2016-02-09,24076.85,24111.19,23919.47,24020.98,11500
2016-02-10,23938.32,23938.32,23636.72,23758.9,19400
2016-02-11,23758.46,23758.46,22909.12,22951.83,23200
2016-02-12,23060.39,23161.15,22600.39,22986.12,25100
2016-02-15,23223.43,23622.64,23197.67,23554.12,20400
2016-02-16,23688.61,23692.08,23164.54,23191.97,22200
2016-02-17,23237.23,23434.91,22920.84,23381.87,16600
2016-02-18,23536.47,23735.35,23448.21,23649.22,15700
2016-02-19,23640.32,23774.48,23508.36,23709.15,11600
2016-02-22,23783.47,23855.04,23674.86,23788.79,9500
2016-02-23,23850.41,23851.51,23361.94,23410.18,16700
2016-02-24,23332.94,23338.89,23057.45,23088.93,14000
2016-02-25,23105.16,23142.96,22948.1,22976.0,15900
2016-02-26,23141.08,23227.91,23021.94,23154.3,11500
2016-02-29,23238.5,23343.22,22494.61,23002.0,58900
2016-03-01,23153.32,23821.49,23133.18,23779.35,15700
2016-03-02,24044.96,24280.42,24043.89,24242.98,22800
2016-03-03,24386.67,24640.51,24383.28,24606.99,19500
2016-03-04,24704.59,24719.05,24531.8,24646.48,17500
2016-03-08,24655.19,24793.62,24509.21,24659.23,26000
2016-03-09,24527.27,24820.76,24451.6,24793.96,11900
2016-03-10,24815.7,24817.48,24471.39,24623.34,14400
2016-03-11,24620.39,24817.8,24552.26,24717.99,14800
2016-03-14,24801.7,24960.51,24734.04,24804.28,30100
2016-03-15,24832.04,24840.77,24517.28,24551.17,12100
2016-03-16,24537.61,24706.85,24354.55,24682.48,11000
2016-03-17,24852.18,24948.3,24576.52,24677.37,14600
2016-03-18,24729.41,24986.94,24681.64,24952.74,14100
2016-03-21,25007.56,25327.45,24988.27,25285.37,12400
2016-03-22,25331.01,25381.33,25083.7,25330.49,12000
2016-03-23,25322.1,25367.81,25156.82,25337.56,9500
2016-03-28,25417.11,25432.94,24895.49,24966.4,10100
2016-03-29,24957.24,25079.35,24835.56,24900.46,11000
2016-03-30,25062.06,25358.84,25055.42,25338.58,10700
2016-03-31,25364.75,25479.62,25223.22,25341.86,11500
2016-04-01,25301.7,25354.94,25119.35,25269.64,11400
2016-04-04,25333.98,25424.15,25223.49,25399.65,7800
2016-04-05,25372.44,25372.44,24837.51,24883.59,14800
2016-04-06,24978.86,25000.65,24834.16,24900.63,10300
2016-04-07,24998.79,25013.13,24647.48,24685.42,19200
2016-04-08,24665.8,24736.03,24608.51,24673.84,9700
2016-04-11,24789.4,25049.92,24523.2,25022.16,25900
2016-04-12,25056.47,25180.02,24996.44,25145.59,11500
2016-04-13,25358.42,25671.5,25358.42,25626.75,14600
2016-04-18,25833.16,25870.03,25634.12,25816.36,8500
2016-04-20,25942.34,25956.34,25716.81,25844.18,11300
2016-04-21,25979.68,26080.07,25783.12,25880.38,18100
2016-04-22,25892.49,25922.02,25771.88,25838.14,13400
2016-04-25,25891.03,25891.03,25585.93,25678.93,8200
2016-04-26,25604.92,26055.0,25549.05,26007.3,11200
2016-04-27,25956.42,26092.93,25885.24,26064.12,11200
2016-04-28,26078.28,26100.54,25561.17,25603.1,14600
2016-04-29,25612.91,25755.43,25424.03,25606.62,14600
2016-05-02,25565.44,25565.44,25341.14,25436.97,7700
2016-05-03,25500.14,25705.96,25192.94,25229.7,11000
2016-05-04,25210.87,25245.7,25061.04,25101.73,15800
2016-05-05,25187.66,25394.1,25162.94,25262.21,11300
2016-05-06,25223.67,25260.48,25057.93,25228.5,11300
2016-05-09,25321.83,25709.68,25302.86,25688.86,11700
2016-05-10,25682.98,25809.93,25614.24,25772.53,10500
2016-05-11,25548.97,25762.49,25409.24,25597.02,9300
2016-05-12,25684.6,25827.03,25620.27,25790.22,9800
2016-05-13,25739.94,25743.69,25400.27,25489.57,12500
2016-05-16,25528.8,25688.46,25351.62,25653.23,12900
2016-05-17,25756.14,25927.31,25733.76,25773.61,11400
2016-05-18,25671.48,25747.0,25503.4,25704.61,9800
2016-05-19,25713.84,25714.56,25351.99,25399.72,14400
2016-05-20,25428.42,25506.06,25251.9,25301.9,13600
2016-05-23,25447.72,25519.26,25207.78,25230.36,11300
2016-05-24,25256.97,25340.47,25181.47,25305.47,10700
2016-05-25,25432.1,25897.87,25430.59,25881.17,9500
2016-05-26,26008.25,26398.94,25941.51,26366.68,13900
2016-05-27,26415.93,26677.43,26405.28,26653.6,20800
2016-05-30,26694.75,26794.96,26623.33,26725.6,14800
2016-05-31,26817.75,26837.2,26561.58,26667.96,26500
2016-06-01,26684.46,26857.25,26671.86,26713.93,13400
2016-06-02,26694.28,26885.16,26641.02,26843.14,11100
2016-06-03,26919.23,27008.14,26792.07,26843.03,13000
2016-06-06,26897.84,26901.42,26729.54,26777.45,8700
2016-06-07,26833.54,27082.63,26829.53,27009.67,14800
2016-06-08,27085.24,27105.41,26973.71,27020.66,12500
2016-06-09,26994.48,26994.91,26692.35,26763.46,10100
2016-06-10,26742.26,26972.06,26620.5,26635.75,10100
2016-06-13,26468.27,26468.27,26262.27,26396.77,9100
2016-06-14,26482.5,26485.45,26264.81,26395.71,7800
2016-06-15,26500.79,26752.59,26446.59,26726.34,12300
2016-06-16,26686.03,26686.03,26314.91,26525.46,12600
2016-06-17,26653.85,26730.55,26538.51,26625.91,9300
2016-06-20,26497.11,26885.49,26447.88,26866.92,9500
2016-06-21,26907.42,26925.64,26754.6,26812.78,7000
2016-06-22,26791.68,26887.29,26617.45,26765.65,7700
2016-06-23,26753.2,27060.98,26736.52,27002.22,9300
2016-06-24,26367.48,26435.85,25911.33,26397.71,24400
2016-06-27,26347.81,26493.51,26262.72,26402.96,18300
2016-06-28,26410.66,26583.33,26378.46,26524.55,8100
2016-06-29,26627.15,26776.17,26606.31,26740.39,7700
2016-06-30,26926.17,27069.23,26872.59,26999.72,8600
2016-07-01,27064.33,27243.36,27061.4,27144.91,10000
2016-07-04,27314.44,27385.66,27251.06,27278.76,8300
2016-07-05,27340.72,27348.66,27127.3,27166.87,10400
2016-07-07,27209.97,27288.22,27146.95,27201.49,8800
2016-07-08,27292.2,27294.82,27034.14,27126.9,13900
2016-07-11,27358.23,27647.48,27358.23,27626.69,23900
2016-07-12,27667.81,27828.74,27667.81,27808.14,12200
2016-07-13,27912.14,27928.76,27752.14,27815.18,17600
2016-07-14,27857.8,27967.77,27763.15,27942.11,10500
2016-07-15,27966.14,28048.7,27735.87,27836.5,16300
2016-07-18,27920.66,28013.5,27697.69,27746.66,20500
2016-07-19,27790.05,27826.69,27637.98,27787.62,16800
2016-07-20,27775.7,27935.18,27759.71,27915.89,12500
2016-07-21,27980.07,27988.76,27687.54,27710.52,12200
2016-07-22,27721.72,27832.45,27646.21,27803.24,9500
2016-07-25,27753.96,28110.37,27736.51,28095.34,15300
2016-07-26,28121.37,28149.53,27927.13,27976.52,11100
2016-07-27,27976.14,28210.88,27899.93,28024.33,10400
2016-07-28,28108.78,28240.2,28064.9,28208.62,14600
2016-07-29,28232.87,28233.47,28037.87,28051.86,11500
2016-08-01,28083.08,28284.85,27873.53,28003.12,13700
2016-08-02,28069.12,28175.22,27943.91,27981.71,10100
2016-08-03,28008.52,28015.43,27647.14,27697.51,11800
2016-08-04,27899.88,27921.91,27627.97,27714.37,14600
2016-08-05,27810.55,28110.37,27795.74,28078.35,13700
2016-08-08,28181.92,28226.38,28128.06,28182.57,20300
2016-08-09,28289.22,28289.96,27956.77,28085.16,14200
2016-08-10,28133.36,28143.28,27736.62,27774.88,15400
2016-08-11,27805.94,27902.39,27697.33,27859.6,9900
2016-08-12,27919.95,28203.27,27900.91,28152.4,21000
2016-08-16,28190.04,28199.1,27942.65,28064.61,14600
2016-08-17,28061.79,28174.3,27960.14,28005.37,11600
2016-08-18,28077.64,28214.17,28077.0,28123.44,12500
2016-08-19,28167.66,28212.3,28026.12,28077.0,15600
2016-08-22,28088.07,28143.28,27918.05,27985.54,12600
2016-08-23,28012.56,28028.98,27854.43,27990.21,12400
2016-08-24,28065.25,28108.39,27959.87,28059.94,8100
2016-08-25,28103.6,28154.21,27803.24,27835.91,6700
2016-08-26,27882.75,27935.88,27696.99,27782.25,9100
2016-08-29,27827.26,27952.85,27698.71,27902.66,11800
2016-08-30,28012.46,28478.02,28010.66,28343.01,10600
2016-08-31,28372.25,28532.25,28363.1,28452.17,10400
2016-09-01,28459.09,28548.85,28386.61,28423.48,16800
2016-09-02,28498.72,28581.58,28427.63,28532.11,12000
2016-09-06,28631.27,29013.4,28631.27,28978.02,18200
2016-09-07,29035.67,29067.84,28911.31,28926.36,19800
2016-09-08,28929.46,29077.28,28854.56,29045.28,15000
2016-09-09,29062.9,29062.9,28755.08,28797.25,11700
2016-09-12,28481.09,28481.11,28251.31,28353.54,13700
2016-09-14,28345.49,28416.41,28259.38,28372.23,11500
2016-09-15,28398.33,28454.02,28311.11,28412.89,9600
2016-09-16,28520.3,28778.64,28494.59,28599.03,13400
2016-09-19,28626.6,28714.77,28552.55,28634.5,12600
2016-09-20,28690.66,28698.81,28480.53,28523.2,8000
2016-09-21,28554.38,28689.36,28462.33,28507.42,12300
2016-09-22,28766.94,28871.92,28693.07,28773.13,10700
2016-09-23,28810.32,28825.09,28627.38,28668.22,13300
2016-09-26,28630.92,28630.92,28272.03,28294.28,16600
2016-09-27,28373.02,28432.74,28179.34,28223.7,8800
2016-09-28,28198.88,28378.56,28198.3,28292.81,10800
2016-09-29,28423.14,28475.57,27719.92,27827.53,13600
2016-09-30,27807.82,27955.21,27716.78,27865.96,10500
2016-10-03,27997.29,28273.02,27919.89,28243.29,10900
2016-10-04,28377.64,28404.7,28242.25,28334.55,18300
2016-10-05,28425.74,28477.65,28188.9,28220.98,11300
2016-10-06,28298.35,28328.56,28031.22,28106.21,9100
2016-10-07,28129.22,28155.68,27964.91,28061.14,12700
2016-10-10,28144.28,28216.64,28068.32,28082.34,6900
2016-10-13,28042.62,28042.62,27563.84,27643.11,11900
2016-10-14,27712.22,27763.54,27548.18,27673.6,14000
2016-10-17,27776.14,27803.21,27488.3,27529.97,17100
2016-10-18,27656.89,28064.39,27652.76,28050.88,16200
2016-10-19,28112.36,28131.07,27926.17,27984.37,15200
2016-10-20,28031.57,28212.5,28031.57,28129.84,11300
2016-10-21,28163.41,28163.41,27957.92,28077.18,8500
2016-10-24,28156.59,28256.65,28075.95,28179.08,15100
2016-10-25,28159.09,28211.41,28013.69,28091.42,11000
2016-10-26,28050.55,28050.55,27759.56,27836.51,14100
2016-10-27,27808.63,27958.13,27665.6,27915.9,13600
2016-10-28,27983.14,28000.14,27789.84,27941.51,11300
2016-11-01,27966.18,28029.8,27845.63,27876.61,10100
2016-11-02,27679.32,27679.32,27500.81,27527.22,13000
2016-11-03,27518.06,27600.74,27399.26,27430.28,10800
2016-11-04,27465.55,27498.91,27193.61,27274.15,24300
2016-11-07,27552.27,27591.15,27274.15,27458.99,11300
2016-11-08,27537.26,27646.84,27406.76,27591.14,10200
2016-11-09,26251.38,27397.38,25902.45,27252.53,21100
2016-11-10,27605.05,27743.46,27252.53,27517.68,16600
2016-11-11,27344.85,27344.85,26777.18,26818.82,17100
2016-11-15,26809.61,26809.61,26253.63,26304.63,16400
2016-11-16,26508.94,26621.4,26239.21,26298.69,14200
2016-11-17,26304.9,26449.87,26155.4,26227.62,11000
2016-11-18,26270.2,26349.02,26106.78,26150.24,9600
2016-11-21,26246.7,26270.28,25717.93,25765.14,9900
2016-11-22,25928.16,26039.7,25765.51,25960.78,8100
2016-11-23,26101.33,26130.49,25877.16,26051.81,8900
2016-11-24,26049.14,26049.14,25810.97,25860.17,8600
2016-11-25,25953.24,26343.95,25874.45,26316.34,11500
2016-11-28,26303.52,26413.99,26183.22,26350.17,10900
2016-11-29,26408.62,26587.07,26354.66,26394.01,9600
2016-11-30,26441.02,26680.55,26395.5,26652.81,7800
2016-12-01,26756.66,26769.32,26540.82,26559.92,11300
2016-12-02,26437.37,26463.06,26182.93,26230.66,9600
2016-12-05,26253.48,26390.8,26125.35,26349.1,12800
2016-12-06,26403.62,26502.43,26356.02,26392.76,7600
2016-12-07,26456.21,26540.83,26164.82,26236.87,10500
2016-12-08,26366.52,26733.87,26357.35,26694.28,8200
2016-12-09,26787.14,26803.76,26707.81,26747.18,9800
2016-12-12,26725.31,26725.31,26468.59,26515.24,8500
2016-12-13,26607.65,26724.97,26494.23,26697.82,7000
2016-12-14,26707.91,26736.34,26547.05,26602.84,9900
2016-12-15,26497.71,26737.86,26407.58,26519.07,12700
2016-12-16,26548.67,26594.55,26455.21,26489.56,7600
2016-12-19,26505.66,26505.66,26340.38,26374.7,7400
2016-12-20,26374.59,26435.56,26241.43,26307.98,7300
2016-12-21,26368.88,26396.0,26213.51,26242.38,6100
2016-12-22,26224.07,26248.45,25940.14,25979.6,7600
2016-12-23,25959.99,26143.19,25872.38,26040.7,7500
2016-12-26,25992.41,26008.57,25753.74,25807.1,5400
2016-12-27,25815.43,26249.03,25803.19,26213.44,8700
2016-12-28,26243.19,26415.05,26191.72,26210.68,8500
2016-12-29,26429.41,26429.63,26166.67,26366.15,6700
2016-12-30,26441.51,26678.6,26406.53,26626.46,8600
2017-01-02,26711.15,26720.98,26447.06,26595.45,8000
2017-01-03,26616.92,26724.4,26488.37,26643.24,9800
2017-01-04,26677.22,26723.37,26606.06,26633.13,8100
2017-01-05,26738.42,26917.21,26738.42,26878.24,9800
2017-01-06,26929.69,27009.61,26733.33,26759.23,7800
2017-01-09,26860.81,26860.88,26701.18,26726.55,6400
2017-01-10,26811.63,26914.95,26804.17,26899.56,8600
2017-01-11,26978.44,27174.87,26978.44,27140.41,12000
2017-01-12,27171.66,27278.93,27166.69,27247.16,11700
2017-01-13,27378.01,27459.75,27143.07,27238.06,10200
2017-01-16,27238.35,27335.08,27172.68,27288.17,12600
2017-01-17,27331.82,27381.43,27179.19,27235.66,8100
2017-01-18,27261.76,27422.67,27217.65,27257.64,9500
2017-01-19,27253.34,27348.19,27219.89,27308.6,10800
2017-01-20,27232.69,27264.41,27009.81,27034.5,8800
2017-01-23,26990.93,27167.79,26963.58,27117.34,6600
2017-01-24,27170.88,27393.35,27140.85,27375.58,6800
2017-01-25,27462.83,27736.83,27439.68,27708.14,12200
2017-01-27,27761.03,27980.39,27759.48,27882.46,14300
2017-01-30,27866.8,27947.37,27813.32,27849.56,8600
2017-01-31,27867.92,27867.92,27624.54,27655.96,10700
2017-02-01,27669.08,28159.54,27590.1,28141.64,18200
2017-02-02,28167.83,28299.92,28070.81,28226.61,17200
2017-02-03,28270.67,28280.58,28127.18,28240.52,10800
2017-02-06,28340.39,28487.28,28340.39,28439.28,10000
2017-02-07,28443.23,28483.41,28239.12,28335.16,10800
2017-02-08,28386.08,28391.64,28149.08,28289.92,10900
2017-02-09,28349.22,28469.48,28152.18,28329.7,10200
2017-02-10,28367.17,28456.18,28286.8,28334.25,13700
2017-02-13,28450.42,28458.8,28197.38,28351.62,9400
2017-02-14,28386.12,28393.42,28263.45,28339.31,11700
2017-02-15,28270.11,28382.32,28102.23,28155.56,17800
2017-02-16,28223.85,28327.84,28146.19,28301.27,9700
2017-02-17,28670.43,28726.26,28410.91,28468.75,15000
2017-02-20,28481.91,28696.53,28419.27,28661.58,8900
2017-02-21,28716.7,28801.0,28597.33,28761.59,8400
2017-02-22,28822.4,28963.52,28789.3,28864.71,16300
2017-02-23,28927.67,29065.31,28860.46,28892.97,18400
2017-02-27,28910.5,28961.83,28791.19,28812.88,12000
2017-02-28,28825.19,28876.54,28721.12,28743.32,10700
2017-03-01,28849.04,29029.17,28824.17,28984.49,14600
2017-03-02,29117.38,29145.62,28784.31,28839.79,10800
2017-03-03,28827.5,28860.13,28716.21,28832.45,9300
2017-03-06,28859.21,29070.2,28856.12,29048.19,12100
2017-03-07,29092.16,29098.17,28957.68,28999.56,9700
2017-03-08,29021.06,29022.32,28815.48,28901.94,16300
2017-03-09,28909.7,28986.72,28815.02,28929.13,401500
2017-03-10,29006.0,29076.63,28851.04,28946.23,15900
2017-03-14,29437.23,29561.93,29356.05,29442.63,29200
2017-03-15,29452.86,29500.08,29358.91,29398.11,392500
2017-03-16,29482.83,29614.79,29482.83,29585.85,18400
2017-03-17,29755.74,29824.62,29601.86,29648.99,14500
2017-03-20,29653.54,29699.48,29482.4,29518.74,400800
2017-03-21,29525.88,29585.05,29380.14,29485.45,11500
2017-03-22,29341.41,29341.41,29137.48,29167.68,14700
2017-03-23,29201.01,29373.79,29198.08,29332.16,26000
2017-03-24,29350.6,29539.85,29350.17,29421.4,21000
2017-03-27,29395.68,29420.7,29163.54,29237.15,15100
2017-03-28,29301.22,29442.18,29301.22,29409.52,33500
2017-03-29,29463.01,29554.39,29439.42,29531.43,41600
2017-03-30,29538.03,29684.54,29521.65,29647.42,15700
2017-03-31,29633.91,29687.64,29552.61,29620.5,11800
2017-04-03,29737.73,29926.94,29705.72,29910.22,10100
2017-04-05,29996.03,30007.48,29817.69,29974.24,11200
2017-04-06,29946.89,29954.25,29817.59,29927.34,11300
2017-04-07,29850.71,29886.12,29668.45,29706.61,14700
2017-04-10,29752.62,29831.32,29553.04,29575.74,10700
2017-04-11,29630.06,29804.51,29570.58,29788.35,10800
2017-04-12,29838.82,29838.82,29549.74,29643.48,8500
2017-04-13,29637.12,29660.48,29442.26,29461.45,10700
2017-04-17,29470.27,29494.08,29363.28,29413.66,6700
2017-04-18,29487.78,29701.19,29286.38,29319.1,12100
2017-04-19,29369.9,29388.25,29241.48,29336.57,11600
2017-04-20,29358.59,29453.06,29341.68,29422.39,14600
2017-04-21,29575.66,29584.34,29259.42,29365.3,11300
2017-04-24,29407.68,29681.33,29392.99,29655.84,8900
2017-04-25,29825.14,29961.82,29780.84,29943.24,8600
2017-04-26,30030.2,30167.09,29968.57,30133.35,10900
2017-04-27,30141.39,30184.22,29973.4,30029.74,10700
2017-04-28,30064.6,30067.64,29848.21,29918.4,11300
2017-05-02,30021.49,30069.24,29804.12,29921.18,11700
2017-05-03,29984.95,30020.59,29846.57,29894.8,11300
2017-05-04,30069.72,30169.95,30007.4,30126.21,22300
2017-05-05,30142.14,30176.55,29823.6,29858.8,15900
2017-05-08,29915.12,30016.04,29877.41,29926.15,10000
2017-05-09,29977.5,30017.82,29911.44,29933.25,8400
2017-05-10,29988.78,30271.6,29987.44,30248.17,11000
2017-05-11,30309.71,30366.43,30207.11,30250.98,10700
2017-05-12,30285.61,30299.74,30111.45,30188.15,11100
2017-05-15,30287.37,30357.96,30273.62,30322.12,8000
2017-05-16,30391.48,30591.55,30363.37,30582.6,13600
2017-05-17,30616.53,30692.45,30519.14,30658.77,14900
2017-05-18,30466.82,30575.83,30393.72,30434.79,16200
2017-05-19,30539.65,30712.35,30338.52,30464.92,13800
2017-05-22,30638.88,30712.15,30516.87,30570.97,11400
2017-05-23,30553.89,30610.64,30316.92,30365.25,18700
2017-05-24,30446.77,30534.15,30247.6,30301.64,11300
2017-05-25,30374.81,30793.43,30352.26,30750.03,10000
2017-05-26,30765.77,31074.07,30745.57,31028.21,14600
2017-05-29,30944.38,31214.39,30869.9,31109.28,14900
2017-05-30,31111.73,31220.38,31064.04,31159.4,9600
2017-05-31,31222.51,31255.28,31107.48,31145.8,13000
2017-06-01,31117.09,31213.12,31062.02,31137.59,8300
2017-06-02,31205.37,31332.56,31190.4,31273.29,8500
2017-06-05,31274.74,31355.42,31198.22,31309.49,9000
2017-06-06,31420.85,31430.32,31172.55,31190.56,13600
2017-06-07,31252.71,31346.99,31172.98,31271.28,9500
2017-06-08,31316.91,31354.51,31193.77,31213.36,14000
2017-06-09,31196.86,31289.99,31087.28,31262.06,9800
2017-06-12,31225.43,31225.43,31044.28,31095.7,6800
2017-06-13,31091.1,31260.77,31062.34,31103.49,13300
2017-06-14,31147.69,31190.36,31054.94,31155.91,12700
2017-06-15,31222.89,31229.44,31026.48,31075.73,12700
2017-06-16,31160.47,31182.73,31017.18,31056.4,13300
2017-06-19,31168.98,31362.15,31163.35,31311.57,7500
2017-06-20,31392.53,31392.53,31261.49,31297.53,8100
2017-06-21,31302.18,31336.44,31193.61,31283.64,35700
2017-06-22,31351.53,31522.87,31255.63,31290.74,10200
2017-06-23,31352.57,31365.39,31110.39,31138.21,89700
2017-06-27,31194.68,31294.96,30847.08,30958.25,15300
2017-06-28,30988.87,31000.48,30798.7,30834.32,9900
2017-06-29,30910.97,31097.92,30794.61,30857.52,12300
2017-06-30,30824.97,30965.45,30680.66,30921.61,9200
2017-07-03,31156.04,31258.33,31017.11,31221.62,8100
2017-07-04,31331.21,31353.46,31166.37,31209.79,8700
2017-07-05,31272.72,31284.64,31177.78,31245.56,6500
2017-07-06,31298.42,31460.7,31264.86,31369.34,10100
2017-07-07,31373.52,31426.29,31286.62,31360.63,6200
2017-07-10,31510.62,31768.39,31471.41,31715.64,37900
2017-07-11,31789.5,31885.11,31718.48,31747.09,9100
2017-07-12,31813.24,31865.69,31731.43,31804.82,8300
2017-07-13,31896.23,32091.52,31892.63,32037.38,10500
2017-07-14,32099.93,32109.75,31897.87,32020.75,7200
2017-07-17,32053.98,32131.92,32037.21,32074.78,10300
2017-07-18,31775.54,31911.61,31626.44,31710.99,21600
2017-07-19,31882.8,31978.89,31793.72,31955.35,11300
2017-07-20,32033.82,32057.12,31859.5,31904.4,11200
2017-07-21,32035.88,32062.23,31808.93,32028.89,18000
2017-07-24,32100.22,32320.86,32058.33,32245.87,11500
2017-07-25,32350.71,32374.3,32196.86,32228.27,14100
2017-07-26,32255.99,32413.63,32226.08,32382.46,12400
2017-07-27,32519.44,32672.66,32325.33,32383.3,10900
2017-07-28,32381.36,32381.36,32104.66,32309.88,11300
2017-07-31,32412.2,32546.5,32324.45,32514.94,13100
2017-08-01,32579.8,32632.02,32462.25,32575.17,9000
2017-08-02,32641.58,32686.48,32394.89,32476.74,10500
2017-08-03,32502.55,32502.55,32194.58,32237.88,12600
2017-08-04,32191.12,32352.19,32107.99,32325.41,11300
2017-08-07,32377.8,32396.14,32235.82,32273.67,10400
2017-08-08,32341.05,32354.77,31915.2,32014.19,9400
2017-08-09,31926.14,31967.28,31731.91,31797.84,9300
2017-08-10,31750.73,31756.27,31422.8,31531.33,13000
2017-08-11,31355.92,31379.2,31128.02,31213.59,15200
2017-08-14,31299.52,31526.4,31298.9,31449.03,9700
2017-08-16,31566.24,31805.99,31399.35,31770.89,12500
2017-08-17,31919.17,31937.51,31714.1,31795.46,8500
2017-08-18,31729.88,31729.88,31349.13,31524.68,16400
2017-08-21,31609.93,31641.81,31220.53,31258.85,23600
2017-08-22,31393.93,31484.28,31241.5,31291.85,10800
2017-08-23,31407.47,31593.39,31379.25,31568.01,10000
2017-08-24,31673.44,31678.19,31546.05,31596.06,8900
2017-08-28,31756.87,31809.7,31701.67,31750.82,10100
2017-08-29,31724.84,31739.8,31360.81,31388.39,6800
2017-08-30,31534.57,31727.98,31533.02,31646.46,5400
2017-08-31,31685.44,31757.18,31551.85,31730.49,17900
2017-09-01,31769.34,31944.1,31707.27,31892.23,6600
2017-09-04,31932.2,31932.2,31560.32,31702.25,7600
2017-09-05,31755.16,31863.47,31674.23,31809.55,8000
2017-09-06,31713.5,31727.85,31586.53,31661.97,7400
2017-09-07,31738.74,31814.96,31620.44,31662.74,10200
2017-09-08,31694.15,31763.7,31619.0,31687.52,7800
2017-09-11,31798.31,31952.87,31797.89,31882.16,8700
2017-09-12,32029.15,32172.46,31950.24,32158.66,7000
2017-09-13,32188.95,32348.3,32126.77,32186.41,8900
2017-09-14,32289.26,32328.61,32186.84,32241.93,9100
2017-09-15,32207.63,32356.11,32138.38,32272.61,8900
2017-09-18,32361.37,32508.06,32361.25,32423.76,9500
2017-09-19,32522.44,32524.11,32358.63,32402.37,57400
2017-09-20,32467.1,32499.88,32383.82,32400.51,10500
2017-09-21,32406.42,32462.61,32164.42,32370.04,8700
2017-09-22,32339.5,32342.81,31886.09,31922.44,9600
2017-09-25,31986.4,32016.52,31474.56,31626.63,12200
2017-09-26,31685.81,31693.59,31455.65,31599.76,10000
2017-09-27,31785.24,31797.46,31100.8,31159.81,9800
2017-09-28,31216.36,31340.91,31081.83,31282.48,8300
2017-09-29,31367.25,31523.87,31243.71,31283.72,7700
2017-10-03,31537.81,31615.28,31440.48,31497.38,7100
2017-10-04,31522.17,31752.16,31457.78,31671.71,5900
2017-10-05,31725.85,31772.41,31562.25,31592.03,5900
2017-10-06,31633.34,31844.28,31632.81,31814.22,8300
2017-10-09,31862.2,31935.63,31781.75,31846.89,5800
2017-10-10,31910.82,31994.77,31896.9,31924.41,7200
2017-10-11,31975.59,32098.46,31769.4,31833.99,8600
2017-10-12,31887.47,32209.03,31813.67,32182.22,7800
2017-10-13,32247.74,32508.59,32247.74,32432.69,15500
2017-10-16,32488.23,32687.32,32445.43,32633.64,9200
2017-10-17,32654.41,32699.86,32556.74,32609.16,5500
2017-10-18,32518.56,32670.32,32462.85,32584.35,14100
2017-10-19,32656.75,32663.06,32319.37,32389.96,2500
2017-10-23,32411.86,32614.89,32312.74,32506.72,8400
2017-10-24,32619.26,32670.37,32502.08,32607.34,8400
2017-10-25,32995.28,33117.33,32804.6,33042.5,29900
2017-10-26,33025.17,33196.17,32835.06,33147.13,15500
2017-10-27,33228.32,33286.51,33109.41,33157.22,18300
2017-10-30,33260.1,33340.17,33206.93,33266.16,14000
2017-10-31,33254.93,33294.3,33164.28,33213.13,11500
2017-11-01,33344.23,33651.52,33340.62,33600.27,14200
2017-11-02,33615.84,33657.57,33527.0,33573.22,12400
2017-11-03,33667.34,33733.71,33531.94,33685.56,199700
2017-11-06,33710.15,33848.42,33582.38,33731.19,13100
2017-11-07,33781.01,33865.95,33341.82,33370.76,16300
2017-11-08,33417.35,33484.7,33157.68,33218.81,283000
2017-11-09,33376.62,33463.8,33111.54,33250.93,14100
2017-11-10,33235.75,33380.42,33108.09,33314.56,21200
2017-11-13,33397.41,33417.3,32999.98,33033.56,18200
2017-11-14,32990.03,33126.55,32907.11,32941.87,12000
2017-11-15,32944.94,32944.94,32683.59,32760.44,11300
2017-11-16,32829.82,33165.15,32829.82,33106.82,9600
2017-11-17,33388.47,33520.82,33278.91,33342.8,11300
2017-11-20,33365.84,33449.53,33288.21,33359.9,7900
2017-11-21,33438.28,33625.05,33437.61,33478.35,14800
2017-11-22,33569.07,33654.53,33465.23,33561.55,13100
2017-11-23,33575.91,33670.19,33468.3,33588.08,7100
2017-11-24,33670.0,33738.53,33639.98,33679.24,7800
2017-11-27,33640.51,33745.17,33540.46,33724.44,8900
2017-11-28,33726.65,33770.15,33576.65,33618.59,8100
2017-11-29,33664.27,33728.81,33553.12,33602.76,6600
2017-11-30,33542.5,33576.2,33108.72,33149.35,7400
2017-12-01,33247.66,33300.81,32797.78,32832.94,9200
2017-12-04,32968.02,33008.47,32785.76,32869.72,9600
2017-12-05,32814.03,32893.05,32682.52,32802.44,8600
2017-12-06,32798.5,32804.75,32565.16,32597.18,9600
2017-12-07,32615.05,32992.45,32598.12,32949.21,9500
2017-12-08,33034.2,33285.68,33034.2,33250.3,14200
2017-12-11,33317.72,33535.97,33313.17,33455.79,12000
2017-12-12,33426.59,33458.41,33179.75,33227.99,8200
2017-12-13,33229.73,33404.26,32988.82,33053.04,24500
2017-12-14,33114.69,33321.52,32886.93,33246.7,11200
2017-12-15,33456.02,33621.96,33405.82,33462.97,24200
2017-12-18,33364.52,33801.9,32595.63,33601.68,21100
2017-12-19,33732.08,33862.07,33666.62,33836.74,20600
2017-12-20,33928.59,33956.31,33754.94,33777.38,7100
2017-12-21,33826.25,33860.99,33707.8,33756.28,9900
2017-12-22,33768.47,33964.28,33767.73,33940.3,7800
2017-12-26,33980.76,34061.88,33889.75,34010.61,12900
2017-12-27,34087.32,34137.97,33839.51,33911.81,10900
2017-12-28,33928.86,34023.65,33752.03,33848.03,9500
2017-12-29,33889.39,34086.05,33889.39,34056.83,12100
2018-01-01,34059.99,34101.13,33766.15,33812.75,7500
2018-01-02,33913.55,33964.14,33703.37,33812.26,10600
2018-01-03,33929.61,33998.37,33765.43,33793.38,9000
2018-01-04,33912.49,33995.4,33802.13,33969.64,10500
2018-01-05,34021.27,34188.85,34020.84,34153.85,14700
2018-01-08,34216.33,34385.67,34216.33,34352.79,13500
2018-01-09,34431.61,34488.03,34343.41,34443.19,11200
2018-01-10,34538.78,34565.63,34311.63,34433.07,8500
2018-01-11,34471.48,34558.88,34400.61,34503.49,8100
2018-01-12,34578.99,34638.42,34342.16,34592.39,7800
2018-01-15,34687.21,34963.69,34687.21,34843.51,14600
2018-01-16,34877.71,34936.03,34735.55,34771.05,53600
2018-01-17,34753.8,35118.61,34700.82,35081.82,35000
2018-01-18,35366.45,35507.36,35166.44,35260.29,15700
2018-01-19,35339.11,35542.17,35221.16,35511.58,35200
2018-01-22,35613.97,35827.7,35544.68,35798.01,13700
2018-01-23,35868.19,36170.83,35863.98,36139.98,27000
2018-01-24,36161.62,36268.19,36036.51,36161.64,25200
2018-01-25,36208.39,36247.02,35823.35,36050.44,15100
2018-01-29,36106.36,36443.98,36093.36,36283.25,16900
2018-01-30,36277.12,36291.82,35993.41,36033.73,18100
2018-01-31,35951.64,36050.69,35818.41,35965.02,11000
2018-02-01,36048.99,36256.83,35501.74,35906.66,25200
2018-02-02,35707.6,35738.13,35006.41,35066.75,18000
2018-02-05,34718.85,34874.17,34520.8,34757.16,23500
2018-02-06,33753.78,34521.01,33482.81,34195.94,22900
2018-02-07,34563.3,34666.33,34008.42,34082.71,13100
2018-02-08,34208.11,34634.35,34108.76,34413.16,35700
2018-02-09,34002.45,34070.73,33849.65,34005.76,15200
2018-02-12,34203.34,34351.34,34115.12,34300.47,15500
2018-02-14,34436.98,34473.43,34028.68,34155.95,21100
2018-02-15,34207.57,34535.08,34186.01,34297.47,13000
2018-02-16,34411.24,34508.24,33957.33,34010.76,18000
2018-02-19,34053.95,34122.96,33554.37,33774.66,18000
2018-02-20,33913.94,33960.95,33657.89,33703.59,19200
2018-02-21,33813.83,33911.36,33702.5,33844.86,17700
2018-02-22,33817.09,33868.74,33691.42,33819.5,11800
2018-02-23,33832.0,34167.6,33832.0,34142.15,21600
2018-02-26,34225.72,34483.39,34225.72,34445.75,8400
2018-02-27,34558.56,34610.79,34314.87,34346.39,12700
2018-02-28,34155.63,34302.74,34076.45,34184.04,12000
2018-03-01,34141.22,34278.63,34015.79,34046.94,11300
2018-03-05,34034.28,34034.28,33653.41,33746.78,16900
2018-03-06,34047.43,34060.13,33209.76,33317.2,11800
2018-03-07,33279.39,33331.21,32991.14,33033.09,10700
2018-03-08,33244.52,33439.97,33037.48,33351.57,15500
2018-03-09,33465.05,33519.49,33256.42,33307.14,8200
2018-03-12,33468.16,33962.48,33468.16,33917.94,12200
2018-03-13,33818.22,34077.32,33722.96,33856.78,14300
2018-03-14,33733.55,33875.15,33580.69,33835.74,9300
2018-03-15,33843.47,33866.28,33637.28,33685.54,17300
2018-03-16,33685.86,33691.32,33119.92,33176.0,12700
2018-03-19,33268.97,33275.79,32856.54,32923.12,9800
2018-03-20,32876.48,33102.74,32810.86,32996.76,14600
2018-03-21,33090.82,33354.93,33070.53,33136.18,10100
2018-03-22,33206.99,33281.77,32963.31,33006.27,12900
2018-03-23,32650.89,32720.03,32483.84,32596.54,11400
2018-03-26,32536.44,33115.41,32515.17,33066.41,16400
2018-03-27,33172.98,33371.04,33077.13,33174.39,15100
2018-03-28,33098.09,33104.11,32917.66,32968.68,12300
2018-04-02,33030.87,33289.34,32997.88,33255.36,7600
2018-04-03,33197.42,33402.94,33153.83,33370.63,11100
2018-04-04,33437.52,33505.53,32972.56,33019.07,9700
2018-04-05,33289.96,33637.46,33267.86,33596.8,11000
2018-04-06,33608.59,33697.51,33501.37,33626.97,10800
2018-04-09,33653.61,33846.5,33578.91,33788.54,37400
2018-04-10,33880.11,33949.98,33813.3,33880.25,13600
2018-04-11,33970.35,33981.54,33750.74,33940.44,9300
2018-04-12,33987.55,34177.44,33924.88,34101.13,6600
2018-04-13,34167.53,34313.14,34103.53,34192.65,8300
2018-04-16,33944.73,34341.46,33899.34,34305.43,7100
2018-04-17,34381.8,34434.14,34229.83,34395.06,10400
2018-04-18,34443.42,34591.81,34270.04,34331.68,8200
2018-04-19,34403.67,34478.82,34358.91,34427.29,7600
2018-04-20,34434.14,34487.33,34311.29,34415.58,10200
2018-04-23,34493.69,34663.95,34259.27,34450.77,9500
2018-04-24,34491.38,34706.71,34465.49,34616.64,8400
2018-04-25,34593.17,34631.27,34400.56,34501.27,7800
2018-04-26,34532.95,34747.97,34505.62,34713.6,10000
2018-04-27,34747.04,35065.37,34744.73,34969.7,16200
2018-04-30,35021.2,35213.3,35004.0,35160.36,6900
2018-05-02,35328.91,35357.15,35072.42,35176.42,8700
2018-05-03,35257.31,35257.31,35020.08,35103.14,7700
2018-05-04,35144.96,35206.55,34847.61,34915.38,7800
2018-05-07,34983.59,35259.81,34977.74,35208.14,12600
2018-05-08,35349.85,35388.87,35136.01,35216.32,14200
2018-05-09,35198.08,35404.83,35134.2,35319.35,9400
2018-05-10,35353.96,35500.76,35203.85,35246.27,8400
2018-05-11,35287.99,35596.15,35262.06,35535.79,8900
2018-05-14,35555.83,35642.72,35456.56,35556.71,9000
2018-05-15,35537.85,35993.53,35497.92,35543.94,12000
2018-05-16,35452.35,35543.89,35241.63,35387.88,10900
2018-05-17,35483.62,35510.01,35087.82,35149.12,11000
2018-05-18,35143.59,35163.11,34821.62,34848.3,9500
2018-05-21,34873.16,34973.95,34593.82,34616.13,6500
2018-05-22,34601.49,34754.6,34550.22,34651.24,12000
2018-05-23,34656.63,34668.47,34302.89,34344.91,11300
2018-05-24,34404.14,34741.46,34367.83,34663.11,15800
2018-05-25,34753.47,35017.93,34700.52,34924.87,10300
2018-05-28,35074.32,35240.96,35006.5,35165.48,11200
2018-05-29,35213.14,35234.14,34922.18,34949.24,8400
2018-05-30,34876.13,35017.45,34735.11,34906.11,10900
2018-05-31,35083.81,35416.03,34926.08,35322.38,22900
2018-06-01,35373.98,35438.22,35177.35,35227.26,11900
2018-06-04,35503.24,35555.59,34982.25,35011.89,29400
2018-06-05,35029.45,35073.12,34784.68,34903.21,8300
2018-06-06,34932.49,35230.54,34896.37,35178.88,10100
2018-06-07,35278.38,35628.49,35278.38,35463.08,8800
2018-06-08,35406.47,35484.94,35260.0,35443.67,9900
2018-06-11,35472.59,35704.84,35444.49,35483.47,11100
2018-06-12,35525.3,35743.08,35479.07,35692.52,11100
2018-06-13,35835.44,35877.41,35715.96,35739.16,11900
2018-06-14,35743.1,35749.88,35488.55,35599.82,9800
2018-06-15,35656.26,35675.2,35419.68,35622.14,9000
2018-06-18,35698.43,35721.55,35518.73,35548.26,8100
2018-06-19,35552.47,35552.47,35249.06,35286.74,9000
2018-06-20,35329.61,35571.37,35329.51,35547.33,10200
2018-06-21,35644.05,35678.69,35396.97,35432.39,62300
2018-06-22,35428.42,35741.26,35344.49,35689.6,14700
2018-06-25,35783.75,35806.97,35430.11,35470.35,11800
2018-06-26,35355.72,35616.64,35338.09,35490.04,11500
2018-06-27,35543.89,35618.85,35154.21,35217.11,11300
2018-06-28,35207.19,35282.4,34937.15,35037.64,13000
2018-06-29,35128.16,35459.05,35099.65,35423.48,37800
2018-07-02,35545.22,35578.24,35106.57,35264.41,14800
2018-07-03,35344.21,35445.21,35195.63,35378.6,7700
2018-07-04,35385.52,35667.31,35309.67,35645.4,11900
2018-07-05,35703.17,35748.26,35517.79,35574.55,19300
2018-07-06,35543.66,35799.71,35532.21,35657.86,14600
2018-07-09,35835.1,35977.37,35779.72,35934.72,8400
2018-07-10,36068.27,36274.33,36019.63,36239.62,8800
2018-07-11,36299.26,36362.3,36169.7,36265.93,9400
2018-07-12,36424.23,36699.53,36422.08,36548.41,12300
2018-07-13,36635.14,36740.07,36501.61,36541.63,11900
2018-07-16,36658.71,36658.71,36298.94,36323.77,9600
2018-07-17,36390.99,36549.55,36261.78,36519.96,9200
2018-07-18,36722.41,36747.87,36320.92,36373.44,18400
2018-07-19,36509.08,36515.58,36279.33,36351.23,9400
2018-07-20,36377.03,36567.34,36335.61,36496.37,16300
2018-07-23,36501.05,36749.69,36491.83,36718.6,8100
2018-07-24,36859.39,36902.06,36709.72,36825.1,11600
2018-07-25,36928.06,36947.18,36803.15,36858.23,11000
2018-07-26,36928.38,37061.62,36852.53,36984.64,17800
2018-07-27,37253.86,37368.62,37134.88,37336.85,14700
2018-07-30,37491.39,37533.5,37292.45,37494.4,14100
2018-07-31,37534.95,37644.59,37298.75,37606.58,14000
2018-08-01,37643.87,37711.87,37432.91,37521.62,16100
2018-08-02,37529.69,37529.69,37128.99,37165.16,11700
2018-08-03,37327.16,37582.27,37319.61,37556.16,17800
2018-08-06,37714.7,37805.25,37643.29,37691.89,12400
2018-08-07,37849.21,37876.87,37586.88,37665.8,15900
2018-08-08,37756.24,37931.42,37641.4,37887.56,9400
2018-08-09,37994.51,38076.23,37939.28,38024.37,15300
2018-08-10,38050.07,38051.45,37815.75,37869.23,15600
2018-08-13,37693.19,37799.54,37559.26,37644.9,11400
2018-08-14,37749.59,37932.4,37689.71,37852.0,11300
2018-08-16,37796.01,37891.92,37634.13,37663.56,13000
2018-08-17,37898.6,38022.32,37840.16,37947.88,10000
2018-08-20,38075.07,38340.69,38050.69,38278.75,11800
2018-08-21,38360.32,38402.96,38213.87,38285.75,8900
2018-08-23,38416.65,38487.63,38227.36,38336.76,11100
2018-08-24,38366.79,38429.5,38172.77,38251.8,10700
2018-08-27,38472.03,38736.88,38416.73,38694.11,10800
2018-08-28,38814.76,38938.91,38760.58,38896.63,9900
2018-08-29,38989.65,38989.65,38679.57,38722.93,11400
2018-08-30,38796.98,38819.06,38581.83,38690.1,10800
2018-08-31,38704.84,38838.45,38562.21,38645.07,18000
2018-09-03,38915.91,38934.35,38270.01,38312.52,12300
2018-09-04,38460.96,38518.56,38098.6,38157.92,12500
2018-09-05,38192.95,38250.61,37774.42,38018.31,14800
2018-09-06,38161.85,38320.96,37912.5,38242.81,9300
2018-09-07,38314.55,38421.56,38067.22,38389.82,18700
2018-09-10,38348.39,38354.52,37882.83,37922.17,20500
2018-09-11,38017.49,38043.27,37361.2,37413.13,11900
2018-09-12,37546.42,37752.58,37342.0,37717.96,13600
2018-09-14,37939.29,38125.62,37859.52,38090.64,12200
2018-09-17,38027.81,38027.81,37548.93,37585.51,8800
2018-09-18,37660.19,37745.44,37242.85,37290.67,10900
2018-09-19,37432.93,37530.63,37062.69,37121.22,13000
2018-09-21,37278.89,37489.24,35993.64,36841.6,41100
2018-09-24,36924.72,36945.5,36216.95,36305.02,23300
2018-09-25,36350.25,36705.79,36064.1,36652.06,20500
2018-09-26,36936.64,36938.74,36357.93,36542.27,21800
2018-09-27,36691.93,36711.62,36238.23,36324.17,17800
2018-09-28,36452.74,36551.86,35985.63,36227.14,22800
2018-10-01,36274.25,36616.64,35960.65,36526.14,21300
2018-10-03,36602.85,36602.85,35911.82,35975.63,25100
2018-10-04,35820.53,35820.53,35022.12,35169.16,21300
2018-10-05,35097.99,35118.54,34202.22,34376.99,22100
2018-10-08,34412.36,34636.43,33974.66,34474.38,20400
2018-10-09,34651.82,34711.68,34233.5,34299.47,30300
2018-10-10,34493.21,34858.35,34346.5,34760.89,24400
2018-10-11,34063.82,34325.18,33723.53,34001.15,30700
2018-10-12,34291.92,34808.42,34279.78,34733.58,31300
2018-10-15,34971.83,35008.65,34559.98,34865.1,10600
2018-10-16,35004.33,35215.79,34913.06,35162.48,12900
2018-10-17,35543.38,35605.43,34727.16,34779.58,17700
2018-10-19,34563.29,34563.29,34140.32,34315.63,16000
2018-10-22,34689.39,34748.69,34082.76,34134.38,17100
2018-10-23,33935.88,34073.92,33742.75,33847.23,12700
2018-10-24,34203.7,34300.97,33726.07,34033.96,18900
2018-10-25,33778.6,33838.76,33553.18,33690.09,17400
2018-10-26,33776.8,33776.8,33291.58,33349.31,21300
2018-10-29,33549.88,34154.6,33341.8,34067.4,28000
2018-10-30,34068.92,34176.36,33799.79,33891.13,15800
2018-10-31,33963.09,34463.38,33587.24,34442.05,25900
2018-11-01,34650.63,34679.93,34303.38,34431.97,22400
2018-11-02,34743.95,35190.2,34649.8,35011.65,38700
2018-11-05,35118.62,35123.41,34811.6,34950.92,22200
2018-11-06,35076.24,35196.03,34889.72,34991.91,16200
2018-11-07,35301.88,35302.25,35183.17,35237.68,2500
2018-11-09,35258.13,35287.29,35011.23,35158.55,17100
2018-11-12,35287.49,35333.22,34756.8,34812.99,15700
2018-11-13,34846.19,35187.75,34672.2,35144.49,12000
2018-11-14,35330.14,35351.88,34986.86,35141.99,23300
2018-11-15,35145.75,35402.0,35118.42,35260.54,20000
2018-11-16,35398.7,35545.85,35324.37,35457.16,21100
2018-11-19,35647.62,35818.83,35511.1,35774.88,15600
2018-11-20,35730.77,35731.67,35416.18,35474.51,15700
2018-11-21,35492.62,35494.25,35112.49,35199.8,13900
2018-11-22,35282.33,35364.5,34937.98,34981.02,13800
2018-11-26,35118.09,35397.24,34896.07,35354.08,19200
2018-11-27,35394.77,35555.16,35262.97,35513.14,19100
2018-11-28,35635.52,35822.16,35605.34,35716.95,27500
2018-11-29,35997.29,36253.85,35946.24,36170.41,40500
2018-11-30,36304.43,36389.22,36082.97,36194.3,23300
2018-12-03,36396.69,36446.16,36099.68,36241.0,30100
2018-12-04,36290.48,36295.84,36036.39,36134.31,18500
2018-12-05,36035.65,36048.65,35777.81,35884.41,20800
2018-12-06,35694.25,35707.23,35266.76,35312.13,22600
2018-12-07,35494.86,35730.05,35378.27,35673.25,19000
2018-12-10,35204.66,35246.97,34915.77,34959.72,18500
2018-12-11,34584.13,35207.33,34426.29,35150.01,22300
2018-12-12,35277.84,35826.58,35167.47,35779.07,21600
2018-12-13,36024.88,36095.56,35794.51,35929.64,22600
2018-12-14,35960.19,36019.02,35813.85,35962.93,19000
2018-12-17,36129.13,36312.31,36123.62,36270.07,17130800
2018-12-18,36226.38,36375.38,36046.52,36347.08,20793100
2018-12-19,36441.46,36554.99,36381.87,36484.33,16700
2018-12-20,36321.18,36475.52,36202.9,36431.67,19766300
2018-12-21,36449.27,36483.49,35694.74,35742.07,18528300
2018-12-24,35859.66,35910.67,35423.24,35470.15,13245200
2018-12-26,35443.16,35711.26,35010.82,35649.94,16200
2018-12-27,36002.11,36041.24,35781.95,35807.28,13054200
2018-12-28,35911.99,36194.78,35911.99,36076.72,10426300
2018-12-31,36239.19,36285.46,36033.95,36068.33,8645400
2019-01-02,36198.13,36236.7,35734.01,35891.52,14705400
2019-01-03,35934.5,35999.66,35475.57,35513.71,17400
2019-01-04,35590.79,35744.2,35382.08,35695.1,15855600
2019-01-07,35971.18,36076.95,35809.23,35850.16,14831200
2019-01-08,35964.62,36037.35,35753.95,35980.93,16218000
2019-01-09,36181.37,36250.54,35863.29,36212.91,20300
2019-01-10,36258.0,36269.31,36070.76,36106.5,17331500
2019-01-11,36191.87,36214.26,35840.6,36009.84,18100
2019-01-14,36113.27,36124.94,35691.75,35853.56,24100
2019-01-15,35950.08,36349.31,35950.08,36318.33,24000
2019-01-16,36370.74,36462.03,36278.61,36321.29,16400
2019-01-17,36413.6,36468.42,36170.8,36374.08,20500
2019-01-18,36417.58,36469.98,36218.33,36386.61,20800
2019-01-21,36467.12,36701.03,36351.77,36578.96,18700
2019-01-22,36649.92,36650.47,36282.93,36444.64,17300
2019-01-23,36494.12,36521.47,36037.9,36108.47,14300
2019-01-24,36146.55,36258.28,35996.68,36195.1,23100
2019-01-25,36245.77,36474.48,35953.15,36025.54,23000
2019-01-28,36099.62,36124.26,35565.15,35656.7,15000
2019-01-29,35716.72,35734.14,35375.51,35592.5,16670300
2019-01-30,35819.67,35850.41,35490.97,35591.25,18974200
2019-01-31,35805.51,36278.13,35740.07,36256.69,18611400
2019-02-01,36311.74,36778.14,36221.32,36469.43,31815100
2019-02-04,36456.22,36622.77,36225.48,36582.74,15600
2019-02-05,36573.04,36727.83,36495.83,36616.81,14104800
2019-02-06,36714.54,37005.25,36680.88,36975.23,13931600
2019-02-07,37026.56,37172.18,36898.8,36971.09,14600
2019-02-08,36873.59,36885.58,36480.62,36546.48,21600
2019-02-11,36585.5,36588.41,36300.48,36395.03,19200
2019-02-12,36405.72,36465.4,36113.91,36153.62,12200
2019-02-14,36065.08,36109.1,35799.42,35876.22,32500
2019-02-15,35985.68,36022.57,35510.97,35808.95,23000
2019-02-18,35831.18,35912.44,35470.76,35498.44,15900
2019-02-19,35543.24,35776.04,35287.16,35352.61,10100
2019-02-20,35564.93,35797.11,35469.49,35756.26,12500
2019-02-21,35837.0,35983.07,35707.29,35898.35,11400
2019-02-22,35906.01,35941.69,35795.79,35871.48,18400
2019-02-25,35983.8,36242.18,35901.06,36213.38,11800
2019-02-26,35975.75,36172.52,35714.16,35973.71,17900
2019-02-27,36138.83,36371.11,35735.33,35905.43,19300
2019-02-28,36025.72,36085.85,35829.15,35867.44,11900
2019-03-01,36018.49,36140.67,35952.41,36063.81,16700
2019-03-05,36141.07,36457.44,35926.94,36442.54,21200
2019-03-06,36544.86,36666.47,36456.82,36636.1,15900
2019-03-07,36744.02,36830.25,36590.88,36725.42,16800
2019-03-08,36753.59,36753.59,36592.93,36671.43,14600
2019-03-11,36741.57,37106.19,36726.39,37054.1,14400
2019-03-12,37249.65,37586.63,37230.85,37535.66,19500
2019-03-13,37608.29,37797.29,37478.87,37752.17,21000
2019-03-14,37840.64,37907.78,37693.69,37754.89,15600
2019-03-15,37760.23,38254.77,37760.23,38024.32,16300
2019-03-18,38132.96,38369.59,37952.1,38095.07,15900
2019-03-19,38218.59,38396.06,38078.23,38363.47,15100
2019-03-20,38433.86,38489.81,38316.21,38386.75,15600
2019-03-22,38452.47,38564.71,38089.36,38164.61,18200
2019-03-25,38016.76,38016.76,37667.4,37808.91,17000
2019-03-26,37886.29,38297.7,37800.08,38233.41,14600
2019-03-27,38372.03,38475.93,38001.34,38132.88,18800
2019-03-28,38208.3,38593.65,38148.44,38545.72,16000
2019-04-01,38858.88,39115.57,38808.74,38871.87,19800
2019-04-02,38988.57,39121.69,38846.96,39056.65,19700
2019-04-03,39167.05,39270.14,38826.56,38877.12,17000
2019-04-04,38935.75,38939.35,38581.04,38684.72,13000
2019-04-05,38839.52,38958.6,38701.04,38862.23,15900
2019-04-08,38993.6,39041.25,38520.96,38700.53,10500
2019-04-09,38730.93,38978.99,38598.72,38939.22,15100
2019-04-10,38898.6,38950.45,38542.28,38585.35,16200
2019-04-11,38621.58,38649.98,38460.25,38607.01,14500
2019-04-12,38692.06,38818.87,38554.79,38767.11,17000
2019-04-15,38805.54,38976.58,38780.08,38905.84,20900
2019-04-16,39040.3,39364.34,39038.81,39275.64,14400
2019-04-18,39420.04,39487.45,39083.16,39140.28,14600
2019-04-22,39158.22,39158.22,38585.65,38645.18,14900
2019-04-23,38771.27,38832.61,38518.26,38564.88,11600
2019-04-24,38672.63,39095.35,38571.0,39054.68,15200
2019-04-25,39101.78,39262.22,38663.98,38730.86,14400
2019-04-26,38865.83,39103.16,38765.33,39067.33,17300
2019-04-30,39056.92,39105.88,38753.46,39031.55,30900
2019-05-02,39036.51,39189.95,38882.99,38981.43,26200
2019-05-03,39009.55,39172.76,38920.17,38963.26,14800
2019-05-06,38719.33,38719.33,38509.79,38600.34,13400
2019-05-07,38815.46,38835.54,38236.18,38276.63,15600
2019-05-08,38244.18,38248.57,37743.07,37789.13,13100
2019-05-09,37747.91,37780.46,37405.4,37558.91,15300
2019-05-10,37632.36,37721.98,37370.39,37462.99,19700
2019-05-13,37491.3,37583.57,36999.84,37090.82,17800
2019-05-14,37146.58,37572.7,36956.1,37318.53,17700
2019-05-15,37539.05,37559.67,37047.87,37114.88,19400
2019-05-16,37179.13,37518.94,37052.3,37393.48,15700
2019-05-17,37494.42,38001.13,37415.36,37930.77,18800
2019-05-20,38701.18,39412.56,38570.04,39352.67,26400
2019-05-21,39449.45,39571.73,38884.85,38969.8,22700
2019-05-22,39086.21,39249.08,38903.87,39110.21,15600
2019-05-23,39591.77,40124.96,38651.61,38811.39,28100
2019-05-24,39076.28,39476.97,38824.26,39434.72,17100
2019-05-27,39536.23,39821.94,39353.16,39683.29,16000
2019-05-28,39765.64,39828.65,39498.65,39749.73,15300
2019-05-29,39714.27,39767.93,39420.5,39502.05,12800
2019-05-30,39580.28,39911.92,39500.56,39831.97,17500
2019-05-31,39998.91,40122.34,39374.24,39714.2,17100
2019-06-03,39806.86,40308.9,39711.02,40267.62,34600
2019-06-04,40196.0,40312.07,40031.05,40083.54,11900
2019-06-06,40136.43,40159.26,39481.15,39529.72,18700
2019-06-07,39581.77,39703.1,39279.47,39615.9,14800
2019-06-10,39787.33,39979.48,39619.97,39784.52,16200
2019-06-11,39900.45,40066.31,39760.02,39950.46,14200
2019-06-12,39974.18,39982.1,39623.53,39756.81,11700
2019-06-13,39679.35,39800.81,39461.27,39741.36,21800
2019-06-14,39797.0,39799.9,39363.45,39452.07,20600
2019-06-17,39514.36,39540.42,38911.49,38960.79,12700
2019-06-18,39056.98,39167.83,38870.96,39046.34,17800
2019-06-19,39176.56,39435.8,38881.05,39112.74,18500
2019-06-20,39042.96,39638.64,38933.78,39601.63,20100
2019-06-21,39608.25,39617.95,39121.3,39194.49,15600
2019-06-24,39160.23,39300.02,39021.7,39122.96,11600
2019-06-25,39131.94,39490.64,38946.04,39434.94,11300
2019-06-26,39379.13,39674.22,39319.64,39592.08,15000
2019-06-27,39633.97,39817.22,39510.44,39586.41,13200
2019-06-28,39630.52,39675.25,39361.92,39394.64,11200
2019-07-01,39543.73,39764.82,39541.09,39686.5,10800
2019-07-02,39811.68,39838.49,39499.19,39816.48,14800
2019-07-03,39907.57,39934.99,39732.38,39839.25,13800
2019-07-04,39917.65,39979.1,39858.33,39908.06,14500
2019-07-05,39990.4,40032.41,39441.38,39513.39,26000
2019-07-08,39476.38,39476.38,38605.48,38720.57,22000
2019-07-09,38754.47,38814.23,38435.87,38730.82,18800
2019-07-10,38701.99,38854.85,38474.66,38557.04,14900
2019-07-11,38751.62,38892.5,38631.31,38823.11,14600
2019-07-12,38941.1,39021.84,38684.85,38736.23,12900
2019-07-15,39009.95,39023.97,38696.6,38896.71,18000
2019-07-16,38961.86,39173.89,38845.27,39131.04,25100
2019-07-17,39171.1,39284.73,39081.14,39215.64,23400
2019-07-18,39204.47,39204.47,38861.25,38897.46,24100
2019-07-19,39058.73,39058.73,38271.35,38337.01,19200
2019-07-22,38333.52,38333.52,37890.32,38031.13,23000
2019-07-23,38138.56,38217.81,37898.9,37982.74,19300
2019-07-24,37990.23,38102.84,37708.41,37847.65,16600
2019-07-25,37935.02,38169.87,37775.51,37830.98,18000
2019-07-26,37831.18,37978.07,37690.47,37882.79,24100
2019-07-29,38043.22,38043.22,37519.16,37686.37,21100
2019-07-30,37735.54,37950.21,37359.03,37397.24,22800
2019-07-31,37257.55,37576.37,37128.26,37481.12,27200
2019-08-01,37387.18,37387.18,36694.18,37018.32,21000
2019-08-02,36920.11,37375.16,36607.41,37118.22,28100
2019-08-05,36842.17,36844.05,36416.79,36699.84,25900
2019-08-06,36568.03,37241.77,36536.59,36976.85,25400
2019-08-07,37025.27,37104.79,36610.57,36690.5,25300
2019-08-08,36808.01,37405.48,36655.41,37327.36,24100
2019-08-09,37521.3,37807.55,37406.26,37581.91,27400
2019-08-13,37755.16,37755.16,36888.49,36958.16,28600
2019-08-14,37233.5,37473.61,37000.77,37311.53,22500
2019-08-16,37383.0,37444.45,36974.41,37350.33,26100
2019-08-19,37485.92,37718.88,37358.49,37402.49,17700
2019-08-20,37441.75,37511.55,37219.9,37328.01,20900
2019-08-21,37298.73,37406.55,37022.52,37060.37,28500
2019-08-22,37087.58,37087.58,36391.35,36472.93,33100
2019-08-23,36387.68,36807.34,36102.35,36701.16,38400
2019-08-26,37363.95,37544.48,36492.65,37494.12,35600
2019-08-27,37658.48,37731.51,37449.69,37641.27,36500
2019-08-28,37655.77,37687.82,37249.19,37451.84,28600
2019-08-29,37381.8,37381.8,36987.35,37068.93,31700
2019-08-30,37222.26,37397.97,36829.81,37332.79,33400
2019-09-03,37181.76,37188.38,36466.01,36562.91,23600
2019-09-04,36575.24,36776.31,36409.54,36724.74,25600
2019-09-05,36821.71,36898.99,36541.88,36644.42,27400
2019-09-06,36785.59,37012.98,36727.66,36981.77,23000
2019-09-09,36969.48,37244.08,36784.47,37145.45,25300
2019-09-11,37251.03,37343.46,37193.57,37270.82,36700
2019-09-12,37330.47,37435.15,37048.67,37104.28,27500
2019-09-13,37175.86,37413.5,37000.09,37384.99,34300
2019-09-16,37204.56,37302.06,37028.94,37123.31,19900
2019-09-17,37169.46,37169.56,36419.09,36481.09,20500
2019-09-18,36621.38,36712.99,36465.92,36563.88,25400
2019-09-19,36613.93,36613.93,35987.8,36093.47,31700
2019-09-20,36214.92,38378.02,36085.74,38014.62,61000
2019-09-23,38844.0,39441.12,38674.04,39090.03,2800
2019-09-24,39135.28,39306.37,38913.06,39097.14,30600
2019-09-25,39087.2,39087.2,38510.97,38593.52,28800
2019-09-26,38700.48,39158.07,38676.11,38989.74,33200
2019-09-27,39003.13,39107.37,38782.6,38822.57,39200
2019-09-30,38873.12,38873.12,38401.09,38667.33,49000
2019-10-01,38813.48,38923.78,37929.89,38305.41,75400
2019-10-03,38137.87,38310.93,37957.56,38106.87,59200
2019-10-04,38401.49,38403.54,37633.36,37673.31,52900
2019-10-07,37853.8,37919.47,37480.53,37531.98,40400
2019-10-09,37628.05,38209.84,37415.83,38177.95,36400
2019-10-10,38130.23,38130.23,37802.93,37880.4,27300
2019-10-11,37994.48,38345.41,37737.85,38127.08,39400
2019-10-14,38208.24,38513.69,38066.13,38214.47,28500
2019-10-15,38316.49,38635.19,38238.27,38506.09,26200
2019-10-16,38637.05,38666.38,38416.67,38598.99,27500
2019-10-17,38647.44,39104.69,38557.43,39052.06,47100
2019-10-18,39087.83,39361.06,38963.6,39298.38,42400
2019-10-22,39233.4,39426.47,38924.85,38963.84,54500
2019-10-23,39063.84,39196.67,38866.08,39058.83,41000
2019-10-24,39223.01,39327.15,38840.76,39020.39,36600
2019-10-25,39201.67,39241.61,38718.27,39058.06,48600
2019-10-29,39293.49,39917.01,39254.12,39831.84,50500
2019-10-30,40055.63,40178.12,39805.11,40051.87,37200
2019-10-31,40211.99,40392.22,40054.89,40129.05,87900
2019-11-01,40196.07,40283.3,40014.23,40165.03,57000
2019-11-04,40293.85,40483.21,40186.29,40301.96,62600
2019-11-05,40445.67,40466.55,40053.55,40248.23,45400
2019-11-06,40311.85,40606.91,40037.53,40469.78,37700
2019-11-07,40625.64,40688.27,40421.07,40653.74,30200
2019-11-08,40630.56,40749.33,40263.94,40323.61,42600
2019-11-11,40316.5,40417.44,40150.97,40345.08,29500
2019-11-13,40346.43,40447.17,40061.23,40116.06,37700
2019-11-14,40178.93,40348.61,40026.99,40286.48,27800
2019-11-15,40408.2,40650.06,40308.09,40356.69,25800
2019-11-18,40431.08,40542.4,40221.97,40284.19,28700
2019-11-19,40455.36,40544.13,40290.21,40469.7,39100
2019-11-20,40729.8,40816.38,40575.96,40651.64,32300
2019-11-21,40737.31,40744.85,40534.12,40575.17,21800
2019-11-22,40653.17,40653.17,40276.83,40359.41,21700
2019-11-25,40439.66,40931.71,40393.9,40889.23,28600
2019-11-26,41022.85,41120.28,40710.2,40821.3,32800
2019-11-27,40979.39,41075.76,40848.7,41020.61,32400
2019-11-28,41161.54,41163.79,40996.08,41130.17,30900
2019-11-29,41138.26,41143.22,40664.18,40793.81,46700
2019-12-02,41072.94,41093.99,40707.63,40802.17,39800
2019-12-03,40852.61,40885.03,40554.04,40675.45,33700
2019-12-04,40606.01,40886.87,40475.83,40850.29,44500
2019-12-05,40988.14,41002.41,40720.17,40779.59,33000
2019-12-06,40952.13,40952.13,40337.53,40445.15,33100
2019-12-09,40527.24,40645.63,40336.56,40487.43,32600
2019-12-10,40588.81,40588.81,40208.7,40239.88,31400
2019-12-11,40285.2,40466.13,40135.37,40412.57,55500
2019-12-12,40561.34,40712.65,40490.69,40581.71,41300
2019-12-13,40754.82,41055.8,40736.7,41009.71,27900
2019-12-16,41168.85,41185.03,40917.93,40938.72,21600
2019-12-17,41052.36,41401.65,41005.18,41352.17,19000
2019-12-18,41442.75,41614.77,41358.47,41558.57,24300
2019-12-19,41571.82,41719.29,41456.4,41673.92,33300
2019-12-20,41746.2,41809.96,41636.11,41681.54,33600
2019-12-23,41548.26,41701.62,41474.61,41642.66,6200
2019-12-24,41684.51,41702.98,41423.07,41461.26,4400
2019-12-26,41543.8,41543.8,41132.89,41163.76,5600
2019-12-27,41297.08,41611.27,41264.92,41575.14,6100
2019-12-30,41686.27,41714.73,41453.38,41558.0,5700
2019-12-31,41607.49,41607.49,41184.73,41253.74,5600
2020-01-02,41340.27,41649.29,41328.45,41626.64,5300
2020-01-03,41634.51,41636.18,41348.68,41464.61,8900
2020-01-06,41378.34,41378.34,40613.96,40676.63,8700
2020-01-07,40983.04,41230.14,40727.37,40869.47,11900
2020-01-08,40574.83,40866.36,40476.55,40817.74,18200
2020-01-09,41216.67,41482.12,41175.72,41452.35,7800
2020-01-10,41568.2,41775.11,41447.8,41599.72,13200
2020-01-13,41788.21,41899.63,41720.76,41859.69,10600
2020-01-14,41883.09,41994.26,41770.9,41952.63,14100
2020-01-15,41969.86,41969.86,41648.11,41872.73,6100
2020-01-16,41924.74,42059.45,41812.28,41932.56,6600
2020-01-17,41929.02,42063.93,41850.29,41945.37,9500
2020-01-20,42263.0,42273.87,41503.37,41528.91,7500
2020-01-21,41487.57,41532.59,41294.3,41323.81,8900
2020-01-22,41467.13,41532.29,41059.04,41115.38,7700
2020-01-23,41191.5,41413.96,41098.91,41386.4,9900
2020-01-24,41377.04,41697.03,41275.6,41613.19,6600
2020-01-27,41510.68,41516.27,41122.48,41155.12,7000
2020-01-28,41299.68,41333.25,40869.75,40966.86,9800
2020-01-29,41131.57,41334.86,41108.19,41198.66,7800
2020-01-30,41380.14,41380.14,40829.91,40913.82,6700
2020-01-31,41146.56,41154.49,40671.01,40723.49,11500
2020-02-03,39701.02,40014.9,39563.07,39872.31,10600
2020-02-04,40178.74,40818.94,40117.46,40789.38,15300
2020-02-05,40921.71,41177.0,40703.32,41142.66,13900
2020-02-06,41209.13,41405.43,41113.11,41306.03,15000
2020-02-07,41394.41,41394.41,41073.36,41141.85,15300
2020-02-10,41166.72,41172.06,40798.98,40979.62,15200
2020-02-11,41183.39,41444.34,41179.14,41216.14,7700
2020-02-12,41330.85,41671.86,41330.85,41565.9,9600
2020-02-13,41707.21,41709.3,41338.31,41459.79,9100
2020-02-14,41510.19,41702.36,41183.13,41257.74,9800
2020-02-17,41324.04,41420.34,41030.58,41055.69,6900
2020-02-18,41042.46,41042.46,40610.95,40894.38,12300
2020-02-19,41121.51,41357.16,41048.93,41323.0,5600
2020-02-20,41334.96,41399.93,41134.31,41170.12,8400
2020-02-24,41037.01,41037.01,40306.36,40363.23,8100
2020-02-25,40497.72,40536.0,40220.59,40281.2,7300
2020-02-26,40194.89,40255.39,39760.39,39888.96,9000
2020-02-27,39947.8,39947.8,39423.27,39745.66,9600
2020-02-28,39087.47,39087.47,38219.97,38297.29,12700
2020-03-02,38910.95,39083.17,37785.99,38144.02,13400
2020-03-03,38480.89,38754.24,38142.3,38623.7,10600
2020-03-04,38715.72,38791.7,37846.1,38409.48,15300
2020-03-05,38604.25,38887.8,38386.68,38470.61,13500
2020-03-06,37613.96,37747.07,37011.09,37576.62,19000
2020-03-09,36950.2,36950.2,35109.18,35634.95,18800
2020-03-11,35468.9,36021.51,35261.92,35697.4,27900
2020-03-12,34472.5,34472.5,32493.1,32778.14,25200
2020-03-13,31214.13,34769.48,29388.97,34103.48,32600
2020-03-16,33103.24,33103.24,31276.3,31390.07,18100
2020-03-17,31611.57,32047.98,30394.94,30579.09,21500
2020-03-18,30968.84,31101.77,28613.05,28869.51,31300
2020-03-19,27773.36,29370.53,26714.46,28288.23,33200
2020-03-20,28460.82,30418.2,27932.67,29915.96,32100
2020-03-23,27608.8,27900.83,25880.83,25981.24,21800
2020-03-24,27056.23,27462.87,25638.9,26674.03,24700
2020-03-25,26499.81,28790.19,26359.91,28535.78,141500
2020-03-26,29073.71,30099.91,28566.34,29946.77,35000
2020-03-27,30747.81,31126.03,29346.99,29815.59,116900
2020-03-30,29226.55,29497.57,28290.99,28440.32,23200
2020-03-31,29294.94,29770.88,28667.36,29468.49,26400
2020-04-01,29505.33,29505.98,28073.43,28265.31,18000
2020-04-03,28623.53,28639.12,27500.79,27590.95,18900
2020-04-07,28898.36,30157.65,28602.31,30067.21,21900
2020-04-08,29701.92,31227.97,29602.94,29893.96,24700
2020-04-09,30571.19,31225.2,30420.22,31159.62,18800
2020-04-13,31195.72,31195.72,30474.15,30690.02,16100
2020-04-15,31277.11,31568.36,30222.07,30379.81,23600
2020-04-16,30095.51,30800.2,30016.17,30602.61,16900
2020-04-17,31656.68,31718.73,30960.94,31588.72,22200
2020-04-20,32056.19,32056.47,31490.26,31648.0,17200
2020-04-21,30836.19,30900.12,30378.26,30636.71,19700
2020-04-22,30856.14,31471.14,30578.55,31379.55,21000
2020-04-23,31646.45,31959.02,31292.92,31863.08,24400
2020-04-24,31426.62,31842.24,31278.27,31327.22,17600
2020-04-27,31659.04,32103.7,31651.58,31743.08,12900
2020-04-28,32101.91,32199.91,31661.34,32114.52,15600
2020-04-29,32311.04,32897.59,32171.65,32720.16,16000
2020-04-30,33381.19,33887.25,33354.93,33717.62,21100
2020-05-04,32748.14,32748.14,31632.02,31715.35,18300
2020-05-05,32182.9,32264.0,31403.57,31453.51,19200
2020-05-06,31577.63,31970.84,31158.75,31685.75,19200
2020-05-07,31677.69,31705.25,31362.87,31443.38,19900
2020-05-08,32083.32,32088.51,31598.0,31642.7,15900
2020-05-11,32030.34,32301.58,31500.87,31561.22,18100
2020-05-12,31342.93,31536.89,30844.66,31371.12,23100
2020-05-13,32841.87,32845.48,31901.92,32008.61,18400
2020-05-14,31466.33,31630.94,31052.65,31122.89,15200
2020-05-15,31296.28,31296.28,30770.48,31097.73,13000
2020-05-18,31248.26,31248.26,29968.45,30028.98,19500
2020-05-19,30450.74,30739.96,30116.82,30196.17,18700
2020-05-20,30159.59,30878.31,30157.75,30818.61,16100
2020-05-21,30904.29,31188.79,30765.32,30932.9,15500
2020-05-22,30822.78,31107.91,30474.88,30672.59,20600
2020-05-26,30864.27,31086.7,30512.14,30609.3,188300
2020-05-27,30793.11,31660.6,30525.68,31605.22,20500
2020-05-28,31827.8,32267.23,31641.77,32200.59,27500
2020-05-29,32041.29,32480.52,31823.8,32424.1,37100
2020-06-01,32906.05,33673.83,32876.55,33303.52,22900
2020-06-02,33450.19,33866.63,33301.29,33825.53,75600
2020-06-03,34185.41,34488.69,34027.5,34109.54,18400
2020-06-04,34072.5,34310.14,33711.24,33980.7,17900
2020-06-05,34198.55,34405.43,33958.02,34287.24,24600
2020-06-08,34841.17,34927.8,34211.83,34370.58,25700
2020-06-09,34520.79,34811.29,33881.19,33956.69,19200
2020-06-10,34029.14,34350.17,33949.46,34247.05,15500
2020-06-11,34214.69,34219.39,33480.42,33538.37,20900
2020-06-12,32436.69,33856.27,32348.1,33780.89,23000
2020-06-15,33670.55,33670.55,32923.74,33228.8,18400
2020-06-16,33853.72,34022.01,32953.3,33605.22,27400
2020-06-17,33438.31,33933.66,33332.96,33507.92,20200
2020-06-18,33371.52,34276.01,33371.52,34208.05,21200
2020-06-19,34335.38,34848.37,34136.39,34731.73,27900
2020-06-22,34892.03,35213.52,34794.4,34911.32,25100
2020-06-23,35015.73,35482.16,34843.69,35430.43,25200
2020-06-24,35679.74,35706.55,34794.93,34868.98,26600
2020-06-25,34525.39,35081.61,34499.78,34842.1,24600
2020-06-26,35144.78,35254.88,34910.34,35171.27,24800
2020-06-29,34926.95,35032.36,34662.06,34961.52,18300
2020-06-30,35168.3,35233.91,34812.8,34915.8,18500
2020-07-01,35009.59,35467.23,34927.2,35414.45,19400
2020-07-02,35604.0,36014.92,35595.36,35843.7,20600
2020-07-03,36025.38,36110.21,35872.38,36021.42,16500
2020-07-06,36313.46,36661.66,36254.02,36487.28,22300
2020-07-07,36660.35,36723.27,36271.09,36674.52,20600
2020-07-08,36738.38,36828.43,36234.17,36329.01,24800
2020-07-09,36450.69,36806.3,36422.3,36737.69,17400
2020-07-10,36555.13,36748.89,36401.11,36594.33,20900
2020-07-13,36880.66,37024.2,36533.96,36693.69,16500
2020-07-14,36517.28,36538.1,35877.42,36033.06,14100
2020-07-15,36314.76,36810.25,35894.96,36051.81,23500
2020-07-16,36401.2,36524.62,36038.41,36471.68,18500
2020-07-17,36547.75,37125.98,36512.92,37020.14,16500
2020-07-20,37409.03,37478.87,37185.78,37418.99,20100
2020-07-21,37823.61,37990.55,37742.05,37930.33,22700
2020-07-22,38178.07,38199.27,37601.62,37871.52,22300
2020-07-23,37814.92,38225.03,37738.59,38140.47,19600
2020-07-24,37949.59,38235.73,37748.41,38128.9,19900
2020-07-27,38275.34,38275.34,37769.44,37934.73,18600
2020-07-28,38052.18,38554.72,37998.13,38492.95,15500
2020-07-29,38427.15,38617.03,37884.41,38071.13,17600
2020-07-30,38262.83,38413.81,37678.42,37736.07,14800
2020-07-31,37847.88,37897.78,37431.68,37606.89,20200
2020-08-03,37595.73,37596.02,36911.23,36939.6,14300
2020-08-04,37092.86,37745.6,36987.73,37687.91,15100
2020-08-05,37892.36,38139.96,37550.6,37663.33,19800
2020-08-06,37946.8,38221.4,37755.1,38025.45,16600
2020-08-07,37951.07,38109.68,37787.38,38040.57,15300
2020-08-10,38168.42,38430.69,38073.29,38182.08,17200
2020-08-11,38371.34,38556.27,38313.06,38407.01,18700
2020-08-12,38321.13,38414.37,38125.81,38369.63,25300
2020-08-13,38456.64,38516.85,38215.05,38310.49,15400
2020-08-14,38432.94,38540.57,37654.92,37877.34,18600
2020-08-17,38062.07,38119.38,37734.14,38050.78,21500
2020-08-18,38084.7,38571.23,38062.01,38528.32,13600
2020-08-19,38727.89,38788.51,38550.65,38614.79,12800
2020-08-20,38283.9,38402.45,38155.78,38220.39,15800
2020-08-21,38471.93,38579.83,38411.37,38434.72,16800
2020-08-24,38566.96,38894.94,38545.76,38799.08,28100
2020-08-25,38948.46,39008.89,38679.67,38843.88,15700
2020-08-26,38930.18,39111.55,38765.09,39073.92,16400
2020-08-27,39293.53,39326.98,39046.94,39113.47,14500
2020-08-28,39264.48,39579.58,39235.03,39467.31,22500
2020-08-31,39888.15,40010.17,38395.89,38628.29,27900
2020-09-01,38754.0,39226.82,38542.11,38900.8,22000
2020-09-02,38892.64,39141.84,38736.22,39086.03,17100
2020-09-03,39165.8,39236.36,38943.43,38990.94,9200
2020-09-04,38325.0,38729.66,38249.77,38357.18,15400
2020-09-07,38284.78,38519.92,38060.74,38417.23,12500
2020-09-08,38498.07,38746.48,38275.45,38365.35,11900
2020-09-09,37988.56,38252.67,37935.26,38193.92,14000
2020-09-10,38516.88,38878.25,38367.07,38840.32,16500
2020-09-11,38865.17,38978.52,38711.8,38854.55,11400
2020-09-14,39073.51,39230.16,38573.17,38756.63,14700
2020-09-15,38904.67,39102.25,38753.68,39044.35,11600
2020-09-16,39161.01,39359.51,39037.96,39302.85,11700
2020-09-17,39120.64,39234.81,38926.34,38979.85,11400
2020-09-18,39200.42,39200.42,38635.73,38845.82,14300
2020-09-21,38812.69,38990.76,37938.53,38034.14,15800
2020-09-22,38200.71,38209.97,37531.14,37734.08,15300
2020-09-23,38124.94,38140.07,37313.09,37668.42,15000
2020-09-24,37282.18,37304.26,36495.98,36553.6,13900
2020-09-25,36991.89,37471.17,36730.52,37388.66,13500
2020-09-28,37756.25,38035.87,37544.05,37981.63,13600
2020-09-29,38176.86,38235.94,37831.35,37973.22,10600
2020-09-30,38068.89,38236.34,37828.11,38067.93,18400
2020-10-01,38410.2,38738.89,38410.2,38697.05,12900
2020-10-05,38956.78,39263.85,38819.89,38973.7,15500
2020-10-06,39336.34,39623.76,39191.1,39574.57,11300
2020-10-07,39633.19,39968.04,39450.82,39878.95,15000
2020-10-08,40204.32,40468.88,40062.23,40182.67,14400
2020-10-09,40226.25,40585.36,40066.54,40509.49,16600
2020-10-12,40716.95,40905.49,40387.4,40593.8,17600
2020-10-13,40592.54,40786.82,40461.97,40625.51,11000
2020-10-14,40623.19,40880.25,40279.55,40794.74,15000
2020-10-15,41048.05,41048.05,39667.47,39728.41,30400
2020-10-16,39936.61,40125.71,39699.42,39982.98,11000
2020-10-19,40318.57,40519.48,40211.22,40431.6,12300
2020-10-20,40420.29,40732.01,40305.59,40544.37,12100
2020-10-21,40767.14,40976.02,40150.48,40707.31,16700
2020-10-22,40531.31,40721.57,40309.05,40558.49,13900
2020-10-23,40728.39,40811.12,40590.9,40685.5,12400
2020-10-26,40649.76,40724.4,39948.29,40145.5,10100
2020-10-27,40199.08,40555.6,39978.39,40522.1,13900
2020-10-28,40664.35,40664.35,39774.6,39922.46,29400
2020-10-29,39537.17,40010.83,39524.25,39749.85,19500
2020-10-30,39779.82,39988.25,39241.87,39614.07,12000
2020-11-02,39880.38,39968.03,39334.92,39757.58,15400
2020-11-03,39990.75,40354.73,39952.79,40261.13,21400
2020-11-04,40171.71,40693.51,40076.47,40616.14,20900
2020-11-05,41112.12,41370.91,41030.17,41340.16,42600
2020-11-06,41438.76,41954.93,41383.29,41893.06,19000
2020-11-09,42273.97,42645.33,42263.64,42597.43,24300
2020-11-10,42959.25,43316.44,42660.09,43277.65,28700
2020-11-11,43444.06,43708.47,42970.21,43593.67,30300
2020-11-12,43291.89,43543.96,43127.55,43357.19,14500
2020-11-13,43298.92,43522.25,43053.37,43443.0,24400
2020-11-17,44095.85,44161.16,43699.22,43952.71,20900
2020-11-18,43978.58,44215.49,43785.78,44180.05,18300
2020-11-19,43902.24,44230.0,43518.11,43599.96,24100
2020-11-20,43732.14,44013.02,43453.75,43882.25,17100
2020-11-23,44164.17,44271.15,43747.22,44077.15,17800
2020-11-24,44341.19,44601.63,44247.12,44523.02,17900
2020-11-25,44749.73,44825.37,43757.97,43828.1,19100
2020-11-26,43967.59,44361.78,43582.4,44259.74,14600
2020-11-27,44325.03,44407.28,43995.41,44149.72,15700
2020-12-01,44435.83,44730.79,44118.1,44655.44,16000
2020-12-02,44729.52,44729.64,44169.97,44618.04,16000
2020-12-03,44902.02,44953.01,44551.42,44632.65,30700
2020-12-04,44665.91,45148.28,44665.91,45079.55,27600
2020-12-07,45099.92,45458.92,45024.47,45426.97,18700
2020-12-08,45568.8,45742.23,45335.17,45608.51,18200
2020-12-09,45891.04,46164.1,45792.01,46103.5,20700
2020-12-10,45999.42,46043.97,45685.87,45959.88,12700
2020-12-11,46060.32,46309.63,45706.22,46099.01,26300
2020-12-14,46284.7,46373.34,45951.53,46253.46,18400
2020-12-15,46287.39,46350.3,45841.67,46263.17,16400
2020-12-16,46573.31,46704.97,46402.2,46666.46,13100
2020-12-17,46774.32,46992.57,46627.6,46890.34,17200
2020-12-18,47026.02,47026.02,46630.31,46960.69,12800
2020-12-21,46932.18,47055.69,44923.08,45553.96,24400
2020-12-22,45529.61,46080.18,45112.19,46006.69,25100
2020-12-23,46072.3,46513.32,45899.1,46444.18,10500
2020-12-24,46743.49,47053.4,46539.02,46973.54,13700
2020-12-28,47153.59,47406.72,47148.24,47353.75,9600
2020-12-29,47466.62,47714.55,47361.9,47613.08,12800
2020-12-30,47789.03,47807.85,47358.36,47746.22,15600
2020-12-31,47753.11,47896.97,47602.12,47751.33,13900
2021-01-01,47785.28,47984.36,47771.15,47868.98,82700
2021-01-04,48109.17,48220.47,47594.47,48176.8,13900
2021-01-05,48037.63,48486.24,47903.38,48437.78,12200
2021-01-06,48616.66,48616.66,47864.14,48174.06,22500
2021-01-07,48524.36,48558.34,48037.87,48093.32,18400
2021-01-08,48464.91,48854.34,48365.58,48782.51,22200
2021-01-11,49252.31,49303.79,48956.38,49269.32,21200
2021-01-12,49228.26,49569.14,49079.57,49517.11,12700
2021-01-13,49763.93,49795.19,49073.85,49492.32,27200
2021-01-14,49432.83,49663.58,49182.37,49584.16,24500
2021-01-15,49656.71,49656.71,48795.79,49034.67,14700
2021-01-18,49061.22,49122.23,48403.97,48564.27,16600
2021-01-19,48900.31,49499.86,48805.54,49398.29,11000
2021-01-20,49508.79,49874.42,49373.68,49792.12,12200
2021-01-21,50096.57,50184.01,49398.86,49624.76,19300
2021-01-22,49594.95,49676.88,48832.08,48878.54,18400
2021-01-25,49253.68,49263.15,48274.92,48347.59,15500
2021-01-27,48385.28,48387.25,47269.6,47409.93,19600
2021-01-28,46834.57,47172.02,46518.48,46874.36,25000
2021-01-29,47423.47,47423.66,46160.46,46285.77,14500
2021-02-01,46617.95,48764.4,46433.65,48600.61,22000
2021-02-02,49193.26,50154.48,49193.26,49797.72,28400
2021-02-03,50231.06,50526.39,49515.88,50255.75,22400
2021-02-04,50212.25,50687.51,49926.45,50614.29,33600
2021-02-05,51031.39,51073.27,50565.29,50731.63,32200
2021-02-08,51146.67,51523.38,51146.67,51348.77,20600
2021-02-09,51484.23,51835.86,51193.93,51329.08,21200
2021-02-10,51355.89,51512.86,50846.22,51309.39,16000
2021-02-11,51165.84,51592.45,51157.31,51531.52,12100
2021-02-12,51614.77,51804.58,51260.62,51544.3,15100
2021-02-15,51907.75,52235.97,51886.46,52154.13,14700
2021-02-16,52400.03,52516.76,51863.61,52104.17,21100
2021-02-17,51996.94,52078.15,51586.34,51703.83,13600
2021-02-18,51903.96,51903.96,51186.68,51324.69,18200
2021-02-19,51238.02,51432.99,50624.33,50889.76,15000
2021-02-22,50910.51,50986.03,49617.37,49744.32,16300
2021-02-23,49994.85,50327.31,49659.85,49751.41,14900
2021-02-24,49763.94,50881.17,49648.78,50781.69,45900
2021-02-25,51207.61,51386.12,50991.76,51039.31,33500
2021-02-26,50256.71,50400.31,48890.48,49099.99,23100
2021-03-01,49747.71,50058.42,49440.46,49849.84,18400
2021-03-02,50258.09,50439.82,49807.12,50296.89,17500
2021-03-03,50738.21,51539.89,50512.84,51444.65,15800
2021-03-04,50812.14,51256.55,50539.92,50846.08,21800
2021-03-05,50517.36,50886.19,50160.54,50405.32,19200
2021-03-08,50654.02,50985.77,50318.26,50441.07,14200
2021-03-09,50714.16,51111.94,50396.1,51025.48,12200
2021-03-10,51404.68,51430.43,51048.93,51279.51,9300
2021-03-12,51660.98,51821.84,50538.43,50792.08,12200
2021-03-15,50773.47,50834.78,49799.07,50395.08,17600
2021-03-16,50608.42,50857.98,50289.44,50363.96,100
2021-03-17,50436.02,50561.12,49718.65,49801.62,100
2021-03-18,50161.25,50296.35,48962.36,49216.52,12600
2021-03-19,48881.19,50003.58,48586.93,49858.24,17500
2021-03-22,49878.77,49878.77,49281.02,49771.29,11600
2021-03-23,49876.21,50264.65,49661.92,50051.44,13400
2021-03-24,49786.47,49854.58,49120.34,49180.31,9200
2021-03-25,49201.98,49247.95,48236.35,48440.12,14300
2021-03-26,48969.25,49234.66,48699.91,49008.5,10600
2021-03-30,49331.68,50268.45,49331.68,50136.58,10500
2021-03-31,50049.12,50050.32,49442.5,49509.15,11900
2021-04-01,49868.53,50092.48,49478.53,50029.83,8500
2021-04-05,50020.91,50028.67,48580.8,49159.32,12700
2021-04-06,49441.13,49582.26,48936.35,49201.39,9600
2021-04-07,49277.09,49900.13,49093.9,49661.76,9800
2021-04-08,49885.26,50118.08,49581.61,49746.21,21800
2021-04-09,49743.39,49906.91,49461.01,49591.32,8900
2021-04-12,48956.65,48956.65,47693.44,47883.38,19100
2021-04-13,47991.53,48627.43,47775.32,48544.06,10000
2021-04-15,48512.77,48887.85,48010.55,48803.68,16100
2021-04-16,48935.74,49089.55,48694.49,48832.03,11900
2021-04-19,47940.81,48020.79,47362.71,47949.42,10500
2021-04-20,48473.04,48478.34,47438.5,47705.8,11600
2021-04-22,47501.71,48143.16,47204.5,48080.67,15800
2021-04-23,47863.81,48265.39,47669.55,47878.45,11200
2021-04-26,48197.37,48667.98,48152.24,48386.51,15200
2021-04-27,48424.08,49009.26,48399.53,48944.14,10100
2021-04-28,49066.64,49801.48,49066.64,49733.84,14300
2021-04-29,50093.86,50375.77,49535.98,49765.94,13200
2021-04-30,49360.89,49569.42,48698.08,48782.36,19400
2021-05-03,48356.01,48863.23,48028.07,48718.52,14700
2021-05-04,48881.63,48996.53,48149.45,48253.51,13200
2021-05-05,48569.12,48742.72,48254.32,48677.55,12700
2021-05-06,48877.78,49011.31,48614.11,48949.76,9500
2021-05-10,49496.05,49617.47,49412.05,49502.41,12200
2021-05-11,49066.45,49304.47,48988.18,49161.81,15000
2021-05-12,49171.28,49171.28,48550.72,48690.8,17400
2021-05-14,48898.93,48898.93,48473.43,48732.55,18200
2021-05-17,48990.7,49628.42,48923.13,49580.73,20600
2021-05-18,49986.68,50313.25,49959.2,50193.33,14400
2021-05-19,50088.81,50279.01,49831.4,49902.64,13300
2021-05-20,49971.52,50099.17,49496.78,49564.86,8300
2021-05-21,49833.98,50591.12,49832.72,50540.48,18100
2021-05-24,50727.28,50857.59,50465.9,50651.9,16800
2021-05-25,50922.32,50961.35,50474.34,50637.53,10800
2021-05-26,50899.58,51072.61,50620.45,51017.52,9400
2021-05-27,51128.8,51282.9,50891.66,51115.22,12300
2021-05-28,51381.27,51529.32,51258.69,51422.88,15200
2021-05-31,51476.22,52013.22,51179.94,51937.44,15300
2021-06-01,52067.51,52228.65,51808.88,51934.88,13400
2021-06-02,51749.1,51913.92,51450.58,51849.48,13500
2021-06-03,52121.58,52273.23,51942.2,52232.43,15000
2021-06-04,52367.52,52389.02,51952.7,52100.05,16700
2021-06-07,52231.38,52378.69,52054.76,52328.51,19800
2021-06-08,52428.72,52432.43,52135.04,52275.57,12300
2021-06-09,52401.41,52446.92,51717.07,51941.64,15200
2021-06-10,52143.9,52346.35,51957.92,52300.47,8600
2021-06-11,52477.19,52641.53,52388.95,52474.76,8500
2021-06-14,52492.34,52590.92,51936.31,52551.53,9900
2021-06-15,52751.83,52869.51,52671.29,52773.05,16300
2021-06-16,52782.21,52816.31,52425.57,52501.98,12900
2021-06-17,52122.25,52523.88,52040.51,52323.33,8900
2021-06-18,52568.07,52586.41,51601.11,52344.45,11800
2021-06-21,51887.55,52629.18,51740.19,52574.46,12500
2021-06-22,52885.04,53057.11,52520.55,52588.71,7700
2021-06-23,52912.35,52912.35,52264.12,52306.08,13600
2021-06-24,52514.57,52830.68,52385.05,52699.0,7900
2021-06-25,52877.16,52973.07,52614.49,52925.04,10700
2021-06-28,53126.73,53126.73,52673.5,52735.59,6200
2021-06-29,52795.76,52816.42,52477.77,52549.66,9200
2021-06-30,52651.09,52875.92,52448.64,52482.71,9500
2021-07-01,52638.5,52638.5,52281.01,52318.6,5800
2021-07-02,52434.55,52527.9,52177.68,52484.67,6400
2021-07-05,52682.89,52919.17,52604.35,52880.0,7600
2021-07-06,52874.85,53129.37,52804.18,52861.18,7000
2021-07-07,52919.71,53105.41,52751.76,53054.76,8000
2021-07-08,53065.69,53103.03,52428.84,52568.94,6400
2021-07-09,52508.24,52555.73,52228.01,52386.19,6400
2021-07-12,52634.33,52700.51,52208.96,52372.69,24900
2021-07-13,52694.89,52806.86,52545.68,52769.73,7900
2021-07-14,52801.44,52978.58,52611.97,52904.05,9300
2021-07-15,52968.89,53266.12,52948.43,53158.85,8100
2021-07-16,53244.4,53290.81,52997.09,53140.06,6700
2021-07-19,52606.99,52821.17,52405.89,52553.4,23800
2021-07-20,52432.88,52465.03,52013.51,52198.51,8000
2021-07-22,52494.56,52867.26,52471.23,52837.21,8300
2021-07-23,52967.87,53114.7,52653.77,52975.8,12100
2021-07-26,52985.26,53103.42,52783.63,52852.27,20900
2021-07-27,52995.72,53024.7,52433.18,52578.76,6300
2021-07-28,52673.69,52673.69,51802.73,52443.71,8000
2021-07-29,52693.53,52777.18,52561.39,52653.07,8800
2021-07-30,52792.36,52910.23,52533.91,52586.84,9900
2021-08-02,52901.28,52986.77,52804.08,52950.63,7900
2021-08-03,53125.97,53887.98,53088.35,53823.36,8100
2021-08-04,54071.22,54465.91,54034.31,54369.77,14600
2021-08-05,54576.64,54717.24,54230.89,54492.84,15300
2021-08-06,54492.17,54633.58,54210.33,54277.72,7200
2021-08-09,54385.71,54584.73,54124.27,54402.85,11500
2021-08-10,54461.31,54779.66,54308.77,54554.66,8700
2021-08-11,54730.65,54758.74,54167.2,54525.93,6500
2021-08-12,54641.22,54874.1,54536.65,54843.98,9300
2021-08-13,54911.95,55487.79,54905.49,55437.29,14100
2021-08-16,55479.74,55680.75,55281.02,55582.58,6000
2021-08-17,55565.64,55854.88,55386.49,55792.27,6800
2021-08-18,56073.31,56118.57,55514.89,55629.49,16100
2021-08-20,55159.13,55543.16,55013.98,55329.32,6800
2021-08-23,55695.84,55781.17,55240.29,55555.79,7500
2021-08-24,55647.11,56023.22,55536.84,55958.98,7600
2021-08-25,56067.06,56198.13,55899.96,55944.21,5400
2021-08-26,55988.41,56112.39,55854.07,55949.1,8300
2021-08-27,55862.93,56188.23,55675.87,56124.72,6000
2021-08-30,56329.25,56958.27,56309.86,56889.76,6600
2021-08-31,56995.15,57625.26,56859.1,57552.39,11200
2021-09-01,57763.53,57918.71,57263.9,57338.21,7300
2021-09-02,57423.65,57892.37,57287.79,57852.54,5100
2021-09-03,57983.45,58194.79,57764.07,58129.95,6100
2021-09-06,58411.62,58515.85,58200.29,58296.91,5600
2021-09-07,58418.69,58553.07,58005.07,58279.48,7400
2021-09-08,58350.56,58372.94,57924.48,58250.26,5300
2021-09-09,58172.98,58334.59,58084.99,58305.07,5300
2021-09-13,58262.11,58314.64,57944.63,58177.76,5600
2021-09-14,58482.62,58482.62,58214.29,58247.09,6700
2021-09-15,58354.11,58777.06,58272.82,58723.2,9600
2021-09-16,58881.04,59204.29,58700.5,59141.16,24700
2021-09-17,59409.98,59737.32,58871.73,59015.89,13100
2021-09-20,58634.69,59202.56,58389.69,58490.93,17400
2021-09-21,58630.06,59084.51,58232.54,59005.27,9500
2021-09-22,59166.15,59178.44,58878.38,58927.33,19200
2021-09-23,59358.18,59957.25,59243.15,59885.36,44600
2021-09-24,60158.76,60333.0,59946.55,60048.47,10900
2021-09-27,60303.79,60412.32,59887.19,60077.88,6200
2021-09-28,60285.89,60288.44,59045.53,59667.6,21100
2021-09-29,59296.54,59678.66,59111.41,59413.27,16100
2021-09-30,59549.57,59557.24,59019.28,59126.36,8900
2021-10-01,58889.77,58890.08,58551.14,58765.58,10200
2021-10-04,59143.0,59548.82,58952.11,59299.32,10000
2021-10-05,59320.14,59778.87,59127.04,59744.88,12900
2021-10-06,59942.0,59963.57,59079.86,59189.73,7000
2021-10-07,59632.81,59914.91,59597.06,59677.83,5700
2021-10-08,59960.39,60212.3,59830.93,60059.06,5700
2021-10-11,60099.68,60476.13,59811.42,60135.78,42500
2021-10-12,60045.75,60331.74,59885.39,60284.31,6500
2021-10-13,60619.91,60836.63,60452.29,60737.05,8500
2021-10-14,61088.82,61353.25,60978.04,61305.95,12600
2021-10-18,61817.32,61963.07,61624.65,61765.59,11800
2021-10-19,62156.48,62245.43,61594.29,61716.05,8600
2021-10-20,61800.07,61880.36,61109.29,61259.96,48400
2021-10-21,61557.94,61621.2,60485.65,60923.5,7300
2021-10-22,61044.54,61420.13,60551.15,60821.62,9400
2021-10-25,61398.75,61404.99,60449.68,60967.05,10500
2021-10-26,60997.9,61497.71,60791.29,61350.26,6700
2021-10-27,61499.7,61576.85,60989.39,61143.33,8900
2021-10-28,61081.0,61081.0,59777.58,59984.7,8600
2021-10-29,59857.33,60132.81,59089.37,59306.93,9000
2021-11-01,59577.48,60220.21,59355.12,60138.46,7200
2021-11-02,60360.61,60421.14,59881.75,60029.06,6000
2021-11-03,60275.21,60361.82,59552.49,59771.92,8500
2021-11-04,60207.97,60207.97,60011.46,60067.62,1800
2021-11-08,60385.76,60609.16,59779.19,60545.61,7500
2021-11-09,60609.72,60670.47,60213.64,60433.45,6200
2021-11-10,60295.26,60506.5,59967.45,60352.82,7500
2021-11-11,60291.7,60293.25,59656.26,59919.69,6200
2021-11-12,60248.04,60750.72,59997.96,60686.69,6900
2021-11-15,60837.4,61036.56,60597.36,60718.71,7100
2021-11-16,60755.38,60802.79,60199.56,60322.37,6300
2021-11-17,60179.93,60426.61,59944.77,60008.33,19900
2021-11-18,59968.75,60177.52,59376.5,59636.01,7800
2021-11-22,59710.48,59778.37,58011.92,58465.89,10600
2021-11-23,57983.95,58834.95,57718.34,58664.33,12000
2021-11-24,58839.32,58968.12,58143.44,58340.99,8800
2021-11-25,58363.93,58901.58,58143.86,58795.09,6800
2021-11-26,58254.79,58254.79,56993.89,57107.15,8400
2021-11-29,57028.04,57626.51,56382.93,57260.58,8400
2021-11-30,57272.08,58183.77,56867.51,57064.87,8100
2021-12-01,57365.85,57846.45,57346.78,57684.79,11700
2021-12-02,57781.48,58513.93,57680.41,58461.29,8100
2021-12-03,58555.58,58757.09,57640.57,57696.46,8500
2021-12-06,57778.01,57781.46,56687.62,56747.14,7200
2021-12-07,57125.98,57905.63,56992.27,57633.65,10900
2021-12-08,58158.56,58702.65,58122.27,58649.68,13400
2021-12-09,58831.41,58889.96,58340.85,58807.13,7900
2021-12-10,58696.71,58859.91,58414.76,58786.67,5600
2021-12-13,59103.72,59203.37,58242.8,58283.42,5900
2021-12-14,58059.76,58322.42,57803.87,58117.09,6800
2021-12-15,58122.0,58218.25,57671.61,57788.03,7600
2021-12-16,58243.43,58337.2,57683.11,57901.14,5200
2021-12-17,58021.63,58062.28,56950.98,57011.74,8600
2021-12-20,56517.26,56538.15,55132.68,55822.01,13300
2021-12-21,56320.02,56900.74,56047.22,56319.01,7400
2021-12-22,56599.47,56989.01,56471.03,56930.56,6100
2021-12-23,57251.15,57490.52,57146.28,57315.28,6000
2021-12-24,57567.11,57623.69,56813.42,57124.31,6400
2021-12-27,56948.33,57512.01,56543.08,57420.24,5700
2021-12-28,57751.21,57952.48,57650.29,57897.48,5500
2021-12-29,57892.31,58097.07,57684.58,57806.49,5300
2021-12-30,57755.4,58010.03,57578.99,57794.32,7300
2021-12-31,57849.76,58409.3,57846.52,58253.82,7000
2022-01-03,58310.09,59266.39,58306.45,59183.22,8200
2022-01-04,59343.79,59937.33,59084.4,59855.93,9100
2022-01-05,59921.98,60332.72,59661.38,60223.15,8600
2022-01-06,59731.75,59781.86,59290.58,59601.84,6000
2022-01-07,59776.1,60130.18,59401.44,59744.65,8300
2022-01-10,60070.39,60427.36,59987.18,60395.63,7600
2022-01-11,60342.7,60689.25,60281.52,60616.89,6500
2022-01-12,61014.37,61218.19,60850.93,61150.04,6200
2022-01-13,61259.99,61348.57,60949.81,61235.3,9300
2022-01-14,61040.32,61324.59,60757.03,61223.03,6900
2022-01-17,61219.64,61385.48,61107.6,61308.91,7600
2022-01-18,61430.77,61475.15,60662.57,60754.86,12500
2022-01-19,60845.59,60870.17,59949.22,60098.82,7000
2022-01-20,60045.48,60045.48,59068.31,59464.62,11800
2022-01-21,59039.37,59329.63,58620.93,59037.18,7600
2022-01-24,59023.97,59023.97,56984.01,57491.51,10800
2022-01-25,57158.63,57966.93,56409.63,57858.15,10400
2022-01-27,57317.38,57508.61,56439.36,57276.94,10300
2022-01-28,57795.11,58084.33,57119.28,57200.23,13000
2022-01-31,57845.91,58257.63,57746.15,58014.17,7400
2022-02-01,58672.86,59032.2,57737.66,58862.57,14000
2022-02-02,59293.44,59618.51,59193.05,59558.33,8500
2022-02-03,59528.16,59557.87,58653.94,58788.02,7100
2022-02-04,58918.65,58943.62,58446.95,58644.82,7300
2022-02-07,58549.67,58707.76,57299.05,57621.19,11500
2022-02-08,57799.67,57925.82,57058.77,57808.58,8900
2022-02-09,58163.01,58507.61,58105.18,58465.97,5900
2022-02-10,58810.53,59060.24,58332.28,58926.03,6700
2022-02-11,58447.15,58447.15,57914.1,58152.92,5700
2022-02-14,56720.32,57191.91,56295.7,56405.84,8300
2022-02-15,56731.56,58211.38,56438.47,58142.05,10000
2022-02-16,58310.68,58569.22,57780.28,57996.68,7300
2022-02-17,58217.69,58346.0,57635.43,57892.01,6400
2022-02-18,57488.39,58175.35,57488.39,57832.97,9800
2022-02-21,57551.65,58141.96,57167.02,57683.59,6600
2022-02-22,56438.64,57505.85,56394.85,57300.68,14100
2022-02-23,57632.94,57733.37,57109.24,57232.06,6200
2022-02-24,55418.45,55996.09,54383.2,54529.91,15600
2022-02-25,55321.72,56183.7,55299.28,55858.52,9900
2022-02-28,55329.46,56324.54,54833.5,56247.28,7700
2022-03-02,55629.3,55755.09,55020.1,55468.9,12400
2022-03-03,55921.44,55996.62,54931.48,55102.68,9900
2022-03-04,54653.59,55013.27,53887.72,54333.81,11000
2022-03-07,53172.51,53203.87,52367.1,52842.75,17100
2022-03-08,52430.06,53484.26,52260.82,53424.09,16300
2022-03-09,53793.99,54893.73,53367.52,54647.33,14100
2022-03-10,56242.47,56242.47,54982.82,55464.39,9800
2022-03-11,55218.78,55833.95,55049.95,55550.3,9700
2022-03-14,55614.4,56545.83,55556.47,56486.02,9100
2022-03-15,56663.87,56720.6,55418.95,55776.85,8100
2022-03-16,56555.33,56860.89,56389.26,56816.65,6900
2022-03-17,57620.28,58095.84,57518.06,57863.93,7200
2022-03-21,58030.41,58127.95,57229.08,57292.49,6400
2022-03-22,57297.57,58052.87,56930.3,57989.3,7800
2022-03-23,58198.64,58416.56,57568.59,57684.82,9100
2022-03-24,57190.05,57827.99,57138.51,57595.68,51400
2022-03-25,57801.72,57845.37,57100.24,57362.2,6900
2022-03-28,57472.72,57638.34,56825.09,57593.49,6300
2022-03-29,57814.76,58001.53,57639.35,57943.65,12100
2022-03-30,58362.85,58727.78,58176.0,58683.99,6300
2022-03-31,58779.71,58890.92,58485.79,58568.51,4400
2022-04-01,58530.73,59396.62,58450.04,59276.69,6400
2022-04-04,59764.13,60845.1,59760.22,60611.74,12600
2022-04-05,60786.07,60786.07,60067.18,60176.5,6800
2022-04-06,59815.71,59941.57,59509.84,59610.41,10600
2022-04-07,59402.61,59504.92,58977.35,59034.95,8300
2022-04-08,59256.97,59654.44,58876.36,59447.18,8400
2022-04-11,59333.18,59355.76,58894.4,58964.57,9000
2022-04-12,58743.5,58794.78,58298.57,58576.37,7500
2022-04-13,58910.74,59003.82,58291.23,58338.93,6600
2022-04-18,57338.58,57420.8,56842.39,57166.74,13500
2022-04-19,57381.77,57464.08,56009.07,56463.15,13500
2022-04-20,56741.43,57216.51,56521.33,57037.5,7600
2022-04-21,57458.6,57991.53,57311.86,57911.68,8000
2022-04-22,57531.95,57689.86,57134.72,57197.15,7600
2022-04-25,56757.64,56875.65,56356.87,56579.89,7000
2022-04-26,57066.24,57442.24,56904.51,57356.61,7300
2022-04-27,56983.68,57079.03,56584.04,56819.39,6600
2022-04-28,57296.31,57790.85,56936.94,57521.06,100
2022-04-29,57817.51,57975.48,56902.3,57060.87,9500
2022-05-02,56429.45,57054.23,56412.62,56975.99,7900
2022-05-04,57124.91,57184.21,55501.6,55669.03,50700
2022-05-05,56255.07,56566.8,55613.82,55702.23,8200
2022-05-06,54928.29,55070.12,54586.75,54835.58,8000
2022-05-09,54188.21,54795.47,53918.02,54470.67,9300
2022-05-10,54309.31,54857.02,54226.33,54364.85,8000
2022-05-11,54544.91,54598.55,53519.3,54088.39,7200
2022-05-12,53608.35,53632.55,52702.3,52930.31,6900
2022-05-13,53565.74,53785.71,52654.89,52793.62,9300
2022-05-16,52946.32,53428.28,52632.48,52973.84,4800
2022-05-17,53285.19,54399.42,53176.02,54318.47,7400
2022-05-18,54554.89,54786.0,54130.89,54208.53,5800
2022-05-19,53070.3,53356.04,52669.51,52792.23,9100
2022-05-20,53513.97,54396.43,53403.29,54326.39,7600
2022-05-23,54459.95,54931.3,54191.55,54288.61,7100
2022-05-24,54307.56,54524.37,53886.28,54052.61,5600
2022-05-25,54254.07,54379.59,53683.16,53749.26,6200
2022-05-26,53950.84,54346.22,53425.25,54252.53,7500
2022-05-27,54671.5,54936.63,54449.34,54884.66,7000
2022-05-30,55507.75,56082.65,55466.3,55925.74,5900
2022-05-31,55622.01,55925.62,55369.14,55566.41,8300
2022-06-01,55588.27,55791.49,55091.43,55381.17,7300
2022-06-02,55382.44,55891.92,55135.11,55818.11,5900
2022-06-03,56245.6,56432.65,55719.36,55769.23,5900
2022-06-06,55610.64,55832.28,55295.74,55675.32,4300
2022-06-07,55373.18,55387.77,54882.41,55107.34,3600
2022-06-08,55345.51,55423.97,54683.3,54892.49,6000
2022-06-09,54514.17,55366.84,54507.41,55320.28,6000
2022-06-10,54760.25,54780.78,54205.99,54303.44,4800
2022-06-13,53184.61,53207.54,52527.08,52846.7,7500
2022-06-14,52495.94,53095.32,52459.48,52693.57,6900
2022-06-15,52650.41,52867.73,52493.36,52541.39,5900
2022-06-16,53018.91,53142.5,51425.48,51495.79,9200
2022-06-17,51181.99,51652.83,50921.22,51360.42,8300
2022-06-20,51470.03,51714.61,51062.93,51597.84,7000
2022-06-21,51897.6,52799.4,51808.76,52532.07,5100
2022-06-22,52186.36,52272.85,51739.98,51822.53,5800
2022-06-23,51972.75,52516.79,51632.85,52265.72,5600
2022-06-24,52654.24,52909.87,52447.25,52727.98,5000
2022-06-27,53468.89,53509.5,53120.79,53161.28,5300
2022-06-28,52846.26,53301.4,52771.53,53177.45,5500
2022-06-29,52623.15,53244.84,52612.68,53026.97,5200
2022-06-30,52897.16,53377.54,52883.25,53018.94,5600
2022-07-01,52863.34,53053.04,52094.25,52907.93,7200
2022-07-04,52851.67,53301.99,52674.81,53234.77,7000
2022-07-05,53501.21,53865.93,53054.3,53134.35,6800
2022-07-06,53170.7,53819.31,53143.28,53750.97,14800
2022-07-07,54146.68,54254.79,53927.26,54178.46,7500
2022-07-08,54574.43,54627.14,54278.77,54481.84,7500
2022-07-11,54248.6,54527.9,54090.53,54395.23,6100
2022-07-12,54219.78,54236.49,53824.97,53886.61,6300
2022-07-13,54210.1,54211.22,53455.26,53514.15,5700
2022-07-14,53688.62,53861.28,53163.77,53416.15,4700
2022-07-15,53637.88,53811.37,53361.62,53760.78,5600
2022-07-18,54069.3,54556.66,54034.97,54521.15,63800
2022-07-19,54251.88,54817.52,54232.82,54767.62,6900
2022-07-20,55486.12,55630.26,55298.23,55397.53,6800
2022-07-21,55391.93,55738.49,55270.75,55681.95,6700
2022-07-22,55800.84,56186.05,55685.45,56072.23,6500
2022-07-25,55877.5,56018.09,55537.08,55766.22,6100
2022-07-26,55834.38,55834.38,55203.43,55268.49,4900
2022-07-27,55258.29,55853.09,55157.99,55816.32,3800
2022-07-28,56267.55,56914.22,56236.45,56857.79,13900
2022-07-29,57258.13,57619.27,57104.81,57570.25,16800
2022-08-01,57823.1,58170.67,57540.36,58115.5,72600
2022-08-02,58049.02,58328.41,57744.7,58136.36,15500
2022-08-03,58174.11,58415.63,57788.78,58350.53,7200
2022-08-04,58571.28,58712.66,57577.05,58298.8,8900
2022-08-05,58421.04,58649.19,58244.86,58387.93,9300
2022-08-08,58417.71,58934.9,58266.65,58853.07,9800
2022-08-10,58977.34,58984.32,58583.36,58817.29,9800
2022-08-11,59320.45,59484.99,59251.14,59332.6,10700
2022-08-12,59235.98,59538.08,59113.01,59462.78,14200
2022-08-16,59675.12,59923.03,59673.96,59842.21,0
2022-08-17,59938.05,60323.25,59857.8,60260.13,9700
2022-08-18,60080.19,60341.41,59946.44,60298.0,10900
2022-08-19,60351.23,60411.2,59474.57,59646.15,11700
2022-08-22,59361.08,59402.5,58705.11,58773.87,10600
2022-08-23,58205.97,59199.11,58172.48,59031.3,13000
2022-08-24,58853.32,59170.87,58760.09,59085.43,11800
2022-08-25,59315.98,59484.35,58666.41,58774.72,9700
2022-08-26,59050.67,59321.65,58722.69,58833.87,9000
2022-08-29,57367.47,58208.3,57367.47,57972.62,14500
2022-08-30,58259.85,59599.78,58245.49,59537.07,12800
2022-09-01,58710.53,59309.79,58522.57,58766.59,19200
2022-09-02,58969.02,59108.66,58558.64,58803.33,10700
2022-09-05,58814.08,59308.25,58812.2,59245.98,12900
2022-09-06,59285.36,59566.67,58974.26,59196.99,13800
2022-09-07,58789.26,59166.46,58722.89,59028.91,9000
2022-09-08,59374.99,59711.96,59315.71,59688.22,12100
2022-09-09,60045.75,60119.8,59634.39,59793.14,13100
2022-09-12,59912.29,60284.55,59912.29,60115.13,14300
2022-09-13,60408.29,60635.28,60381.02,60571.08,8500
2022-09-14,59417.12,60649.04,59417.12,60346.97,19700
2022-09-15,60454.37,60676.12,59865.75,59934.01,10300
2022-09-16,59585.72,59720.56,58687.17,58840.79,13500
2022-09-19,58747.31,59277.55,58487.76,59141.23,58000
2022-09-20,59556.91,60105.79,59556.91,59719.74,10400
2022-09-21,59504.14,59799.04,59275.4,59456.78,8600
2022-09-22,59073.84,59457.58,58832.78,59119.72,10000
2022-09-23,59005.18,59143.32,57981.95,58098.92,14900
2022-09-26,57525.03,57708.38,57038.24,57145.22,17900
2022-09-27,57376.52,57704.57,56950.52,57107.52,13900
2022-09-28,56710.13,57213.33,56485.67,56598.28,26800
2022-09-29,56997.9,57166.14,56314.05,56409.96,11400
2022-09-30,56240.15,57722.63,56147.23,57426.92,12300
2022-10-03,57403.92,57454.84,56683.4,56788.81,8100
2022-10-04,57506.65,58099.94,57506.65,58065.47,6400
2022-10-06,58314.05,58578.76,58173.7,58222.1,9600
2022-10-07,58092.56,58269.34,57851.15,58191.29,7300
2022-10-10,57424.07,58125.01,57365.68,57991.11,6800
2022-10-11,58004.25,58027.52,57050.4,57147.32,52700
2022-10-12,57312.49,57687.64,57085.92,57625.91,7600
2022-10-13,57512.74,57568.14,57055.75,57235.33,9500
2022-10-14,58162.74,58435.12,57848.23,57919.97,9400
2022-10-17,57752.5,58449.0,57639.8,58410.98,53500
2022-10-18,58744.13,59143.66,58744.13,58960.6,8600
2022-10-19,59196.96,59399.69,58961.77,59107.19,6800
2022-10-20,58824.48,59273.85,58791.28,59202.9,8600
2022-10-21,59381.36,59590.93,59132.94,59307.15,10800
2022-10-24,59804.02,59994.25,59776.66,59831.66,2100
2022-10-25,60002.96,60081.24,59489.02,59543.96,14900
2022-10-27,59792.32,59959.94,59496.8,59756.84,9500
2022-10-28,59746.8,60133.17,59739.05,59959.85,10000
2022-10-31,60246.96,60786.7,60246.96,60746.59,8000
2022-11-01,61065.58,61289.73,60868.69,61121.35,58200
2022-11-02,61156.89,61209.65,60794.39,60906.09,10800
2022-11-03,60511.57,60994.37,60485.14,60836.41,25000
2022-11-04,60698.27,61004.49,60666.01,60950.36,13600
2022-11-07,61188.13,61401.54,60714.36,61185.15,17000
2022-11-09,61304.29,61447.23,60905.15,61033.55,9100
2022-11-10,60524.27,60848.73,60425.47,60613.7,10200
2022-11-11,61311.02,61840.97,61311.02,61795.04,14400
2022-11-14,61765.86,61916.24,61572.03,61624.15,20600
2022-11-15,61630.05,61955.96,61436.9,61872.99,11400
2022-11-16,61708.63,62052.57,61708.63,61980.72,6600
2022-11-17,61812.36,62050.8,61643.27,61750.6,9100
2022-11-18,61858.2,61929.88,61337.43,61663.48,10600
2022-11-21,61456.33,61456.33,61059.33,61144.84,7900
2022-11-22,61126.56,61466.63,61073.68,61418.96,9700
2022-11-23,61779.71,61780.9,61442.69,61510.58,9800
2022-11-24,61656.0,62412.33,61600.42,62272.68,7700
2022-11-25,62327.88,62447.73,62115.66,62293.64,7100
2022-11-28,62016.35,62701.4,61959.74,62504.8,7000
2022-11-29,62362.08,62887.4,62362.08,62681.84,11200
2022-11-30,62743.47,63303.01,62648.38,63099.65,8900
2022-12-01,63357.99,63583.07,63183.77,63284.19,17300
2022-12-02,62978.58,63148.59,62679.63,62868.5,6400
2022-12-05,62865.28,62939.63,62507.88,62834.6,13100
2022-12-06,62395.55,62677.84,62390.07,62626.36,6100
2022-12-07,62615.52,62759.97,62316.65,62410.68,4800
2022-12-08,62504.04,62633.56,62320.18,62570.68,13700
2022-12-09,62690.86,62735.42,61889.11,62181.67,7300
2022-12-12,61770.56,62239.42,61676.15,62130.57,7000
2022-12-13,62300.67,62567.92,62129.57,62533.3,12000
2022-12-14,62685.94,62835.11,62591.28,62677.91,5700
2022-12-15,62530.07,62624.81,61715.61,61799.03,5600
2022-12-16,61534.24,61893.22,61292.53,61337.81,7000
2022-12-19,61405.8,61844.92,61265.31,61806.19,4800
2022-12-20,61608.85,61780.37,61102.68,61702.29,4500
2022-12-21,61993.71,62006.46,60938.38,61067.24,6600
2022-12-22,61257.17,61464.38,60637.24,60826.22,9100
2022-12-23,60205.56,60546.88,59765.56,59845.29,8100
2022-12-26,59755.08,60833.78,59754.1,60566.42,6500
2022-12-27,60861.41,60986.68,60405.66,60927.43,11100
2022-12-28,60811.52,61075.33,60713.77,60910.28,10000
2022-12-29,60628.29,61210.65,60479.06,61133.88,7900
2022-12-30,61329.16,61392.68,60743.71,60840.74,8000
2023-01-02,60871.24,61222.79,60764.63,61167.79,18500
2023-01-03,61074.88,61343.96,61004.04,61294.2,6700
2023-01-04,61294.65,61327.21,60593.56,60657.45,7900
2023-01-05,60847.5,60877.06,60049.84,60353.27,8900
2023-01-06,60388.74,60537.63,59669.91,59900.37,8600
2023-01-09,60147.07,60889.41,60109.94,60747.31,8000
2023-01-10,60805.14,60809.65,59938.38,60115.48,8500
2023-01-11,60134.56,60364.77,59805.78,60105.5,9700
2023-01-12,60083.03,60290.35,59632.32,59958.03,6100
2023-01-13,60044.96,60418.26,59628.43,60261.18,7200
2023-01-16,60550.5,60586.77,59963.83,60092.97,6500
2023-01-17,60142.08,60704.48,60072.34,60655.72,6600
2023-01-18,60716.03,61110.25,60569.19,61045.74,6900
2023-01-19,60920.02,61032.47,60716.55,60858.43,8500
2023-01-20,60901.16,61001.18,60585.25,60621.77,6300
2023-01-23,60876.01,61113.27,60761.88,60941.67,6600
2023-01-24,61122.2,61266.06,60849.12,60978.75,9500
2023-01-25,60834.73,60899.21,60081.36,60205.06,8100
2023-01-27,60166.9,60166.9,58974.7,59330.9,12900
2023-01-30,59101.69,59644.24,58699.2,59500.41,11500
2023-01-31,59770.83,59787.63,59104.59,59549.9,9000
2023-02-01,60001.17,60773.44,58816.84,59708.08,25300
2023-02-02,59459.87,60007.67,59215.62,59932.24,10400
2023-02-03,60350.01,60905.34,60013.06,60841.88,9100
2023-02-06,60847.21,60847.21,60345.61,60506.9,7500
2023-02-07,60511.32,60655.14,60063.49,60286.04,13600
2023-02-08,60332.99,60792.1,60324.92,60663.79,13300
2023-02-09,60715.89,60863.63,60472.81,60806.22,8500
2023-02-10,60706.81,60774.14,60501.74,60682.7,5300
2023-02-13,60652.82,60740.95,60245.05,60431.84,5800
2023-02-14,60550.25,61102.74,60550.25,61032.26,7000
2023-02-15,60990.05,61352.55,60750.32,61275.09,5700
2023-02-16,61566.22,61682.25,61196.72,61319.51,6900
2023-02-17,60993.54,61302.72,60810.67,61002.57,8100
2023-02-20,61112.84,61290.19,60607.02,60691.54,6100
2023-02-21,60770.43,60976.59,60583.72,60672.72,5100
2023-02-22,60391.86,60462.9,59681.55,59744.98,8100
2023-02-23,59777.64,59960.04,59406.31,59605.8,7100
2023-02-24,59859.48,59908.77,59325.34,59463.93,5300
2023-02-27,59331.31,59441.13,58937.64,59288.35,7500
2023-02-28,59346.61,59483.72,58795.97,58962.12,6900
2023-03-01,59136.48,59475.45,59109.54,59411.08,5900
2023-03-02,59287.18,59423.79,58866.26,58909.35,5200
2023-03-03,59241.2,59967.04,59231.58,59808.97,9200
2023-03-06,60007.04,60498.48,60005.65,60224.46,5900
2023-03-08,59916.1,60402.85,59844.82,60348.09,6500
2023-03-09,60467.09,60467.09,59750.53,59806.28,7700
2023-03-10,59259.83,59262.47,58884.98,59135.13,6300
2023-03-13,59033.77,59510.92,58094.55,58237.85,8000
2023-03-14,58168.75,58490.98,57721.16,57900.19,10200
2023-03-15,58268.54,58473.63,57455.67,57555.9,7600
2023-03-16,57510.8,57887.46,57158.69,57634.84,7900
2023-03-17,58038.17,58178.94,57503.9,57989.9,6300
2023-03-20,57773.55,57829.23,57084.91,57628.95,6500
2023-03-21,57963.27,58133.33,57730.09,58074.68,5500
2023-03-22,58245.26,58418.78,58063.5,58214.59,0
2023-03-23,58061.41,58396.17,57838.85,57925.28,5100
2023-03-24,57890.66,58066.4,57422.98,57527.1,6400
2023-03-27,57566.9,58019.55,57415.02,57653.86,6000
2023-03-28,57751.5,57949.45,57494.91,57613.72,4500
2023-03-29,57572.08,58124.2,57524.32,57960.09,5900
2023-03-31,58273.86,59068.47,58273.86,58991.52,6500
2023-04-03,59131.16,59204.82,58793.08,59106.44,4300
2023-04-05,59094.71,59747.12,59094.4,59689.31,5000
2023-04-06,59627.01,59950.06,59520.12,59832.97,4700
2023-04-10,59858.98,60109.11,59766.23,59846.51,11000
2023-04-11,60028.6,60267.68,59919.88,60157.72,6900
2023-04-12,60180.2,60437.64,60094.69,60392.77,5900
2023-04-13,60364.41,60486.91,60081.43,60431.0,6600
2023-04-17,60385.9,60407.86,59442.47,59910.75,15200
2023-04-18,59991.26,60113.47,59579.3,59727.01,7300
2023-04-19,59745.89,59745.89,59452.72,59567.8,7800
2023-04-20,59586.61,59836.79,59489.98,59632.35,6600
2023-04-21,59538.79,59781.36,59412.81,59655.06,5700
2023-04-24,59873.71,60101.64,59620.11,60056.1,6600
2023-04-25,60202.77,60268.67,59967.02,60130.71,6500
2023-04-26,60087.98,60362.79,59954.91,60300.58,4500
2023-04-27,60315.56,60698.31,60271.49,60649.38,5500
2023-04-28,60721.61,61209.46,60507.83,61112.44,7200
2023-05-02,61301.61,61486.24,61255.0,61354.71,6700
2023-05-03,61274.96,61274.96,61024.44,61193.3,6100
2023-05-04,61258.13,61797.91,61119.56,61749.25,8100
2023-05-05,61163.1,61585.5,61002.17,61054.29,5600
2023-05-08,61166.09,61854.19,61166.09,61764.25,7900
2023-05-09,61879.68,62027.51,61654.94,61761.33,6900
2023-05-10,61843.36,61974.35,61572.93,61940.2,4800
2023-05-11,62158.1,62168.22,61823.07,61904.52,6100
2023-05-12,61857.69,62110.93,61578.15,62027.9,7000
2023-05-15,62157.1,62562.67,61950.3,62345.71,6900
2023-05-16,62474.11,62475.95,61847.41,61932.47,5900
2023-05-17,61932.32,61979.94,61340.1,61560.64,6700
2023-05-18,61937.86,61955.9,61349.34,61431.74,8200
2023-05-19,61556.25,61784.61,61251.7,61729.68,6100
2023-05-22,61579.78,62044.46,61579.78,61963.68,5600
2023-05-23,62098.16,62245.19,61914.4,61981.79,8400
2023-05-24,61834.28,62154.14,61708.1,61773.78,5900
2023-05-25,61706.13,61934.01,61484.66,61872.62,8400
2023-05-26,61985.36,62529.83,61911.61,62501.69,9200
2023-05-29,62801.54,63026.0,62801.54,62846.38,9600
2023-05-30,62839.85,63036.12,62737.4,62969.13,7800
2023-05-31,62839.97,62876.77,62401.02,62622.24,7300
2023-06-01,62736.47,62762.41,62359.14,62428.54,8000
2023-06-02,62601.97,62719.84,62379.86,62547.11,6300
2023-06-05,62759.19,62943.2,62751.72,62787.47,6100
2023-06-06,62738.35,62867.95,62554.21,62792.88,8100
2023-06-07,62917.39,63196.43,62841.95,63142.96,6900
2023-06-08,63140.17,63321.4,62789.73,62848.64,11000
2023-06-09,62810.68,62992.16,62594.74,62625.63,41400
2023-06-12,62659.98,62804.89,62615.2,62724.71,4900
2023-06-13,62779.14,63177.47,62777.04,63143.16,5500
2023-06-14,63115.48,63274.03,63013.51,63228.51,11900
2023-06-15,63153.78,63310.96,62871.08,62917.63,6700
2023-06-16,62960.73,63520.36,62957.17,63384.58,5500
2023-06-19,63474.21,63574.69,63047.83,63168.3,1400
2023-06-20,63176.77,63440.19,62801.91,63327.7,5000
2023-06-21,63467.46,63588.31,63315.62,63523.15,10600
2023-06-22,63601.71,63601.71,63200.63,63238.89,7300
2023-06-23,63124.28,63240.63,62874.12,62979.37,7300
2023-06-26,62946.5,63136.09,62853.67,62970.0,4400
2023-06-27,63151.85,63467.54,63054.84,63416.03,4800
2023-06-28,63701.78,64050.44,63554.82,63915.42,6300
2023-06-30,64068.44,64768.58,64068.44,64718.56,29700
2023-07-03,64836.16,65300.35,64836.16,65205.05,8800
2023-07-04,65503.85,65672.97,65171.06,65479.05,6600
2023-07-05,65493.68,65584.33,65256.49,65446.04,7400
2023-07-06,65391.88,65832.98,65328.29,65785.64,8600
2023-07-07,65559.41,65898.98,65175.74,65280.45,14300
2023-07-10,65482.33,65633.49,65246.4,65344.17,14400
2023-07-11,65598.65,65870.59,65517.57,65617.84,9800
2023-07-12,65759.28,65811.64,65320.25,65393.9,7400
2023-07-13,65667.07,66064.21,65452.15,65558.89,9500
2023-07-14,65775.49,66159.79,65610.82,66060.9,10800
2023-07-17,66148.18,66656.21,66015.63,66589.93,9200
2023-07-18,66828.96,67007.02,66574.47,66795.14,8200
2023-07-19,66905.01,67171.38,66703.61,67097.44,8500
2023-07-20,67074.34,67619.17,66831.38,67571.9,8300
2023-07-21,66907.07,67190.52,66533.74,66684.26,13200
2023-07-24,66629.14,66808.56,66326.25,66384.78,8600
2023-07-25,66531.2,66559.29,66177.62,66355.71,11100
2023-07-26,66434.72,66897.27,66431.34,66707.2,10500
2023-07-27,66834.12,66984.17,66060.74,66266.82,8400
2023-07-28,66266.35,66351.22,65878.65,66160.2,12300
2023-07-31,66156.39,66598.42,65998.9,66527.67,7900
2023-08-01,66532.98,66658.12,66388.26,66459.31,10500
2023-08-02,66064.41,66261.97,65431.68,65782.78,7500
2023-08-03,65550.82,65820.82,64963.08,65240.68,9300
2023-08-04,65453.55,65799.27,65387.18,65721.25,12500
2023-08-07,65811.4,66067.9,65748.25,65953.48,7100
2023-08-08,66048.81,66057.53,65752.63,65846.5,6300
2023-08-09,65810.96,66066.01,65444.38,65995.81,6600
2023-08-10,65945.39,65956.25,65509.14,65688.18,6000
2023-08-11,65727.8,65727.8,65274.61,65322.65,7600
2023-08-14,65153.02,65517.82,64821.88,65401.92,7600
2023-08-16,65238.67,65605.74,65032.89,65539.42,0
2023-08-17,65503.85,65535.14,65046.1,65151.02,6400
2023-08-18,65025.71,65175.32,64754.72,64948.66,14300
2023-08-21,64852.7,65335.82,64852.7,65216.09,9300
2023-08-22,65272.42,65362.91,65165.45,65220.03,5400
2023-08-23,65300.93,65504.71,65108.51,65433.3,7100
2023-08-24,65722.51,65913.77,65181.94,65252.34,5900
2023-08-25,65000.67,65106.0,64732.57,64886.51,51700
2023-08-28,64908.08,65213.45,64776.92,64996.6,20800
2023-08-29,65201.35,65229.03,64956.67,65075.82,48500
2023-08-30,65311.58,65458.7,65052.74,65087.25,17700
2023-08-31,65178.33,65277.04,64723.63,64831.41,48600
2023-09-01,64855.51,65473.27,64818.37,65387.16,21600
2023-09-04,65525.91,65683.91,65285.56,65628.14,13700
2023-09-05,65671.6,65831.7,65601.47,65780.26,6600
2023-09-06,65744.19,65971.13,65488.03,65880.52,6100
2023-09-07,65854.25,66296.9,65672.34,66265.56,6200
2023-09-08,66381.43,66766.92,66299.3,66598.91,11500
2023-09-11,66807.73,67172.13,66735.84,67127.08,9300
2023-09-12,67506.88,67539.1,66948.18,67221.13,8700
2023-09-13,67188.64,67565.41,67053.36,67466.99,6200
2023-09-14,67627.03,67771.05,67336.46,67519.0,8100
2023-09-15,67659.91,67927.23,67614.42,67838.63,6800
2023-09-18,67665.58,67803.15,67532.83,67596.84,10300
2023-09-20,67080.18,67294.16,66728.14,66800.84,13400
2023-09-21,66608.67,66608.67,66128.71,66230.24,8400
2023-09-22,66215.04,66445.47,65952.83,66009.15,8300
2023-09-25,66082.99,66225.63,65764.03,66023.69,6800
2023-09-26,66071.63,66078.26,65865.63,65945.47,6500
2023-09-27,65925.64,66172.27,65549.96,66118.69,5400
2023-09-28,66406.01,66406.01,65423.39,65508.32,7800
2023-09-29,65743.93,66151.65,65570.38,65828.41,8400
2023-10-03,65813.42,65813.5,65344.59,65512.1,8600
2023-10-04,65330.65,65332.52,64878.77,65226.04,8600
2023-10-05,65598.26,65753.2,65443.34,65631.57,8000
2023-10-06,65867.54,66095.81,65762.33,65995.63,10200
2023-10-09,65560.07,65789.98,65434.61,65512.39,7300
2023-10-10,65662.27,66180.17,65662.27,66079.36,5100
2023-10-11,66376.42,66592.16,66299.79,66473.05,16800
2023-10-12,66564.57,66577.6,66339.42,66408.39,7100
2023-10-13,66034.21,66478.9,65895.41,66282.74,13400
2023-10-16,66238.15,66342.75,66039.38,66166.93,6600
2023-10-17,66558.15,66559.82,66309.18,66428.09,7900
2023-10-18,66473.74,66475.27,65842.1,65877.02,7100
2023-10-19,65484.61,65869.65,65343.5,65629.24,11000
2023-10-20,65437.07,65555.14,65308.61,65397.62,14300
2023-10-23,65419.02,65453.92,64502.68,64571.88,6800
2023-10-25,64619.27,64787.08,63912.16,64049.06,7100
2023-10-26,63774.16,63774.16,63092.98,63148.15,12900
2023-10-27,63559.32,63913.13,63393.37,63782.8,12600
2023-10-30,63885.56,64184.58,63431.45,64112.65,5600
2023-10-31,64449.65,64452.32,63812.53,63874.93,15000
2023-11-01,63829.87,63896.05,63550.46,63591.33,6100
2023-11-02,64033.4,64202.64,63815.35,64080.9,6400
2023-11-03,64444.9,64535.19,64275.39,64363.78,16100
2023-11-06,64835.23,64992.54,64617.48,64958.69,8100
2023-11-07,65021.29,65021.29,64638.1,64942.4,7700
2023-11-08,65101.95,65124.0,64851.06,64975.61,6400
2023-11-09,65025.32,65046.56,64768.76,64832.2,11600
2023-11-10,64756.11,65014.06,64580.95,64904.68,11100
2023-11-13,65158.31,65176.96,64853.36,64933.87,7700
2023-11-15,65461.54,65747.65,65373.5,65675.93,7500
2023-11-16,65665.87,66358.37,65507.02,65982.48,11600
2023-11-17,65788.79,66037.69,65639.74,65794.73,10900
2023-11-20,65787.51,65844.01,65547.8,65655.15,7200
2023-11-21,65860.46,66082.36,65849.17,65930.77,5400
2023-11-22,65839.62,66063.43,65664.85,66023.24,4300
2023-11-23,66084.37,66235.24,65980.5,66017.81,7500
2023-11-24,66000.29,66101.64,65894.05,65970.04,10800
2023-11-28,66063.72,66256.2,65906.65,66174.2,5100
2023-11-29,66381.26,66946.28,66374.52,66901.91,8300
2023-11-30,66963.2,67069.89,66610.35,66988.44,11100
2023-12-01,67181.15,67564.33,67149.07,67481.19,21700
2023-12-04,68435.34,68918.22,68274.47,68865.12,30900
2023-12-05,69168.53,69381.31,68954.88,69296.14,9600
2023-12-06,69534.93,69744.62,69395.01,69653.73,10400
2023-12-07,69694.15,69695.33,69320.53,69521.69,26000
2023-12-08,69666.38,69893.8,69506.12,69825.6,18200
2023-12-11,69925.63,70057.83,69782.48,69928.53,12400
2023-12-12,70020.68,70033.64,69443.85,69551.03,7000
2023-12-13,69648.56,69657.93,69100.56,69584.6,7100
2023-12-14,70146.09,70602.89,70110.75,70514.2,12200
2023-12-15,70804.13,71605.76,70655.97,71483.75,25100
2023-12-18,71437.35,71552.24,71142.29,71315.09,12500
2023-12-19,71479.28,71623.71,71071.98,71437.19,8600
2023-12-20,71647.66,71913.07,70302.6,70506.31,13200
2023-12-21,69920.89,70958.71,69920.39,70865.1,8800
2023-12-22,71045.65,71259.55,70713.56,71106.96,15300
2023-12-26,71097.78,71471.29,71012.08,71336.8,7700
2023-12-27,71492.02,72119.85,71473.65,72038.43,9800
2023-12-28,72262.67,72484.34,72137.45,72410.38,7800
2023-12-29,72351.59,72417.01,72082.64,72240.26,19800
2024-01-02,72332.85,72332.85,71613.74,71892.48,300
2024-01-03,71832.62,71862.0,71303.97,71356.6,13600
2024-01-04,71678.93,71954.79,71546.6,71847.57,8900
2024-01-05,72016.71,72156.48,71779.83,72026.15,14900
2024-01-08,72113.25,72181.77,71301.04,71355.22,10900
2024-01-09,71770.91,72035.47,71307.27,71386.21,9500
2024-01-10,71383.2,71733.84,71110.98,71657.71,9400
2024-01-11,71907.75,71999.47,71543.19,71721.18,7800
2024-01-12,72148.07,72720.96,71982.29,72568.45,20400
2024-01-15,73049.87,73402.16,72909.0,73327.94,16000
2024-01-16,73331.95,73427.59,72960.29,73128.77,11200
2024-01-17,71998.93,72484.8,71429.3,71500.76,14100
2024-01-18,71018.86,71451.29,70665.5,71186.86,13000
2024-01-19,71786.74,71895.64,71542.74,71683.23,25500
2024-01-23,71868.2,72039.2,70234.55,70370.55,11400
2024-01-24,70165.49,71149.61,70001.6,71060.31,15600
2024-01-25,71022.1,71049.46,70319.04,70700.67,36700
2024-01-29,70968.1,72010.22,70880.54,71941.57,13900
2024-01-30,72000.2,72142.23,71075.72,71139.9,12900
2024-01-31,71073.04,71851.39,70846.04,71752.11,11000
2024-02-01,71998.78,72151.02,71574.89,71645.3,11500
2024-02-02,71977.56,73089.4,71948.77,72085.63,19400
2024-02-05,72269.12,72385.93,71602.14,71731.42,19900
2024-02-06,71970.82,72261.4,71625.18,72186.09,10500
2024-02-07,72548.5,72559.21,71938.22,72152.0,12800
2024-02-08,72473.42,72473.42,71230.62,71428.43,14500
2024-02-09,71410.29,71676.49,71200.31,71595.49,19000
2024-02-12,71722.31,71756.58,70922.57,71072.49,10700
2024-02-13,71292.08,71662.74,70924.3,71555.19,8100
2024-02-14,71035.25,71938.59,70809.84,71822.83,10700
2024-02-15,72061.47,72164.97,71644.44,72050.38,8200
2024-02-16,72406.02,72545.33,72218.1,72426.64,15200
2024-02-19,72627.6,72881.93,72308.68,72708.16,0
2024-02-20,72727.87,73130.69,72510.24,73057.4,7700
2024-02-21,73267.48,73267.8,72450.56,72623.09,13900
2024-02-22,72677.51,73256.39,72081.36,73158.24,9100
2024-02-23,73394.44,73413.93,73022.0,73142.8,11900
2024-02-26,73044.81,73092.26,72666.82,72790.13,7900
2024-02-27,72723.53,73161.3,72660.13,73095.22,8300
2024-02-28,73162.82,73223.11,72222.29,72304.88,6200
2024-02-29,72220.57,72730.0,72099.32,72500.3,18600
2024-03-01,72606.31,73819.21,72591.14,73745.35,20700
2024-03-04,73903.09,73990.13,73747.01,73872.29,14200
2024-03-05,73767.42,73915.54,73412.25,73677.13,21200
2024-03-06,73587.7,74151.27,73321.48,74085.99,13300
2024-03-07,74242.74,74245.17,73921.48,74119.39,16000
2024-03-11,74175.93,74187.35,73433.91,73502.64,9800
2024-03-12,73516.42,74004.16,73342.12,73667.96,9600
2024-03-13,73993.4,74052.75,72515.71,72761.89,452000
2024-03-14,72570.1,73364.3,72497.19,73097.28,10000
2024-03-15,72886.77,72998.07,72484.82,72643.43,22300
2024-03-18,72587.3,72985.89,72314.16,72748.42,11000
2024-03-19,72462.94,72490.09,71933.35,72012.05,38400
2024-03-20,72036.86,72402.67,71674.42,72101.69,8300
2024-03-21,72507.36,72882.46,72416.03,72641.19,12900
2024-03-22,72231.66,73115.62,72172.09,72831.94,26100
2024-03-26,72396.97,72705.29,72363.03,72470.3,30600
2024-03-27,72692.16,73138.73,72600.73,72996.31,9400
2024-03-28,73149.34,74190.31,73120.33,73651.35,14900
2024-04-01,73968.62,74254.62,73909.39,74014.55,0
2024-04-02,74022.3,74099.78,73743.77,73903.91,6300
2024-04-03,73757.23,74151.21,73540.27,73876.82,7900
2024-04-04,74413.82,74501.73,73485.12,74227.63,10700
2024-04-05,74287.02,74361.11,73946.92,74248.22,11300
2024-04-08,74555.44,74869.3,74410.07,74742.5,8300
2024-04-09,75124.28,75124.28,74603.37,74683.7,41000
2024-04-10,74953.96,75105.14,74807.55,75038.15,7100
2024-04-12,74889.64,74951.88,74189.31,74244.9,15600
2024-04-15,73315.16,73905.8,73315.16,73399.78,12800
2024-04-16,72892.14,73135.43,72685.03,72943.68,9200
2024-04-18,73183.1,73473.05,72365.67,72488.99,12400
2024-04-19,71999.65,73210.17,71816.46,73088.33,16200
2024-04-22,73666.51,73767.8,73227.32,73648.62,11100
2024-04-23,74048.94,74059.89,73688.31,73738.45,6400
2024-04-24,73957.57,74121.61,73788.61,73852.94,6600
2024-04-25,73572.34,74571.25,73556.15,74339.44,11800
2024-04-26,74509.31,74515.91,73616.65,73730.16,13700
2024-04-29,73982.75,74721.15,73922.34,74671.28,9900
2024-04-30,74800.89,75111.39,74346.4,74482.78,8400
2024-05-02,74391.73,74812.43,74360.69,74611.11,18400
2024-05-03,75017.82,75095.18,73467.73,73878.15,15600
2024-05-06,74196.68,74359.69,73786.29,73895.54,11200
2024-05-07,73973.3,74026.8,73259.26,73511.85,7900
2024-05-08,73225.0,73684.93,73073.92,73466.39,6500
2024-05-09,73499.49,73499.49,72334.18,72404.17,9200
2024-05-10,72475.45,72946.54,72366.29,72664.47,11000
2024-05-13,72476.65,72863.56,71866.01,72776.13,13900
2024-05-14,72696.72,73286.26,72683.99,73104.61,7100
2024-05-15,73200.23,73301.47,72822.66,72987.03,7700
2024-05-16,73338.24,73749.47,72529.97,73663.72,9700
2024-05-17,73711.31,74070.84,73459.8,73917.03,11900
2024-05-21,73842.96,74189.19,73762.37,73953.31,11000
2024-05-22,74165.52,74307.79,73860.33,74221.06,6200
2024-05-23,74253.53,75499.91,74158.35,75418.04,11900
2024-05-24,75335.45,75636.5,75244.22,75410.39,10300
2024-05-27,75655.46,76009.68,75175.27,75390.5,10200
2024-05-28,75585.4,75585.4,75083.22,75170.45,6900
2024-05-29,74826.94,74986.22,74454.55,74502.9,8200
2024-05-30,74365.88,74493.55,73668.73,73885.6,11800
2024-05-31,74208.53,74478.89,73765.15,73961.31,19200
2024-06-03,76583.29,76738.89,75678.43,76468.78,19300
2024-06-04,76285.78,76300.46,70234.43,72079.05,39100
2024-06-05,73027.88,74534.82,71879.44,74382.24,17200
2024-06-06,75078.7,75297.73,74474.94,75074.51,13300
2024-06-07,75031.79,76795.31,74941.88,76693.36,29000
2024-06-10,76935.41,77079.04,76379.73,76490.08,17300
2024-06-11,76680.9,76860.53,76296.44,76456.59,6700
2024-06-12,76679.11,77050.53,76533.78,76606.57,9700
2024-06-13,77102.05,77145.46,76719.7,76810.9,7500
2024-06-14,76912.38,77081.3,76549.05,76992.77,12400
2024-06-18,77235.31,77366.77,77071.44,77301.14,7400
2024-06-19,77543.22,77851.63,76954.87,77337.59,11100
2024-06-20,77554.83,77643.09,77100.36,77478.93,8700
2024-06-21,77729.48,77808.45,76802.0,77209.9,23200
2024-06-24,76885.65,77423.02,76745.94,77341.08,13900
2024-06-25,77529.19,78164.71,77459.6,78053.52,8800
2024-06-26,78094.02,78759.4,77945.94,78674.25,8600
2024-06-27,78758.67,79396.03,78467.34,79243.18,9600
2024-06-28,79457.58,79671.58,78905.89,79032.73,17200
2024-07-01,79043.35,79561.0,78971.79,79476.19,0
2024-07-02,79840.37,79855.87,79231.11,79441.45,0
2024-07-03,80013.77,80074.3,79754.95,79986.8,0
2024-07-04,80321.79,80392.64,79986.41,80049.67,8800
2024-07-05,79778.98,80149.87,79478.96,79996.6,16200
2024-07-08,79915.0,80067.46,79731.83,79960.38,14100
2024-07-09,80107.21,80397.17,79998.56,80351.64,6200
2024-07-10,80481.36,80481.36,79435.76,79924.77,9300
2024-07-11,80170.09,80170.09,79464.38,79897.34,8200
2024-07-12,80093.62,80893.51,79843.39,80519.34,18400
2024-07-15,80686.54,80862.54,80556.97,80664.86,16200
2024-07-16,80731.49,80898.3,80598.06,80716.55,8700
2024-07-18,80514.25,81522.55,80390.37,81343.46,9300
2024-07-19,81585.06,81587.76,80499.1,80604.65,16100
2024-07-22,80408.9,80800.92,80100.65,80502.08,11400
2024-07-23,80724.3,80766.41,79224.32,80429.04,13100
2024-07-24,80343.38,80519.58,79750.51,80148.88,9900
2024-07-25,79542.11,80143.1,79477.83,80039.8,9700
2024-07-26,80158.5,81427.18,80013.6,81332.72,18400
2024-07-29,81679.65,81908.43,81135.91,81355.84,19400
2024-07-30,81349.28,81815.27,81230.44,81455.4,10800
2024-07-31,81655.9,81828.04,81434.32,81741.34,6900
2024-08-01,81949.68,82129.49,81700.21,81867.55,14500
2024-08-02,81158.99,81345.6,80868.91,80981.95,19500
2024-08-05,78588.19,79780.61,78295.86,78759.4,25100
2024-08-06,78981.97,79852.08,78496.57,78593.07,8900
2024-08-07,79565.4,79639.2,79106.2,79468.01,8600
2024-08-08,79420.49,79626.92,78798.94,78886.22,8900
2024-08-09,79984.24,79984.24,79549.09,79705.91,8800
2024-08-12,79330.12,80106.18,79226.13,79648.92,10500
2024-08-13,79552.51,79692.55,78889.38,78956.03,7400
2024-08-14,79065.22,79228.94,78895.72,79105.88,10700
2024-08-16,79754.85,80518.21,79306.69,80436.84,13100
2024-08-19,80680.25,80724.4,80332.65,80424.68,10300
2024-08-20,80722.54,80942.96,80517.95,80802.86,6600
2024-08-21,80667.25,80952.83,80626.38,80905.3,5800
2024-08-22,81207.24,81236.45,80954.02,81053.19,5800
2024-08-23,81165.65,81231.49,80883.26,81086.21,10400
2024-08-26,81388.26,81824.27,81278.44,81698.11,16200
2024-08-27,81815.23,81919.11,81600.51,81711.76,5700
2024-08-28,81779.84,82039.26,81578.32,81785.56,5100
2024-08-29,81822.56,82285.83,81682.78,82134.61,8400
2024-08-30,82637.03,82637.03,82256.02,82365.77,10300
2024-09-02,82725.28,82725.28,82440.93,82559.84,9500
2024-09-03,82652.69,82675.06,82400.76,82555.44,4300
2024-09-04,81845.5,82408.54,81833.69,82352.64,9100
2024-09-05,82469.79,82617.49,82130.44,82201.16,7000
2024-09-06,82171.08,82254.79,80981.93,81183.93,14500
2024-09-09,80973.75,81653.36,80895.05,81559.54,7800
2024-09-10,81768.72,82196.55,81445.3,81921.29,5600
2024-09-11,81928.12,82134.95,81423.14,81523.16,7800
2024-09-12,81930.18,83116.19,81534.29,82962.71,8300
2024-09-13,83091.55,83092.93,82653.22,82890.94,12700
2024-09-16,82985.33,83184.34,82832.82,82988.78,6900
2024-09-17,83084.63,83152.41,82866.68,83079.66,9800
2024-09-18,83037.13,83326.38,82700.63,82948.23,5100
2024-09-19,83359.17,83773.61,83071.66,83184.8,6600
2024-09-20,83603.04,84694.46,83187.64,84544.31,28700
2024-09-23,84651.15,84980.53,84607.38,84928.61,11100
2024-09-24,84860.73,85163.23,84716.07,84914.04,8700
2024-09-25,84836.45,85247.42,84743.04,85169.87,13500
2024-09-26,85167.56,85930.43,85106.74,85836.12,9100
2024-09-27,85893.84,85978.25,85474.58,85571.85,9400
2024-09-30,85208.76,85359.65,84257.14,84299.78,11000
2024-10-01,84257.17,84648.4,84098.94,84266.29,6000
2024-10-03,83002.09,83752.81,82434.02,82497.1,19700
2024-10-04,82244.25,83368.32,81532.68,81688.45,19200
2024-10-07,81926.99,82137.77,80726.06,81050.0,17700
2024-10-08,80826.56,81763.28,80813.07,81634.81,7200
2024-10-09,81954.58,82319.21,81342.89,81467.1,7500
2024-10-10,81832.66,82002.84,81538.94,81611.41,7600
2024-10-11,81478.49,81671.38,81304.15,81381.36,8700
2024-10-14,81576.93,82072.17,81541.2,81973.05,7700
2024-10-15,82101.86,82300.44,81635.57,81820.12,5500
2024-10-16,81646.6,81932.15,81358.26,81501.36,5600
2024-10-17,81758.07,81781.4,80905.64,81006.61,6800
2024-10-18,80749.26,81391.15,80409.25,81224.75,9300
2024-10-21,81770.02,81770.02,80811.23,81151.27,7600
2024-10-22,81155.08,81504.24,80149.53,80220.72,5600
2024-10-23,79921.13,80646.31,79891.68,80081.98,6200
2024-10-24,80098.3,80259.82,79813.02,80065.16,4800
2024-10-25,80187.34,80253.19,79137.98,79402.29,13900
2024-10-28,79653.67,80539.81,79418.82,80005.04,10800
2024-10-29,80037.2,80450.48,79421.35,80369.03,9600
2024-10-30,80237.85,80435.61,79821.99,79942.18,5900
2024-10-31,80044.95,80044.95,79287.93,79389.06,9300
2024-11-01,80023.75,80023.75,79655.55,79724.12,2300
2024-11-04,79713.14,79713.14,78232.6,78782.24,9500
2024-11-05,78542.16,79523.13,78296.7,79476.63,8600
2024-11-06,79771.82,80569.73,79459.12,80378.13,20200
2024-11-07,80563.42,80563.42,79419.34,79541.79,8200
2024-11-08,79611.9,79807.26,79117.37,79486.32,10300
2024-11-11,79298.46,80102.14,79001.34,79496.15,16900
2024-11-12,79644.95,79820.98,78547.84,78675.18,6400
2024-11-13,78495.53,78690.02,77533.3,77690.95,7400
2024-11-14,77636.94,78055.52,77424.81,77580.31,10100
2024-11-18,77863.54,77886.97,76965.06,77339.01,8200
2024-11-19,77548.0,78451.65,77411.31,77578.38,7200
2024-11-21,77711.11,77711.11,76802.73,77155.79,8800
2024-11-22,77349.74,79218.19,77226.69,79117.11,17100
2024-11-25,80193.47,80473.08,79765.99,80109.85,14000
2024-11-26,80415.47,80482.36,79798.67,80004.06,10400
2024-11-27,80121.03,80511.15,79844.49,80234.08,5700
2024-11-28,80281.64,80447.4,78918.92,79043.74,7900
2024-11-29,79032.99,79923.9,79026.18,79802.79,8900
2024-12-02,79743.87,80337.82,79308.95,80248.08,7300
2024-12-03,80529.2,80949.1,80244.78,80845.75,9400
2024-12-04,81036.22,81245.39,80630.53,80956.33,7200
2024-12-05,81182.74,82317.74,80467.37,81765.86,7500
2024-12-06,81887.54,81925.91,81506.19,81709.12,8800
2024-12-09,81602.58,81783.28,81411.55,81508.46,6400
2024-12-10,81575.96,81726.34,81182.69,81510.05,5600
2024-12-11,81568.39,81742.37,81383.42,81526.14,6300
2024-12-12,81476.76,81680.97,81211.64,81289.96,7800
2024-12-13,81212.45,82213.92,80082.82,82133.12,11300
2024-12-16,82000.31,82116.44,81551.28,81748.57,5200
2024-12-17,81511.81,81613.64,80612.2,80684.45,4900
2024-12-18,80666.26,80868.02,80050.07,80182.2,4700
2024-12-19,79029.03,79516.17,79020.08,79218.05,6500
2024-12-20,79335.48,79587.15,77874.59,78041.59,9000
2024-12-23,78488.64,78918.12,78189.19,78540.17,10300
2024-12-24,78707.37,78877.36,78397.79,78472.87,6200
2024-12-26,78557.28,78898.37,78173.38,78472.48,5600
2024-12-27,78607.62,79043.15,78598.55,78699.07,7700
2024-12-30,78637.58,79092.7,78077.13,78248.13,8900
2024-12-31,77982.57,78305.34,77560.79,78139.01,6100
2025-01-01,78265.07,78756.49,77898.3,78507.41,5000
2025-01-02,78657.52,80032.87,78542.37,79943.71,8600
2025-01-03,80072.99,80072.99,79109.73,79223.11,10900
2025-01-06,79281.65,79532.67,77781.62,77964.99,11800
2025-01-07,78019.8,78452.74,77925.09,78199.11,9400
2025-01-08,78319.45,78319.45,77486.79,78148.49,10100
2025-01-09,78206.21,78206.21,77542.92,77620.21,6800
2025-01-10,77682.59,77919.7,77099.55,77378.91,8500
2025-01-13,76629.9,77128.35,76249.72,76330.01,13600
2025-01-14,76335.75,76835.61,76335.75,76499.63,16800
2025-01-15,76900.14,76991.05,76479.7,76724.08,12800
2025-01-16,77319.5,77319.5,76895.51,77042.82,8600
2025-01-17,77069.19,77069.19,76263.29,76619.33,9700
2025-01-20,76978.53,77318.94,76584.84,77073.44,11300
2025-01-21,77261.72,77337.36,75641.87,75838.36,32900
2025-01-22,76114.42,76463.13,75816.5,76404.99,16000
2025-01-23,76414.52,76743.54,76202.12,76520.38,11200
2025-01-24,76455.35,76985.95,76091.75,76190.46,7800
2025-01-27,75700.43,75925.72,75267.59,75366.17,9500
2025-01-28,75659.0,76512.96,75622.88,75901.41,13000
2025-01-29,76138.24,76599.73,75975.8,76532.96,10200
2025-01-30,76598.84,76962.88,76401.13,76759.81,18500
2025-01-31,76888.89,77605.96,76833.87,77500.57,12600
2025-02-03,77063.94,77260.37,76756.09,77186.74,11400
2025-02-04,77687.6,78658.59,77402.37,78583.81,11800
2025-02-05,78704.6,78735.41,78216.25,78271.28,8000
2025-02-06,78513.36,78551.66,77843.99,78058.16,8000
2025-02-07,78119.6,78356.98,77475.74,77860.19,10900
2025-02-10,77789.3,77849.58,77106.89,77311.8,7000
2025-02-11,77384.98,77387.28,76030.59,76293.6,9800
2025-02-12,76188.24,76459.72,75388.39,76171.08,10400
2025-02-13,76201.1,76764.53,76013.43,76138.97,6900
2025-02-14,76388.99,76483.06,75439.64,75939.21,9300
2025-02-17,75641.41,76041.96,75294.76,75996.86,8100
2025-02-18,76073.71,76091.69,75531.01,75967.39,8600
2025-02-19,75787.27,76338.58,75581.38,75939.18,5100
2025-02-20,75672.84,75794.15,75463.01,75735.96,6900
2025-02-21,75612.61,75748.72,75112.41,75311.06,12700
2025-02-24,74893.45,74907.04,74387.44,74454.41,6400
2025-02-25,74440.3,74785.08,74400.37,74602.12,10700
2025-02-27,74706.6,74834.09,74520.78,74612.43,6700
2025-02-28,74201.77,74282.43,73141.27,73198.1,9100
2025-03-03,73427.65,73649.72,72784.54,73085.94,10100
2025-03-04,72817.34,73033.18,72633.54,72989.93,6200
2025-03-05,73005.37,73933.8,72894.05,73730.23,9300
2025-03-06,74308.3,74390.8,73415.68,74340.09,10100
2025-03-07,74347.14,74586.43,74038.03,74332.58,6900
2025-03-10,74474.98,74741.25,74022.24,74115.17,6600
2025-03-11,73743.88,74195.17,73663.6,74102.32,11700
2025-03-12,74270.81,74392.15,73598.16,74029.76,13800
2025-03-13,74392.54,74401.11,73770.59,73828.91,9900
2025-03-17,73830.03,74376.35,73796.06,74169.95,7400
2025-03-18,74608.66,75385.76,74480.15,75301.26,14500
2025-03-19,75473.17,75568.38,75201.48,75449.05,12200
2025-03-20,75917.11,76456.25,75684.58,76348.06,9100
2025-03-21,76155.0,77041.94,76095.26,76905.51,8500
2025-03-24,77456.27,78107.23,77179.35,77984.38,10100
2025-03-25,78296.28,78741.69,77745.63,78017.19,12700
2025-03-26,78021.45,78167.87,77194.22,77288.5,10500
2025-03-27,77087.39,77747.46,77082.51,77606.43,12700
2025-03-28,77690.69,77766.7,77185.62,77414.92,16700
2025-04-01,76882.58,77487.05,75912.18,76024.51,10600
2025-04-02,76146.28,76680.35,76064.94,76617.44,10800
2025-04-03,75811.86,76493.74,75807.55,76295.36,6900
2025-04-04,76160.09,76258.12,75240.55,75364.69,11700
2025-04-07,71449.94,73403.99,71425.01,73137.9,29400
2025-04-08,74013.73,74859.39,73424.92,74227.08,17100
2025-04-09,74103.83,74103.83,73673.06,73847.15,9100
2025-04-11,74835.49,75467.33,74762.84,75157.26,14200
2025-04-15,76852.06,76907.63,76435.07,76734.89,12900
2025-04-16,76996.78,77110.23,76543.77,77044.29,9500
2025-04-17,76968.02,78616.77,76665.77,78553.2,11100
2025-04-21,78903.09,79635.05,78776.06,79408.5,12600
2025-04-22,79728.39,79824.3,79253.44,79595.59,14800
2025-04-23,80142.09,80254.55,79506.9,80116.49,12000
2025-04-24,80058.43,80173.92,79724.55,79801.43,8200
2025-04-25,79830.15,80130.66,78605.81,79212.53,13200
2025-04-28,79343.63,80321.88,79341.35,80218.37,8500
2025-04-29,80396.92,80661.31,80122.02,80288.38,16200
2025-04-30,80370.8,80525.61,79879.15,80242.24,12200
2025-05-02,80300.19,81177.93,80168.59,80501.99,12700
2025-05-05,80661.62,81049.03,80657.71,80796.84,8800
2025-05-06,80907.24,80981.58,80481.03,80641.07,12500
2025-05-07,79948.8,80844.63,79937.48,80746.78,8800
2025-05-08,80912.34,80927.99,79987.61,80334.81,10600
2025-05-09,78968.34,80032.93,78968.34,79454.47,8800
2025-05-12,80803.8,82495.97,80651.07,82429.9,10700
2025-05-13,82249.6,82572.81,81043.69,81148.22,16200
2025-05-14,81278.49,81691.87,80910.03,81330.56,15200
2025-05-15,81354.43,82718.14,80762.16,82530.74,12600
2025-05-16,82392.63,82514.81,82146.95,82330.59,15300
2025-05-19,82354.92,82424.1,81964.57,82059.42,8100
2025-05-20,82116.17,82250.42,81153.7,81186.44,10500
2025-05-21,81327.61,82021.64,81237.06,81596.63,5800
2025-05-22,81323.05,81323.24,80489.92,80951.99,10700
2025-05-23,80897.0,81905.17,80897.0,81721.08,12000
2025-05-26,81928.95,82492.24,81867.23,82176.45,10200
2025-05-27,82038.2,82410.52,81121.7,81551.63,20700
2025-05-28,81457.61,81613.36,81244.02,81312.32,24100
2025-05-29,81591.03,81816.89,81106.98,81633.02,6800
2025-05-30,81465.69,81698.21,81286.45,81451.01,12600
2025-06-02,81214.42,81474.26,80654.26,81373.75,9900
2025-06-03,81492.5,81774.23,80575.09,80737.51,32000
2025-06-04,80777.65,81087.29,80705.18,80998.25,7500
2025-06-05,81196.08,81911.13,80983.73,81442.04,9800
2025-06-06,81434.24,82299.89,81140.11,82188.99,12400
2025-06-09,82574.55,82669.0,82369.24,82445.21,11500
2025-06-10,82643.73,82680.79,82240.4,82391.72,15100
2025-06-11,82473.02,82783.51,82308.91,82515.14,11300
2025-06-12,82571.67,82661.04,81523.16,81691.98,6000
2025-06-13,80427.81,81238.68,80354.59,81118.6,6600
2025-06-16,81034.45,81865.82,81012.31,81796.15,11400
2025-06-17,81869.47,81890.15,81427.01,81583.3,21500
2025-06-18,81314.62,81858.97,81237.01,81444.66,11300
2025-06-19,81403.94,81583.94,81191.04,81361.87,12500
2025-06-20,81354.85,82494.49,81323.2,82408.17,6700
2025-06-23,81704.07,82169.67,81476.76,81896.79,8000
2025-06-24,82534.61,83018.16,81900.12,82055.11,119300
2025-06-25,82448.8,82815.91,82339.57,82755.51,7500
2025-06-26,82882.92,83812.09,82816.26,83755.87,10500
2025-06-27,83774.45,84089.35,83645.41,84058.9,8600
2025-06-30,84027.33,84099.53,83482.13,83606.46,6200
2025-07-01,83685.66,83874.29,83572.51,83697.29,19100
2025-07-02,83790.72,83935.01,83150.77,83409.69,10600
2025-07-03,83540.74,83850.09,83186.74,83239.47,9600
2025-07-04,83306.81,83477.86,83015.83,83432.89,8800
2025-07-07,83398.08,83516.82,83262.23,83442.5,6200
2025-07-08,83387.03,83812.31,83320.95,83712.51,15300
2025-07-09,83625.89,83781.36,83382.28,83536.08,7800
2025-07-10,83658.2,83742.28,83134.97,83190.28,7500
2025-07-11,82820.76,83040.74,82442.25,82500.47,10700
2025-07-14,82537.87,82537.87,82010.38,82253.46,18100
2025-07-15,82233.16,82743.62,82221.74,82570.91,9900
2025-07-16,82534.66,82784.75,82342.94,82634.48,7600
2025-07-17,82753.53,82757.09,82219.27,82259.24,8800
2025-07-18,82193.62,82334.75,81608.13,81757.73,8300
2025-07-21,81918.53,82274.03,81518.66,82200.34,15300
2025-07-22,82527.43,82538.17,82110.63,82186.81,23900
2025-07-23,82451.87,82786.43,82279.73,82726.64,10100
2025-07-24,82779.95,82784.24,82047.22,82184.17,14000
2025-07-25,82065.76,82069.51,81397.69,81463.09,10000
2025-07-28,81299.97,81557.41,80776.44,80891.02,5100
2025-07-29,80620.25,81429.88,80575.45,81337.95,12300
2025-07-30,81594.52,81618.96,81187.06,81481.86,7200
2025-07-31,80695.5,81803.27,80695.15,81185.58,9700
2025-08-01,81074.41,81317.51,80495.57,80599.91,14700
2025-08-04,80765.83,81093.19,80500.51,81018.72,9900
2025-08-05,80946.43,81010.49,80554.4,80710.25,10900
2025-08-06,80694.98,80834.43,80448.82,80543.99,5300
2025-08-07,80262.98,80737.55,79811.29,80623.26,37500
2025-08-08,80478.01,80550.4,79775.84,79857.79,23200
2025-08-11,79885.36,80636.05,79772.46,80604.08,8600
2025-08-12,80508.51,80997.67,80164.36,80235.59,10300
2025-08-13,80492.17,80683.74,80319.0,80539.91,12300
2025-08-14,80625.28,80751.18,80489.86,80597.66,7200
2025-08-18,81315.79,81765.77,81202.42,81273.75,19300
2025-08-19,81319.11,81755.88,81315.44,81644.39,10900
2025-08-20,81671.47,81985.62,81494.5,81857.84,9400
2025-08-21,82220.46,82231.17,81921.22,82000.71,10100
2025-08-22,81951.48,81993.61,81291.77,81306.85,6700
2025-08-25,81501.06,81799.06,81364.86,81635.91,9700
2025-08-26,81377.39,81450.28,80685.98,80786.54,20500
2025-08-28,80754.66,80775.71,80013.02,80080.57,7800
2025-08-29,80010.83,80310.74,79741.76,79809.65,12500
2025-09-01,79828.99,80406.84,79818.38,80364.49,6000
2025-09-02,80520.09,80761.14,80008.5,80157.88,8200
2025-09-03,80295.99,80671.28,80004.6,80567.71,17100
2025-09-04,81456.67,81456.67,80608.94,80718.01,17000
2025-09-05,81012.42,81036.56,80321.19,80710.76,8200
2025-09-08,80904.4,81171.38,80733.07,80787.3,8700
2025-09-09,81129.69,81181.37,80927.97,81101.32,6300
2025-09-10,81504.36,81643.88,81235.42,81425.15,11800
2025-09-11,81217.3,81642.22,81216.91,81548.73,13500
2025-09-12,81758.95,81992.85,81641.38,81904.7,11100
2025-09-15,81925.51,81998.51,81744.7,81785.74,10500
2025-09-16,81852.11,82443.48,81779.94,82380.69,8200
2025-09-17,82506.4,82741.95,82490.47,82693.71,14600
2025-09-18,83108.92,83141.21,82704.92,83013.96,14600
2025-09-19,82946.04,82978.63,82485.92,82626.23,9700
2025-09-22,82151.07,82583.16,81997.29,82159.97,10300
2025-09-23,82147.37,82370.38,81776.53,82102.1,9300
2025-09-24,81917.65,82045.47,81607.84,81715.63,15100
2025-09-25,81574.31,81840.73,81092.89,81159.68,14800
2025-09-26,80956.01,81033.09,80332.41,80426.46,10700
2025-09-29,80588.77,80851.38,80248.84,80364.94,8600
2025-09-30,80541.77,80677.82,80201.15,80267.62,7100
2025-10-01,80173.24,81068.43,80159.9,80983.31,22300
2025-10-03,80684.14,81251.99,80649.57,81207.17,13600
2025-10-06,81274.79,81846.42,81155.88,81790.12,8800
2025-10-07,81883.95,82309.56,81787.48,81926.75,13900
2025-10-08,81899.51,82257.74,81646.08,81773.66,15200
2025-10-09,81900.0,82247.73,81667.68,82172.1,23200
2025-10-10,82075.45,82654.11,82072.93,82500.82,13700
2025-10-13,82049.16,82438.5,82043.14,82327.05,9000
2025-10-14,82404.54,82573.37,81781.62,82029.98,12600
2025-10-15,82197.25,82727.02,82084.37,82605.43,10600
2025-10-16,82794.79,83615.48,82791.35,83467.66,27400
2025-10-17,83331.78,84172.24,83206.08,83952.19,14300
2025-10-20,84269.3,84656.56,84196.79,84363.37,10900
2025-10-21,84484.67,84665.44,84286.4,84426.34,3400
2025-10-23,85154.15,85290.06,84445.25,84556.4,25700
2025-10-24,84667.23,84707.44,83957.15,84211.88,13600
2025-10-27,84297.39,84932.08,84294.2,84778.84,12000
2025-10-28,84625.71,84986.94,84219.39,84628.16,12900
2025-10-29,84663.68,85105.83,84638.68,84997.13,13600
2025-10-30,84750.9,84906.95,84312.65,84404.46,14200
2025-10-31,84379.79,84712.79,83905.66,83938.71,13300
2025-11-03,83835.1,84127.0,83609.54,83978.49,1300
2025-11-04,84000.64,84068.01,83412.77,83459.15,9500
2025-11-06,83516.69,83846.35,83237.65,83311.01,17900
2025-11-07,83150.15,83390.11,82670.95,83216.28,15900
2025-11-10,83198.2,83754.49,83197.67,83535.35,11900
2025-11-11,83671.52,83936.47,83124.03,83871.32,16500
2025-11-12,84238.86,84652.01,84166.75,84466.51,9100
2025-11-13,84525.89,84919.43,84253.05,84478.67,25600
2025-11-14,84060.14,84697.87,84029.32,84562.78,8800
2025-11-17,84700.5,84988.09,84581.08,84950.95,10500
2025-11-18,85042.37,85042.41,84558.36,84673.02,10700
2025-11-19,84643.78,85236.77,84525.98,85186.47,8900
2025-11-20,85470.92,85801.7,85201.22,85632.68,24300
2025-11-21,85347.4,85609.4,85187.84,85231.92,14200
2025-11-24,85320.04,85473.47,84710.11,84900.71,9600
2025-11-25,85008.93,85110.24,84536.73,84587.01,6200
2025-11-26,84503.44,85644.19,84478.13,85609.51,13800
2025-11-27,85745.05,86055.86,85473.85,85720.38,15800
2025-11-28,85791.55,85969.89,85577.82,85706.67,6400
2025-12-01,86065.92,86159.02,85489.65,85641.9,8500
2025-12-02,85325.51,85553.51,85053.0,85138.27,5800
2025-12-03,85150.64,85269.68,84763.64,85106.81,17400
2025-12-04,84987.56,85487.21,84949.98,85265.32,17900
2025-12-05,85125.48,85796.72,85078.12,85712.37,7900
2025-12-08,85624.84,85722.97,84875.59,85102.69,10700
2025-12-09,84742.87,84947.89,84382.96,84666.28,8500
2025-12-10,84607.49,85020.34,84313.62,84391.27,8800
2025-12-11,84456.75,84906.93,84150.19,84818.13,15800
2025-12-12,85051.03,85320.82,84956.74,85267.66,8200
2025-12-15,84891.75,85278.63,84840.32,85213.36,10600
2025-12-16,85025.61,85059.96,84620.61,84679.86,9600
2025-12-17,84856.26,84889.45,84415.98,84559.65,11200
2025-12-18,84518.33,84780.19,84238.43,84481.81,15000
2025-12-19,84756.79,85067.5,84734.96,84929.36,8100
2025-12-22,85145.9,85601.33,85145.86,85567.48,6100
2025-12-23,85690.1,85704.93,85342.99,85524.84,6100
2025-12-24,85533.11,85738.18,85342.19,85408.7,8400
2025-12-26,85225.28,85378.51,84937.82,85041.45,4800
2025-12-29,85004.75,85250.0,84637.86,84695.54,53300
2025-12-30,84600.99,84806.99,84470.94,84675.08,6900
2025-12-31,84793.58,85437.17,84705.57,85220.6,11600
2026-01-01,85255.55,85451.7,85101.52,85188.6,20600
2026-01-02,85259.36,85812.27,85068.88,85762.01,17900
2026-01-05,85640.05,85883.5,85315.33,85439.62,12600
2026-01-06,85331.14,85397.78,84900.1,85063.34,23300
2026-01-07,84620.4,85075.99,84617.49,84961.14,19200
2026-01-08,84778.02,84965.27,84110.1,84180.96,26300
2026-01-09,84022.09,84406.22,83402.28,83576.24,12500
2026-01-12,83435.31,83962.33,82861.07,83878.17,9300
2026-01-13,84079.32,84258.03,83262.79,83627.69,14200
2026-01-14,83358.54,83809.98,83185.2,83382.71,14100
2026-01-16,83670.79,84134.97,83456.5,83570.35,22800
2026-01-19,83494.49,83539.93,82898.31,83246.18,14200
2026-01-20,83207.38,83254.28,82010.58,82180.47,13000
2026-01-21,81794.65,82407.05,81124.45,81909.63,13200
2026-01-22,82459.66,82783.18,81874.39,82307.37,26500
2026-01-23,82335.94,82516.27,81471.82,81537.7,19700
2026-01-27,81436.79,82084.92,81088.59,81857.48,27000
2026-01-28,81892.36,82503.97,81814.75,82344.68,33200
2026-01-29,82368.96,82689.96,81707.94,82566.37,23500
2026-01-30,81947.31,82430.82,81941.03,82269.78,13900
2026-02-02,80555.68,81732.25,80387.25,81666.46,12300
2026-02-03,85323.2,85871.73,83501.22,83739.13,19800
2026-02-04,83252.06,83947.53,83119.95,83817.69,19900
2026-02-05,83757.54,83784.17,83151.62,83313.93,25000
2026-02-06,83249.32,83612.12,82925.35,83580.4,16100
2026-02-09,84177.51,84314.68,83860.42,84065.75,14600
2026-02-10,84210.0,84482.95,84063.47,84273.92,45500
2026-02-11,84339.15,84487.34,84081.25,84233.64,23900
2026-02-12,83968.43,84061.62,83516.67,83674.92,36800
2026-02-13,82902.73,83079.7,82534.55,82626.76,30200
2026-02-16,82480.4,83333.49,82276.95,83277.15,33800
2026-02-17,83197.67,83598.0,82987.43,83450.96,13400
2026-02-18,83553.59,83770.05,83163.62,83734.25,20800
2026-02-19,83969.82,83979.36,82264.2,82498.14,13400
2026-02-20,82272.49,83132.08,82206.21,82814.71,19600
2026-02-23,82906.83,83486.15,82906.83,83294.66,20300
2026-02-24,83052.54,83079.51,81934.73,82225.92,20200
2026-02-25,82530.12,82957.91,82132.63,82276.07,19200
2026-02-26,82418.78,82579.16,81970.47,82248.61,122500
2026-02-27,82220.48,82246.17,81159.15,81287.19,15800
2026-03-02,78543.73,80632.55,78543.73,80238.85,30600
2026-03-04,78528.82,79527.41,78443.2,79116.19,21800
2026-03-05,79530.48,80303.83,79201.69,80015.9,22200
2026-03-06,79658.99,79753.03,78812.18,78918.9,18100
2026-03-09,77056.75,77711.35,76424.55,77566.16,16600
2026-03-10,78375.73,78526.25,77745.47,78205.98,22000
2026-03-11,78238.91,78324.37,76759.26,76863.71,16400
2026-03-12,76369.65,76681.71,75871.18,76034.42,22700
2026-03-13,75444.22,75576.2,74454.6,74563.92,18500
2026-03-16,74415.79,75805.27,73949.76,75502.85,16700
2026-03-17,75826.68,76304.26,75324.73,76070.84,35200
2026-03-18,76367.55,77000.22,76187.92,76704.13,19300
2026-03-19,74750.92,75354.18,73950.95,74207.24,31000
2026-03-20,74559.38,75286.39,74385.04,74532.96,19000
2026-03-23,73732.58,73732.58,72558.44,72696.39,19300
2026-03-24,74212.47,74489.39,73084.46,74068.45,20700
2026-03-25,74652.01,75849.76,74550.47,75273.45,31000
2026-03-27,74883.79,74904.91,73534.41,73583.22,28800
2026-03-30,72565.22,73165.32,71774.13,71947.55,26600
2026-04-01,73762.43,73964.58,72971.68,73134.32,20600
2026-04-02,72262.05,73568.54,71545.81,73319.55,33000
2026-04-06,73477.53,74207.46,72728.66,74106.85,14000
2026-04-07,73734.36,74686.32,73282.41,74616.58,13400
2026-04-08,77290.63,77635.54,77042.15,77562.9,27600
2026-04-09,77319.33,77429.33,76347.9,76631.65,35500
2026-04-10,77121.01,77622.5,76851.16,77550.25,16200
2026-04-13,75937.16,77063.41,75868.32,76847.57,19300
2026-04-15,77981.1,78270.42,77849.52,78111.24,15800
2026-04-16,78677.56,78730.32,77674.93,77988.68,33900
2026-04-17,77976.13,78553.45,77726.23,78493.54,14200
2026-04-20,78632.9,78942.45,78203.3,78520.3,13200
2026-04-21,78617.16,79367.08,78522.96,79273.33,10900
2026-04-22,79019.34,79031.03,78442.3,78516.49,16900
2026-04-23,77983.66,78178.54,77574.18,77664.0,24900
2026-04-24,77483.8,77710.82,76403.87,76664.21,14100
2026-04-27,76856.05,77420.04,76754.2,77303.63,21200
2026-04-28,77094.79,77493.53,76741.06,76886.91,16800
2026-04-29,77245.83,77982.51,77136.2,77496.36,17900
2026-04-30,77014.21,77254.33,76258.86,76913.5,27900
2026-05-04,77257.27,77910.75,76939.54,77269.4,69200
2026-05-05,77103.72,77151.33,76515.03,77017.79,14500
2026-05-06,77424.36,78022.78,76773.25,77958.52,15000
2026-05-07,78339.24,78384.7,77713.21,77844.52,21500
2026-05-08,77631.94,77647.44,77146.43,77328.19,13200
2026-05-11,76638.09,76678.52,75957.4,76015.28,23900
2026-05-12,75688.39,75741.96,74449.5,74559.24,15200
2026-05-13,74439.34,75191.57,74134.48,74608.98,18200
2026-05-14,74947.12,75681.88,74526.77,75398.72,35800
2026-05-15,75497.1,75870.36,75139.41,75237.99,15200
2026-05-18,74807.97,75466.6,74180.26,75315.04,16100
2026-05-19,75441.27,75746.27,75115.99,75200.85,13100
2026-05-20,74806.49,75406.18,74529.41,75318.39,11500
2026-05-21,75732.42,75945.79,74996.78,75183.36,20600
2026-05-22,75260.39,75810.97,75230.75,75415.35,9400
2026-05-25,76135.82,76559.07,76097.02,76488.96,11600
2026-05-26,76224.14,76627.04,75909.68,76009.7,11500
2026-05-27,75939.86,76224.68,75748.21,75867.8,26000
2026-05-29,75988.51,76220.02,74589.11,74775.74,19500
2026-06-01,75203.02,75367.93,74203.68,74267.34,13500
2026-06-02,73945.2,74862.19,73815.12,74649.84,19300
2026-06-03,74507.73,74515.65,73492.6,74346.17,14900
2026-06-04,73935.83,74544.24,73807.3,74360.01,19200
2026-06-05,74629.94,74717.57,73988.75,74243.34,18000
2026-06-08,73421.61,73934.35,73318.94,73524.26,17600
2026-06-09,74035.41,74035.41,73426.18,73918.76,12100
2026-06-10,73988.27,74613.01,73897.57,73983.18,16700
2026-06-11,73615.99,74394.34,73518.75,73832.55,27500
2026-06-12,74709.27,75608.02,74453.39,75527.95,16100
2026-06-15,76725.27,76821.07,76140.44,76264.33,18500
2026-06-16,76526.77,76846.74,76443.34,76808.48,12700
2026-06-17,77080.09,77218.99,76768.49,77155.62,17800
2026-06-18,77131.66,77492.33,76953.0,77409.98,17900
2026-06-19,76852.86,76901.65,76469.72,76802.9,18000
2026-06-22,77160.67,77325.56,77008.02,77094.07,13400
2026-06-23,77086.05,77194.83,76082.51,76200.68,12200
2026-06-24,76229.76,77190.37,76121.59,76991.22,19800
2026-06-25,77391.07,77803.18,76993.16,77100.47,47500
2026-06-29,77055.21,77252.78,76621.75,76728.37,18900
2026-06-30,77005.51,77037.36,76329.39,76478.67,23400
2026-07-01,76545.21,77110.08,76538.37,76922.64,18800
2026-07-02,77083.14,77578.93,77063.95,77502.12,22600
2026-07-03,78152.34,78157.52,77710.01,77763.91,20900
2026-07-06,77940.9,78398.06,77879.7,78285.07,23600
2026-07-07,78461.16,78664.92,78031.04,78180.72,16700
2026-07-08,77816.45,77851.18,76259.03,76503.6,13800
2026-07-09,76576.14,77326.65,76576.14,76741.82,33500
2026-07-10,77395.63,77642.23,77320.56,77569.39,12300
2026-07-13,76963.35,77789.29,76857.43,77616.4,17000
2026-07-14,77272.34,77402.79,77001.48,77054.94,15700
2026-07-15,77192.76,77646.27,76982.82,77185.43,11400
2026-07-16,77388.42,77579.69,77086.42,77186.87,25600
2026-07-17,77370.77,78282.55,77308.0,78151.45,14600
2026-07-20,78151.45,78151.45,77368.29,77708.52,15000
2026-07-21,77649.63,77753.18,77337.33,77470.11,16500
2026-07-22,77384.95,77384.95,76641.19,76755.05,13200
2026-07-23,76515.1,76726.66,76151.98,76391.39,22500
2026-07-24,75708.19,76210.95,75474.43,76059.77,21400
2026-07-27,76608.98,76901.51,76517.85,76835.78,14500
2026-07-28,76831.75,76988.48,76672.77,76765.92,18700
2026-07-29,77423.77,77765.49,77333.24,77654.6,22100
2026-07-30,77638.86,78007.09,77440.91,77928.15,24100
2026-07-31,77998.66,78272.25,77809.93,78094.64,15900
2026-08-03,78883.34,78895.1,78497.34,78639.03,21000
2026-08-04,79132.97,79143.15,78211.87,78428.95,11400
2026-08-05,79055.38,79055.38,78285.74,78581.0,14300
2026-08-06,78782.43,78954.76,78633.73,78954.76,23000
2026-08-07,78516.08,78757.4,78377.07,78499.17,13900
2026-08-10,78501.59,78676.98,78298.92,78542.44,28400
2026-08-11,78509.77,78509.77,78048.26,78154.25,17900
2026-08-12,78263.33,78263.33,77497.93,77966.35,13700
2026-08-13,78111.91,78119.39,77665.89,78079.96,26900
2026-08-14,77903.43,78048.91,77684.37,78009.25,13700
2026-08-17,77892.92,77928.68,77453.75,77728.16,8800
2026-08-18,77418.97,77575.21,77234.36,77235.46,8700
2026-08-19,77218.05,77347.81,76822.89,76909.68,10100
2026-08-20,77468.45,77611.11,77371.0,77537.72,17400
2026-08-21,77701.07,77725.67,77445.86,77540.83,15000
2026-08-24,77629.56,77789.4,77201.66,77369.11,8700
2026-08-25,77295.49,77666.39,77125.91,77656.09,6600
2026-08-26,77892.1,77986.84,77472.94,77472.94,10800
2026-08-27,77576.76,77694.97,76933.59,76933.59,22400
